source,dataset,tool,criterion,intersection,union,archived_intersection,archived_union,match
analysis_2/results/all_variants/merged_results.tsv,clingen_28012026,InterVar_2018,PVS1,522,2481,522,2483,False
analysis_2/results/all_variants/merged_results.tsv,clingen_28012026,InterVar_2018,PS1,4,143,4,143,True
analysis_2/results/all_variants/merged_results.tsv,clingen_28012026,InterVar_2018,PS2,0,341,0,341,True
analysis_2/results/all_variants/merged_results.tsv,clingen_28012026,InterVar_2018,PS3,0,1372,0,1372,True
analysis_2/results/all_variants/merged_results.tsv,clingen_28012026,InterVar_2018,PS4,0,2074,0,2074,True
analysis_2/results/all_variants/merged_results.tsv,clingen_28012026,InterVar_2018,PM1,985,4558,985,4666,False
analysis_2/results/all_variants/merged_results.tsv,clingen_28012026,InterVar_2018,PM2,4673,9375,4673,9518,False
analysis_2/results/all_variants/merged_results.tsv,clingen_28012026,InterVar_2018,PM3,0,2206,0,2206,True
analysis_2/results/all_variants/merged_results.tsv,clingen_28012026,InterVar_2018,PM4,12,208,12,208,True
analysis_2/results/all_variants/merged_results.tsv,clingen_28012026,InterVar_2018,PM5,56,1241,56,1241,True
analysis_2/results/all_variants/merged_results.tsv,clingen_28012026,InterVar_2018,PM6,0,236,0,236,True
analysis_2/results/all_variants/merged_results.tsv,clingen_28012026,InterVar_2018,PP1,0,1327,0,1327,True
analysis_2/results/all_variants/merged_results.tsv,clingen_28012026,InterVar_2018,PP2,47,1037,47,1058,False
analysis_2/results/all_variants/merged_results.tsv,clingen_28012026,InterVar_2018,PP3,2813,5195,2813,5306,False
analysis_2/results/all_variants/merged_results.tsv,clingen_28012026,InterVar_2018,PP4,0,3759,0,3759,True
analysis_2/results/all_variants/merged_results.tsv,clingen_28012026,InterVar_2018,PP5,0,1559,0,1568,False
analysis_2/results/all_variants/merged_results.tsv,clingen_28012026,InterVar_2018,BA1,104,1005,104,1005,True
analysis_2/results/all_variants/merged_results.tsv,clingen_28012026,InterVar_2018,BS1,59,1036,59,1039,False
analysis_2/results/all_variants/merged_results.tsv,clingen_28012026,InterVar_2018,BS2,0,701,0,701,True
analysis_2/results/all_variants/merged_results.tsv,clingen_28012026,InterVar_2018,BS3,0,277,0,277,True
analysis_2/results/all_variants/merged_results.tsv,clingen_28012026,InterVar_2018,BS4,0,30,0,30,True
analysis_2/results/all_variants/merged_results.tsv,clingen_28012026,InterVar_2018,BP1,44,965,44,980,False
analysis_2/results/all_variants/merged_results.tsv,clingen_28012026,InterVar_2018,BP2,0,211,0,211,True
analysis_2/results/all_variants/merged_results.tsv,clingen_28012026,InterVar_2018,BP3,0,20,0,20,True
analysis_2/results/all_variants/merged_results.tsv,clingen_28012026,InterVar_2018,BP4,780,2581,780,2599,False
analysis_2/results/all_variants/merged_results.tsv,clingen_28012026,InterVar_2018,BP5,0,228,0,228,True
analysis_2/results/all_variants/merged_results.tsv,clingen_28012026,InterVar_2018,BP6,0,710,0,729,False
analysis_2/results/all_variants/merged_results.tsv,clingen_28012026,InterVar_2018,BP7,508,1228,508,1235,False
analysis_2/results/all_variants/merged_results.tsv,clingen_28012026,InterVar_2025,PVS1,1132,2516,1132,2520,False
analysis_2/results/all_variants/merged_results.tsv,clingen_28012026,InterVar_2025,PS1,7,153,7,153,True
analysis_2/results/all_variants/merged_results.tsv,clingen_28012026,InterVar_2025,PS2,0,341,0,341,True
analysis_2/results/all_variants/merged_results.tsv,clingen_28012026,InterVar_2025,PS3,0,1372,0,1372,True
analysis_2/results/all_variants/merged_results.tsv,clingen_28012026,InterVar_2025,PS4,0,2075,0,2075,True
analysis_2/results/all_variants/merged_results.tsv,clingen_28012026,InterVar_2025,PM1,1034,5555,1034,5730,False
analysis_2/results/all_variants/merged_results.tsv,clingen_28012026,InterVar_2025,PM2,423,8132,423,8144,False
analysis_2/results/all_variants/merged_results.tsv,clingen_28012026,InterVar_2025,PM3,0,2206,0,2206,True
analysis_2/results/all_variants/merged_results.tsv,clingen_28012026,InterVar_2025,PM4,14,209,14,209,True
analysis_2/results/all_variants/merged_results.tsv,clingen_28012026,InterVar_2025,PM5,142,1377,142,1377,True
analysis_2/results/all_variants/merged_results.tsv,clingen_28012026,InterVar_2025,PM6,0,236,0,236,True
analysis_2/results/all_variants/merged_results.tsv,clingen_28012026,InterVar_2025,PP1,0,1327,0,1327,True
analysis_2/results/all_variants/merged_results.tsv,clingen_28012026,InterVar_2025,PP2,52,1595,52,1616,False
analysis_2/results/all_variants/merged_results.tsv,clingen_28012026,InterVar_2025,PP3,3325,5976,3325,6104,False
analysis_2/results/all_variants/merged_results.tsv,clingen_28012026,InterVar_2025,PP4,0,3759,0,3759,True
analysis_2/results/all_variants/merged_results.tsv,clingen_28012026,InterVar_2025,PP5,0,3764,0,3764,True
analysis_2/results/all_variants/merged_results.tsv,clingen_28012026,InterVar_2025,BA1,138,1005,138,1005,True
analysis_2/results/all_variants/merged_results.tsv,clingen_28012026,InterVar_2025,BS1,514,8628,514,8860,False
analysis_2/results/all_variants/merged_results.tsv,clingen_28012026,InterVar_2025,BS2,0,701,0,701,True
analysis_2/results/all_variants/merged_results.tsv,clingen_28012026,InterVar_2025,BS3,0,277,0,277,True
analysis_2/results/all_variants/merged_results.tsv,clingen_28012026,InterVar_2025,BS4,0,30,0,30,True
analysis_2/results/all_variants/merged_results.tsv,clingen_28012026,InterVar_2025,BP1,49,2760,49,2849,False
analysis_2/results/all_variants/merged_results.tsv,clingen_28012026,InterVar_2025,BP2,0,211,0,211,True
analysis_2/results/all_variants/merged_results.tsv,clingen_28012026,InterVar_2025,BP3,0,20,0,20,True
analysis_2/results/all_variants/merged_results.tsv,clingen_28012026,InterVar_2025,BP4,919,2638,919,2661,False
analysis_2/results/all_variants/merged_results.tsv,clingen_28012026,InterVar_2025,BP5,0,228,0,228,True
analysis_2/results/all_variants/merged_results.tsv,clingen_28012026,InterVar_2025,BP6,0,2080,0,2081,False
analysis_2/results/all_variants/merged_results.tsv,clingen_28012026,InterVar_2025,BP7,629,1277,629,1285,False
analysis_2/results/all_variants/merged_results.tsv,clingen_28012026,BIAS,PVS1,2210,2810,2210,2822,False
analysis_2/results/all_variants/merged_results.tsv,clingen_28012026,BIAS,PS1,5,398,5,398,True
analysis_2/results/all_variants/merged_results.tsv,clingen_28012026,BIAS,PS2,0,341,0,341,True
analysis_2/results/all_variants/merged_results.tsv,clingen_28012026,BIAS,PS3,790,3000,790,3029,False
analysis_2/results/all_variants/merged_results.tsv,clingen_28012026,BIAS,PS4,217,3466,217,3545,False
analysis_2/results/all_variants/merged_results.tsv,clingen_28012026,BIAS,PM1,475,2867,475,2885,False
analysis_2/results/all_variants/merged_results.tsv,clingen_28012026,BIAS,PM2,7198,8973,7198,9101,False
analysis_2/results/all_variants/merged_results.tsv,clingen_28012026,BIAS,PM3,0,2206,0,2206,True
analysis_2/results/all_variants/merged_results.tsv,clingen_28012026,BIAS,PM4,20,287,20,287,True
analysis_2/results/all_variants/merged_results.tsv,clingen_28012026,BIAS,PM5,364,1832,364,1836,False
analysis_2/results/all_variants/merged_results.tsv,clingen_28012026,BIAS,PM6,0,236,0,236,True
analysis_2/results/all_variants/merged_results.tsv,clingen_28012026,BIAS,PP1,0,1327,0,1327,True
analysis_2/results/all_variants/merged_results.tsv,clingen_28012026,BIAS,PP2,512,1288,512,1307,False
analysis_2/results/all_variants/merged_results.tsv,clingen_28012026,BIAS,PP3,3317,4504,3317,4575,False
analysis_2/results/all_variants/merged_results.tsv,clingen_28012026,BIAS,PP4,0,3759,0,3759,True
analysis_2/results/all_variants/merged_results.tsv,clingen_28012026,BIAS,PP5,0,3596,0,3603,False
analysis_2/results/all_variants/merged_results.tsv,clingen_28012026,BIAS,BA1,524,1056,524,1056,True
analysis_2/results/all_variants/merged_results.tsv,clingen_28012026,BIAS,BS1,298,1129,298,1150,False
analysis_2/results/all_variants/merged_results.tsv,clingen_28012026,BIAS,BS2,257,1774,257,1826,False
analysis_2/results/all_variants/merged_results.tsv,clingen_28012026,BIAS,BS3,0,277,0,277,True
analysis_2/results/all_variants/merged_results.tsv,clingen_28012026,BIAS,BS4,0,30,0,30,True
analysis_2/results/all_variants/merged_results.tsv,clingen_28012026,BIAS,BP1,14,387,14,422,False
analysis_2/results/all_variants/merged_results.tsv,clingen_28012026,BIAS,BP2,0,211,0,211,True
analysis_2/results/all_variants/merged_results.tsv,clingen_28012026,BIAS,BP3,0,26,0,26,True
analysis_2/results/all_variants/merged_results.tsv,clingen_28012026,BIAS,BP4,1740,5385,1740,5528,False
analysis_2/results/all_variants/merged_results.tsv,clingen_28012026,BIAS,BP5,0,228,0,228,True
analysis_2/results/all_variants/merged_results.tsv,clingen_28012026,BIAS,BP6,0,2121,0,2147,False
analysis_2/results/all_variants/merged_results.tsv,clingen_28012026,BIAS,BP7,807,1441,807,1451,False
analysis_2/results/all_variants/merged_results.tsv,clingen_28012026,CharGer_Local,PVS1,0,2475,0,2475,True
analysis_2/results/all_variants/merged_results.tsv,clingen_28012026,CharGer_Local,PS1,0,138,0,138,True
analysis_2/results/all_variants/merged_results.tsv,clingen_28012026,CharGer_Local,PS2,0,341,0,341,True
analysis_2/results/all_variants/merged_results.tsv,clingen_28012026,CharGer_Local,PS3,0,1372,0,1372,True
analysis_2/results/all_variants/merged_results.tsv,clingen_28012026,CharGer_Local,PS4,0,2074,0,2074,True
analysis_2/results/all_variants/merged_results.tsv,clingen_28012026,CharGer_Local,PM1,0,1308,0,1308,True
analysis_2/results/all_variants/merged_results.tsv,clingen_28012026,CharGer_Local,PM2,6463,10158,6463,10404,False
analysis_2/results/all_variants/merged_results.tsv,clingen_28012026,CharGer_Local,PM3,0,2206,0,2206,True
analysis_2/results/all_variants/merged_results.tsv,clingen_28012026,CharGer_Local,PM4,0,204,0,204,True
analysis_2/results/all_variants/merged_results.tsv,clingen_28012026,CharGer_Local,PM5,0,1203,0,1203,True
analysis_2/results/all_variants/merged_results.tsv,clingen_28012026,CharGer_Local,PM6,0,236,0,236,True
analysis_2/results/all_variants/merged_results.tsv,clingen_28012026,CharGer_Local,PP1,0,1327,0,1327,True
analysis_2/results/all_variants/merged_results.tsv,clingen_28012026,CharGer_Local,PP2,0,655,0,655,True
analysis_2/results/all_variants/merged_results.tsv,clingen_28012026,CharGer_Local,PP3,901,4237,901,4298,False
analysis_2/results/all_variants/merged_results.tsv,clingen_28012026,CharGer_Local,PP4,0,3759,0,3759,True
analysis_2/results/all_variants/merged_results.tsv,clingen_28012026,CharGer_Local,PP5,0,0,0,0,True
analysis_2/results/all_variants/merged_results.tsv,clingen_28012026,CharGer_Local,BA1,167,1005,167,1005,True
analysis_2/results/all_variants/merged_results.tsv,clingen_28012026,CharGer_Local,BS1,0,668,0,668,True
analysis_2/results/all_variants/merged_results.tsv,clingen_28012026,CharGer_Local,BS2,0,701,0,701,True
analysis_2/results/all_variants/merged_results.tsv,clingen_28012026,CharGer_Local,BS3,0,277,0,277,True
analysis_2/results/all_variants/merged_results.tsv,clingen_28012026,CharGer_Local,BS4,0,30,0,30,True
analysis_2/results/all_variants/merged_results.tsv,clingen_28012026,CharGer_Local,BP1,0,51,0,51,True
analysis_2/results/all_variants/merged_results.tsv,clingen_28012026,CharGer_Local,BP2,0,211,0,211,True
analysis_2/results/all_variants/merged_results.tsv,clingen_28012026,CharGer_Local,BP3,0,20,0,20,True
analysis_2/results/all_variants/merged_results.tsv,clingen_28012026,CharGer_Local,BP4,613,3014,613,3069,False
analysis_2/results/all_variants/merged_results.tsv,clingen_28012026,CharGer_Local,BP5,0,228,0,228,True
analysis_2/results/all_variants/merged_results.tsv,clingen_28012026,CharGer_Local,BP6,0,0,0,0,True
analysis_2/results/all_variants/merged_results.tsv,clingen_28012026,CharGer_Local,BP7,0,936,0,936,True
analysis_2/results/all_variants/merged_results.tsv,clingen_28012026,CharGer_Online,PVS1,0,2475,0,2475,True
analysis_2/results/all_variants/merged_results.tsv,clingen_28012026,CharGer_Online,PS1,28,1182,28,1184,False
analysis_2/results/all_variants/merged_results.tsv,clingen_28012026,CharGer_Online,PS2,0,341,0,341,True
analysis_2/results/all_variants/merged_results.tsv,clingen_28012026,CharGer_Online,PS3,0,1372,0,1372,True
analysis_2/results/all_variants/merged_results.tsv,clingen_28012026,CharGer_Online,PS4,0,2074,0,2074,True
analysis_2/results/all_variants/merged_results.tsv,clingen_28012026,CharGer_Online,PM1,0,1308,0,1308,True
analysis_2/results/all_variants/merged_results.tsv,clingen_28012026,CharGer_Online,PM2,6466,10976,6466,11224,False
analysis_2/results/all_variants/merged_results.tsv,clingen_28012026,CharGer_Online,PM3,0,2206,0,2206,True
analysis_2/results/all_variants/merged_results.tsv,clingen_28012026,CharGer_Online,PM4,0,204,0,204,True
analysis_2/results/all_variants/merged_results.tsv,clingen_28012026,CharGer_Online,PM5,0,1203,0,1203,True
analysis_2/results/all_variants/merged_results.tsv,clingen_28012026,CharGer_Online,PM6,0,236,0,236,True
analysis_2/results/all_variants/merged_results.tsv,clingen_28012026,CharGer_Online,PP1,0,1327,0,1327,True
analysis_2/results/all_variants/merged_results.tsv,clingen_28012026,CharGer_Online,PP2,0,655,0,655,True
analysis_2/results/all_variants/merged_results.tsv,clingen_28012026,CharGer_Online,PP3,32,3592,32,3592,True
analysis_2/results/all_variants/merged_results.tsv,clingen_28012026,CharGer_Online,PP4,0,3759,0,3759,True
analysis_2/results/all_variants/merged_results.tsv,clingen_28012026,CharGer_Online,PP5,0,0,0,0,True
analysis_2/results/all_variants/merged_results.tsv,clingen_28012026,CharGer_Online,BA1,0,1005,0,1005,True
analysis_2/results/all_variants/merged_results.tsv,clingen_28012026,CharGer_Online,BS1,0,668,0,668,True
analysis_2/results/all_variants/merged_results.tsv,clingen_28012026,CharGer_Online,BS2,0,701,0,701,True
analysis_2/results/all_variants/merged_results.tsv,clingen_28012026,CharGer_Online,BS3,0,277,0,277,True
analysis_2/results/all_variants/merged_results.tsv,clingen_28012026,CharGer_Online,BS4,0,30,0,30,True
analysis_2/results/all_variants/merged_results.tsv,clingen_28012026,CharGer_Online,BP1,0,51,0,51,True
analysis_2/results/all_variants/merged_results.tsv,clingen_28012026,CharGer_Online,BP2,0,211,0,211,True
analysis_2/results/all_variants/merged_results.tsv,clingen_28012026,CharGer_Online,BP3,0,20,0,20,True
analysis_2/results/all_variants/merged_results.tsv,clingen_28012026,CharGer_Online,BP4,45,2291,45,2293,False
analysis_2/results/all_variants/merged_results.tsv,clingen_28012026,CharGer_Online,BP5,0,228,0,228,True
analysis_2/results/all_variants/merged_results.tsv,clingen_28012026,CharGer_Online,BP6,0,0,0,0,True
analysis_2/results/all_variants/merged_results.tsv,clingen_28012026,CharGer_Online,BP7,0,936,0,936,True
analysis_2/results/all_variants/merged_results.tsv,clingen_28012026,DiabloACMG,PVS1,1133,2519,1133,2523,False
analysis_2/results/all_variants/merged_results.tsv,clingen_28012026,DiabloACMG,PS1,32,1511,32,1515,False
analysis_2/results/all_variants/merged_results.tsv,clingen_28012026,DiabloACMG,PS2,0,341,0,341,True
analysis_2/results/all_variants/merged_results.tsv,clingen_28012026,DiabloACMG,PS3,654,2779,654,2779,True
analysis_2/results/all_variants/merged_results.tsv,clingen_28012026,DiabloACMG,PS4,0,2074,0,2074,True
analysis_2/results/all_variants/merged_results.tsv,clingen_28012026,DiabloACMG,PM1,519,2971,519,3032,False
analysis_2/results/all_variants/merged_results.tsv,clingen_28012026,DiabloACMG,PM2,6459,10428,6459,10672,False
analysis_2/results/all_variants/merged_results.tsv,clingen_28012026,DiabloACMG,PM3,0,2206,0,2206,True
analysis_2/results/all_variants/merged_results.tsv,clingen_28012026,DiabloACMG,PM4,14,209,14,209,True
analysis_2/results/all_variants/merged_results.tsv,clingen_28012026,DiabloACMG,PM5,196,1480,196,1480,True
analysis_2/results/all_variants/merged_results.tsv,clingen_28012026,DiabloACMG,PM6,0,236,0,236,True
analysis_2/results/all_variants/merged_results.tsv,clingen_28012026,DiabloACMG,PP1,0,1327,0,1327,True
analysis_2/results/all_variants/merged_results.tsv,clingen_28012026,DiabloACMG,PP2,52,1595,52,1616,False
analysis_2/results/all_variants/merged_results.tsv,clingen_28012026,DiabloACMG,PP3,3263,5971,3263,6113,False
analysis_2/results/all_variants/merged_results.tsv,clingen_28012026,DiabloACMG,PP4,0,3759,0,3759,True
analysis_2/results/all_variants/merged_results.tsv,clingen_28012026,DiabloACMG,PP5,0,4074,0,4076,False
analysis_2/results/all_variants/merged_results.tsv,clingen_28012026,DiabloACMG,BA1,166,1005,166,1005,True
analysis_2/results/all_variants/merged_results.tsv,clingen_28012026,DiabloACMG,BS1,0,834,0,834,True
analysis_2/results/all_variants/merged_results.tsv,clingen_28012026,DiabloACMG,BS2,51,985,51,993,False
analysis_2/results/all_variants/merged_results.tsv,clingen_28012026,DiabloACMG,BS3,174,2316,174,2317,False
analysis_2/results/all_variants/merged_results.tsv,clingen_28012026,DiabloACMG,BS4,0,30,0,30,True
analysis_2/results/all_variants/merged_results.tsv,clingen_28012026,DiabloACMG,BP1,49,2752,49,2841,False
analysis_2/results/all_variants/merged_results.tsv,clingen_28012026,DiabloACMG,BP2,0,211,0,211,True
analysis_2/results/all_variants/merged_results.tsv,clingen_28012026,DiabloACMG,BP3,0,20,0,20,True
analysis_2/results/all_variants/merged_results.tsv,clingen_28012026,DiabloACMG,BP4,1180,3016,1180,3052,False
analysis_2/results/all_variants/merged_results.tsv,clingen_28012026,DiabloACMG,BP5,0,228,0,228,True
analysis_2/results/all_variants/merged_results.tsv,clingen_28012026,DiabloACMG,BP6,0,2288,0,2289,False
analysis_2/results/all_variants/merged_results.tsv,clingen_28012026,DiabloACMG,BP7,628,1258,628,1264,False
analysis_2/results/all_variants/merged_results.tsv,clingen_28012026,Exomiser,PVS1,17,2486,17,2486,True
analysis_2/results/all_variants/merged_results.tsv,clingen_28012026,Exomiser,PS1,0,139,0,139,True
analysis_2/results/all_variants/merged_results.tsv,clingen_28012026,Exomiser,PS2,0,341,0,341,True
analysis_2/results/all_variants/merged_results.tsv,clingen_28012026,Exomiser,PS3,0,1372,0,1372,True
analysis_2/results/all_variants/merged_results.tsv,clingen_28012026,Exomiser,PS4,0,2074,0,2074,True
analysis_2/results/all_variants/merged_results.tsv,clingen_28012026,Exomiser,PM1,4,1323,4,1323,True
analysis_2/results/all_variants/merged_results.tsv,clingen_28012026,Exomiser,PM2,70,7893,70,7893,True
analysis_2/results/all_variants/merged_results.tsv,clingen_28012026,Exomiser,PM3,0,2206,0,2206,True
analysis_2/results/all_variants/merged_results.tsv,clingen_28012026,Exomiser,PM4,4,204,4,204,True
analysis_2/results/all_variants/merged_results.tsv,clingen_28012026,Exomiser,PM5,4,1218,4,1218,True
analysis_2/results/all_variants/merged_results.tsv,clingen_28012026,Exomiser,PM6,0,236,0,236,True
analysis_2/results/all_variants/merged_results.tsv,clingen_28012026,Exomiser,PP1,0,1327,0,1327,True
analysis_2/results/all_variants/merged_results.tsv,clingen_28012026,Exomiser,PP2,0,655,0,655,True
analysis_2/results/all_variants/merged_results.tsv,clingen_28012026,Exomiser,PP3,36,3566,36,3566,True
analysis_2/results/all_variants/merged_results.tsv,clingen_28012026,Exomiser,PP4,0,3759,0,3759,True
analysis_2/results/all_variants/merged_results.tsv,clingen_28012026,Exomiser,PP5,0,84,0,84,True
analysis_2/results/all_variants/merged_results.tsv,clingen_28012026,Exomiser,BA1,0,1005,0,1005,True
analysis_2/results/all_variants/merged_results.tsv,clingen_28012026,Exomiser,BS1,0,668,0,668,True
analysis_2/results/all_variants/merged_results.tsv,clingen_28012026,Exomiser,BS2,0,701,0,701,True
analysis_2/results/all_variants/merged_results.tsv,clingen_28012026,Exomiser,BS3,0,277,0,277,True
analysis_2/results/all_variants/merged_results.tsv,clingen_28012026,Exomiser,BS4,0,30,0,30,True
analysis_2/results/all_variants/merged_results.tsv,clingen_28012026,Exomiser,BP1,0,51,0,51,True
analysis_2/results/all_variants/merged_results.tsv,clingen_28012026,Exomiser,BP2,0,211,0,211,True
analysis_2/results/all_variants/merged_results.tsv,clingen_28012026,Exomiser,BP3,0,20,0,20,True
analysis_2/results/all_variants/merged_results.tsv,clingen_28012026,Exomiser,BP4,1,2155,1,2155,True
analysis_2/results/all_variants/merged_results.tsv,clingen_28012026,Exomiser,BP5,0,228,0,228,True
analysis_2/results/all_variants/merged_results.tsv,clingen_28012026,Exomiser,BP6,0,1,0,1,True
analysis_2/results/all_variants/merged_results.tsv,clingen_28012026,Exomiser,BP7,0,936,0,936,True
analysis_2/results/all_variants/merged_results.tsv,clingen_28012026,Genebe,PVS1,2319,2769,2319,2778,False
analysis_2/results/all_variants/merged_results.tsv,clingen_28012026,Genebe,PS1,97,158,97,158,True
analysis_2/results/all_variants/merged_results.tsv,clingen_28012026,Genebe,PS2,268,342,268,342,True
analysis_2/results/all_variants/merged_results.tsv,clingen_28012026,Genebe,PS3,1248,1498,1248,1500,False
analysis_2/results/all_variants/merged_results.tsv,clingen_28012026,Genebe,PS4,1592,2080,1592,2080,True
analysis_2/results/all_variants/merged_results.tsv,clingen_28012026,Genebe,PM1,1234,1814,1234,1817,False
analysis_2/results/all_variants/merged_results.tsv,clingen_28012026,Genebe,PM2,7622,8075,7622,8092,False
analysis_2/results/all_variants/merged_results.tsv,clingen_28012026,Genebe,PM3,1433,2210,1433,2210,True
analysis_2/results/all_variants/merged_results.tsv,clingen_28012026,Genebe,PM4,46,291,46,291,True
analysis_2/results/all_variants/merged_results.tsv,clingen_28012026,Genebe,PM5,967,1444,967,1446,False
analysis_2/results/all_variants/merged_results.tsv,clingen_28012026,Genebe,PM6,188,239,188,239,True
analysis_2/results/all_variants/merged_results.tsv,clingen_28012026,Genebe,PP1,975,1330,975,1330,True
analysis_2/results/all_variants/merged_results.tsv,clingen_28012026,Genebe,PP2,639,1014,639,1014,True
analysis_2/results/all_variants/merged_results.tsv,clingen_28012026,Genebe,PP3,3481,3765,3481,3770,False
analysis_2/results/all_variants/merged_results.tsv,clingen_28012026,Genebe,PP4,2572,3763,2572,3763,True
analysis_2/results/all_variants/merged_results.tsv,clingen_28012026,Genebe,PP5,0,778,0,779,False
analysis_2/results/all_variants/merged_results.tsv,clingen_28012026,Genebe,BA1,864,1007,864,1007,True
analysis_2/results/all_variants/merged_results.tsv,clingen_28012026,Genebe,BS1,553,724,553,726,False
analysis_2/results/all_variants/merged_results.tsv,clingen_28012026,Genebe,BS2,649,849,649,858,False
analysis_2/results/all_variants/merged_results.tsv,clingen_28012026,Genebe,BS3,243,280,243,281,False
analysis_2/results/all_variants/merged_results.tsv,clingen_28012026,Genebe,BS4,28,30,28,31,False
analysis_2/results/all_variants/merged_results.tsv,clingen_28012026,Genebe,BP1,48,51,48,51,True
analysis_2/results/all_variants/merged_results.tsv,clingen_28012026,Genebe,BP2,187,211,187,211,True
analysis_2/results/all_variants/merged_results.tsv,clingen_28012026,Genebe,BP3,0,25,0,25,True
analysis_2/results/all_variants/merged_results.tsv,clingen_28012026,Genebe,BP4,2053,2356,2053,2370,False
analysis_2/results/all_variants/merged_results.tsv,clingen_28012026,Genebe,BP5,190,228,190,228,True
analysis_2/results/all_variants/merged_results.tsv,clingen_28012026,Genebe,BP6,0,249,0,249,True
analysis_2/results/all_variants/merged_results.tsv,clingen_28012026,Genebe,BP7,849,958,849,958,True
analysis_2/results/all_variants/merged_results.tsv,clingen_28012026,TAPES,PVS1,1362,2635,1362,2641,False
analysis_2/results/all_variants/merged_results.tsv,clingen_28012026,TAPES,PS1,1,141,1,141,True
analysis_2/results/all_variants/merged_results.tsv,clingen_28012026,TAPES,PS2,0,341,0,341,True
analysis_2/results/all_variants/merged_results.tsv,clingen_28012026,TAPES,PS3,45,1429,45,1429,True
analysis_2/results/all_variants/merged_results.tsv,clingen_28012026,TAPES,PS4,0,2075,0,2075,True
analysis_2/results/all_variants/merged_results.tsv,clingen_28012026,TAPES,PM1,1121,5055,1121,5181,False
analysis_2/results/all_variants/merged_results.tsv,clingen_28012026,TAPES,PM2,7684,9910,7684,10126,False
analysis_2/results/all_variants/merged_results.tsv,clingen_28012026,TAPES,PM3,0,2206,0,2206,True
analysis_2/results/all_variants/merged_results.tsv,clingen_28012026,TAPES,PM4,17,272,17,272,True
analysis_2/results/all_variants/merged_results.tsv,clingen_28012026,TAPES,PM5,0,1207,0,1207,True
analysis_2/results/all_variants/merged_results.tsv,clingen_28012026,TAPES,PM6,0,236,0,236,True
analysis_2/results/all_variants/merged_results.tsv,clingen_28012026,TAPES,PP1,0,1327,0,1327,True
analysis_2/results/all_variants/merged_results.tsv,clingen_28012026,TAPES,PP2,0,655,0,655,True
analysis_2/results/all_variants/merged_results.tsv,clingen_28012026,TAPES,PP3,3285,5939,3285,6085,False
analysis_2/results/all_variants/merged_results.tsv,clingen_28012026,TAPES,PP4,0,3759,0,3759,True
analysis_2/results/all_variants/merged_results.tsv,clingen_28012026,TAPES,PP5,0,2514,0,2538,False
analysis_2/results/all_variants/merged_results.tsv,clingen_28012026,TAPES,BA1,171,1006,171,1006,True
analysis_2/results/all_variants/merged_results.tsv,clingen_28012026,TAPES,BS1,108,1293,108,1296,False
analysis_2/results/all_variants/merged_results.tsv,clingen_28012026,TAPES,BS2,1,707,1,707,True
analysis_2/results/all_variants/merged_results.tsv,clingen_28012026,TAPES,BS3,4,485,4,485,True
analysis_2/results/all_variants/merged_results.tsv,clingen_28012026,TAPES,BS4,0,30,0,30,True
analysis_2/results/all_variants/merged_results.tsv,clingen_28012026,TAPES,BP1,0,51,0,51,True
analysis_2/results/all_variants/merged_results.tsv,clingen_28012026,TAPES,BP2,0,211,0,211,True
analysis_2/results/all_variants/merged_results.tsv,clingen_28012026,TAPES,BP3,0,59,0,59,True
analysis_2/results/all_variants/merged_results.tsv,clingen_28012026,TAPES,BP4,507,2626,507,2651,False
analysis_2/results/all_variants/merged_results.tsv,clingen_28012026,TAPES,BP5,0,228,0,228,True
analysis_2/results/all_variants/merged_results.tsv,clingen_28012026,TAPES,BP6,0,400,0,404,False
analysis_2/results/all_variants/merged_results.tsv,clingen_28012026,TAPES,BP7,0,936,0,936,True
analysis_2/results/all_variants/merged_results.tsv,clingen_28012026,Franklin,PVS1,1828,2664,1828,2672,False
analysis_2/results/all_variants/merged_results.tsv,clingen_28012026,Franklin,PS1,75,311,75,311,True
analysis_2/results/all_variants/merged_results.tsv,clingen_28012026,Franklin,PS2,250,374,250,374,True
analysis_2/results/all_variants/merged_results.tsv,clingen_28012026,Franklin,PS3,1023,1500,1023,1501,False
analysis_2/results/all_variants/merged_results.tsv,clingen_28012026,Franklin,PS4,1442,2314,1442,2314,True
analysis_2/results/all_variants/merged_results.tsv,clingen_28012026,Franklin,PM1,1084,3595,1084,3617,False
analysis_2/results/all_variants/merged_results.tsv,clingen_28012026,Franklin,PM2,6733,9437,6733,9636,False
analysis_2/results/all_variants/merged_results.tsv,clingen_28012026,Franklin,PM3,1417,2361,1417,2361,True
analysis_2/results/all_variants/merged_results.tsv,clingen_28012026,Franklin,PM4,37,266,37,266,True
analysis_2/results/all_variants/merged_results.tsv,clingen_28012026,Franklin,PM5,963,2767,963,2779,False
analysis_2/results/all_variants/merged_results.tsv,clingen_28012026,Franklin,PM6,157,246,157,246,True
analysis_2/results/all_variants/merged_results.tsv,clingen_28012026,Franklin,PP1,840,1388,840,1388,True
analysis_2/results/all_variants/merged_results.tsv,clingen_28012026,Franklin,PP2,601,3898,601,3986,False
analysis_2/results/all_variants/merged_results.tsv,clingen_28012026,Franklin,PP3,3441,4366,3441,4437,False
analysis_2/results/all_variants/merged_results.tsv,clingen_28012026,Franklin,PP4,2008,3762,2008,3762,True
analysis_2/results/all_variants/merged_results.tsv,clingen_28012026,Franklin,PP5,0,4050,0,4052,False
analysis_2/results/all_variants/merged_results.tsv,clingen_28012026,Franklin,BA1,180,1037,180,1037,True
analysis_2/results/all_variants/merged_results.tsv,clingen_28012026,Franklin,BS1,113,830,113,831,False
analysis_2/results/all_variants/merged_results.tsv,clingen_28012026,Franklin,BS2,454,1006,454,1016,False
analysis_2/results/all_variants/merged_results.tsv,clingen_28012026,Franklin,BS3,212,305,212,307,False
analysis_2/results/all_variants/merged_results.tsv,clingen_28012026,Franklin,BS4,17,31,17,32,False
analysis_2/results/all_variants/merged_results.tsv,clingen_28012026,Franklin,BP1,0,51,0,51,True
analysis_2/results/all_variants/merged_results.tsv,clingen_28012026,Franklin,BP2,77,211,77,211,True
analysis_2/results/all_variants/merged_results.tsv,clingen_28012026,Franklin,BP3,0,25,0,25,True
analysis_2/results/all_variants/merged_results.tsv,clingen_28012026,Franklin,BP4,505,2319,505,2329,False
analysis_2/results/all_variants/merged_results.tsv,clingen_28012026,Franklin,BP5,115,228,115,228,True
analysis_2/results/all_variants/merged_results.tsv,clingen_28012026,Franklin,BP6,0,1214,0,1215,False
analysis_2/results/all_variants/merged_results.tsv,clingen_28012026,Franklin,BP7,58,936,58,936,True
analysis_2/results/all_variants/merged_results.tsv,clingen_28012026,AutoGVP,PVS1,1131,2516,1131,2520,False
analysis_2/results/all_variants/merged_results.tsv,clingen_28012026,AutoGVP,PS1,7,153,7,153,True
analysis_2/results/all_variants/merged_results.tsv,clingen_28012026,AutoGVP,PS2,0,341,0,341,True
analysis_2/results/all_variants/merged_results.tsv,clingen_28012026,AutoGVP,PS3,0,1372,0,1372,True
analysis_2/results/all_variants/merged_results.tsv,clingen_28012026,AutoGVP,PS4,0,2075,0,2075,True
analysis_2/results/all_variants/merged_results.tsv,clingen_28012026,AutoGVP,PM1,1034,5557,1034,5732,False
analysis_2/results/all_variants/merged_results.tsv,clingen_28012026,AutoGVP,PM2,6358,9884,6358,10094,False
analysis_2/results/all_variants/merged_results.tsv,clingen_28012026,AutoGVP,PM3,0,2206,0,2206,True
analysis_2/results/all_variants/merged_results.tsv,clingen_28012026,AutoGVP,PM4,14,209,14,209,True
analysis_2/results/all_variants/merged_results.tsv,clingen_28012026,AutoGVP,PM5,142,1377,142,1377,True
analysis_2/results/all_variants/merged_results.tsv,clingen_28012026,AutoGVP,PM6,0,236,0,236,True
analysis_2/results/all_variants/merged_results.tsv,clingen_28012026,AutoGVP,PP1,0,1327,0,1327,True
analysis_2/results/all_variants/merged_results.tsv,clingen_28012026,AutoGVP,PP2,52,1595,52,1616,False
analysis_2/results/all_variants/merged_results.tsv,clingen_28012026,AutoGVP,PP3,3328,5985,3328,6113,False
analysis_2/results/all_variants/merged_results.tsv,clingen_28012026,AutoGVP,PP4,0,3759,0,3759,True
analysis_2/results/all_variants/merged_results.tsv,clingen_28012026,AutoGVP,PP5,0,2455,0,2461,False
analysis_2/results/all_variants/merged_results.tsv,clingen_28012026,AutoGVP,BA1,180,1005,180,1005,True
analysis_2/results/all_variants/merged_results.tsv,clingen_28012026,AutoGVP,BS1,41,1155,41,1155,True
analysis_2/results/all_variants/merged_results.tsv,clingen_28012026,AutoGVP,BS2,0,701,0,701,True
analysis_2/results/all_variants/merged_results.tsv,clingen_28012026,AutoGVP,BS3,0,277,0,277,True
analysis_2/results/all_variants/merged_results.tsv,clingen_28012026,AutoGVP,BS4,0,30,0,30,True
analysis_2/results/all_variants/merged_results.tsv,clingen_28012026,AutoGVP,BP1,49,2760,49,2849,False
analysis_2/results/all_variants/merged_results.tsv,clingen_28012026,AutoGVP,BP2,0,211,0,211,True
analysis_2/results/all_variants/merged_results.tsv,clingen_28012026,AutoGVP,BP3,0,20,0,20,True
analysis_2/results/all_variants/merged_results.tsv,clingen_28012026,AutoGVP,BP4,920,2638,920,2661,False
analysis_2/results/all_variants/merged_results.tsv,clingen_28012026,AutoGVP,BP5,0,228,0,228,True
analysis_2/results/all_variants/merged_results.tsv,clingen_28012026,AutoGVP,BP6,0,1181,0,1189,False
analysis_2/results/all_variants/merged_results.tsv,clingen_28012026,AutoGVP,BP7,629,1277,629,1285,False
analysis_2/results/all_variants/merged_results.tsv,clingen_28012026,VIP-HL,PVS1,23,2478,23,2478,True
analysis_2/results/all_variants/merged_results.tsv,clingen_28012026,VIP-HL,PS1,0,138,0,138,True
analysis_2/results/all_variants/merged_results.tsv,clingen_28012026,VIP-HL,PS2,0,341,0,341,True
analysis_2/results/all_variants/merged_results.tsv,clingen_28012026,VIP-HL,PS3,0,1372,0,1372,True
analysis_2/results/all_variants/merged_results.tsv,clingen_28012026,VIP-HL,PS4,0,2074,0,2074,True
analysis_2/results/all_variants/merged_results.tsv,clingen_28012026,VIP-HL,PM1,2,1315,2,1315,True
analysis_2/results/all_variants/merged_results.tsv,clingen_28012026,VIP-HL,PM2,79,7932,79,7936,False
analysis_2/results/all_variants/merged_results.tsv,clingen_28012026,VIP-HL,PM3,0,2206,0,2206,True
analysis_2/results/all_variants/merged_results.tsv,clingen_28012026,VIP-HL,PM4,0,204,0,204,True
analysis_2/results/all_variants/merged_results.tsv,clingen_28012026,VIP-HL,PM5,13,1212,13,1212,True
analysis_2/results/all_variants/merged_results.tsv,clingen_28012026,VIP-HL,PM6,0,236,0,236,True
analysis_2/results/all_variants/merged_results.tsv,clingen_28012026,VIP-HL,PP1,0,1327,0,1327,True
analysis_2/results/all_variants/merged_results.tsv,clingen_28012026,VIP-HL,PP2,0,655,0,655,True
analysis_2/results/all_variants/merged_results.tsv,clingen_28012026,VIP-HL,PP3,73,3564,73,3564,True
analysis_2/results/all_variants/merged_results.tsv,clingen_28012026,VIP-HL,PP4,0,3759,0,3759,True
analysis_2/results/all_variants/merged_results.tsv,clingen_28012026,VIP-HL,PP5,0,0,0,0,True
analysis_2/results/all_variants/merged_results.tsv,clingen_28012026,VIP-HL,BA1,26,1006,26,1006,True
analysis_2/results/all_variants/merged_results.tsv,clingen_28012026,VIP-HL,BS1,39,670,39,670,True
analysis_2/results/all_variants/merged_results.tsv,clingen_28012026,VIP-HL,BS2,0,714,0,714,True
analysis_2/results/all_variants/merged_results.tsv,clingen_28012026,VIP-HL,BS3,0,277,0,277,True
analysis_2/results/all_variants/merged_results.tsv,clingen_28012026,VIP-HL,BS4,0,30,0,30,True
analysis_2/results/all_variants/merged_results.tsv,clingen_28012026,VIP-HL,BP1,0,51,0,51,True
analysis_2/results/all_variants/merged_results.tsv,clingen_28012026,VIP-HL,BP2,0,211,0,211,True
analysis_2/results/all_variants/merged_results.tsv,clingen_28012026,VIP-HL,BP3,0,20,0,20,True
analysis_2/results/all_variants/merged_results.tsv,clingen_28012026,VIP-HL,BP4,18,2162,18,2162,True
analysis_2/results/all_variants/merged_results.tsv,clingen_28012026,VIP-HL,BP5,0,228,0,228,True
analysis_2/results/all_variants/merged_results.tsv,clingen_28012026,VIP-HL,BP6,0,0,0,0,True
analysis_2/results/all_variants/merged_results.tsv,clingen_28012026,VIP-HL,BP7,4,937,4,937,True
analysis_2/results/all_variants/merged_results.tsv,clingen_28012026,CancerSIGVAR,PVS1,252,2495,252,2495,True
analysis_2/results/all_variants/merged_results.tsv,clingen_28012026,CancerSIGVAR,PS1,4,145,4,145,True
analysis_2/results/all_variants/merged_results.tsv,clingen_28012026,CancerSIGVAR,PS2,0,341,0,341,True
analysis_2/results/all_variants/merged_results.tsv,clingen_28012026,CancerSIGVAR,PS3,0,1372,0,1372,True
analysis_2/results/all_variants/merged_results.tsv,clingen_28012026,CancerSIGVAR,PS4,0,2074,0,2074,True
analysis_2/results/all_variants/merged_results.tsv,clingen_28012026,CancerSIGVAR,PM1,0,1308,0,1308,True
analysis_2/results/all_variants/merged_results.tsv,clingen_28012026,CancerSIGVAR,PM2,652,8030,652,8035,False
analysis_2/results/all_variants/merged_results.tsv,clingen_28012026,CancerSIGVAR,PM3,0,2206,0,2206,True
analysis_2/results/all_variants/merged_results.tsv,clingen_28012026,CancerSIGVAR,PM4,3,215,3,215,True
analysis_2/results/all_variants/merged_results.tsv,clingen_28012026,CancerSIGVAR,PM5,22,1248,22,1248,True
analysis_2/results/all_variants/merged_results.tsv,clingen_28012026,CancerSIGVAR,PM6,0,236,0,236,True
analysis_2/results/all_variants/merged_results.tsv,clingen_28012026,CancerSIGVAR,PP1,0,1327,0,1327,True
analysis_2/results/all_variants/merged_results.tsv,clingen_28012026,CancerSIGVAR,PP2,0,655,0,655,True
analysis_2/results/all_variants/merged_results.tsv,clingen_28012026,CancerSIGVAR,PP3,152,3707,152,3707,True
analysis_2/results/all_variants/merged_results.tsv,clingen_28012026,CancerSIGVAR,PP4,0,3759,0,3759,True
analysis_2/results/all_variants/merged_results.tsv,clingen_28012026,CancerSIGVAR,PP5,0,166,0,166,True
analysis_2/results/all_variants/merged_results.tsv,clingen_28012026,CancerSIGVAR,BA1,13,1005,13,1005,True
analysis_2/results/all_variants/merged_results.tsv,clingen_28012026,CancerSIGVAR,BS1,3,697,3,697,True
analysis_2/results/all_variants/merged_results.tsv,clingen_28012026,CancerSIGVAR,BS2,0,701,0,701,True
analysis_2/results/all_variants/merged_results.tsv,clingen_28012026,CancerSIGVAR,BS3,0,277,0,277,True
analysis_2/results/all_variants/merged_results.tsv,clingen_28012026,CancerSIGVAR,BS4,0,30,0,30,True
analysis_2/results/all_variants/merged_results.tsv,clingen_28012026,CancerSIGVAR,BP1,0,51,0,51,True
analysis_2/results/all_variants/merged_results.tsv,clingen_28012026,CancerSIGVAR,BP2,22,233,22,233,True
analysis_2/results/all_variants/merged_results.tsv,clingen_28012026,CancerSIGVAR,BP3,0,20,0,20,True
analysis_2/results/all_variants/merged_results.tsv,clingen_28012026,CancerSIGVAR,BP4,55,2201,55,2201,True
analysis_2/results/all_variants/merged_results.tsv,clingen_28012026,CancerSIGVAR,BP5,0,228,0,228,True
analysis_2/results/all_variants/merged_results.tsv,clingen_28012026,CancerSIGVAR,BP6,0,96,0,96,True
analysis_2/results/all_variants/merged_results.tsv,clingen_28012026,CancerSIGVAR,BP7,33,948,33,948,True
analysis_2/results/all_variants/merged_results.tsv,clingen_28012026,CPSR,PVS1,660,2604,660,2608,False
analysis_2/results/all_variants/merged_results.tsv,clingen_28012026,CPSR,PS1,2,138,2,138,True
analysis_2/results/all_variants/merged_results.tsv,clingen_28012026,CPSR,PS2,0,341,0,341,True
analysis_2/results/all_variants/merged_results.tsv,clingen_28012026,CPSR,PS3,0,1372,0,1372,True
analysis_2/results/all_variants/merged_results.tsv,clingen_28012026,CPSR,PS4,0,2074,0,2074,True
analysis_2/results/all_variants/merged_results.tsv,clingen_28012026,CPSR,PM1,83,1383,83,1383,True
analysis_2/results/all_variants/merged_results.tsv,clingen_28012026,CPSR,PM2,2313,8536,2313,8635,False
analysis_2/results/all_variants/merged_results.tsv,clingen_28012026,CPSR,PM3,0,2206,0,2206,True
analysis_2/results/all_variants/merged_results.tsv,clingen_28012026,CPSR,PM4,5,226,5,226,True
analysis_2/results/all_variants/merged_results.tsv,clingen_28012026,CPSR,PM5,40,1261,40,1261,True
analysis_2/results/all_variants/merged_results.tsv,clingen_28012026,CPSR,PM6,73,528,73,528,True
analysis_2/results/all_variants/merged_results.tsv,clingen_28012026,CPSR,PP1,0,1327,0,1327,True
analysis_2/results/all_variants/merged_results.tsv,clingen_28012026,CPSR,PP2,71,718,71,720,False
analysis_2/results/all_variants/merged_results.tsv,clingen_28012026,CPSR,PP3,503,3914,503,3933,False
analysis_2/results/all_variants/merged_results.tsv,clingen_28012026,CPSR,PP4,0,3759,0,3759,True
analysis_2/results/all_variants/merged_results.tsv,clingen_28012026,CPSR,PP5,0,0,0,0,True
analysis_2/results/all_variants/merged_results.tsv,clingen_28012026,CPSR,BA1,116,1008,116,1008,True
analysis_2/results/all_variants/merged_results.tsv,clingen_28012026,CPSR,BS1,137,949,137,964,False
analysis_2/results/all_variants/merged_results.tsv,clingen_28012026,CPSR,BS2,0,701,0,701,True
analysis_2/results/all_variants/merged_results.tsv,clingen_28012026,CPSR,BS3,0,277,0,277,True
analysis_2/results/all_variants/merged_results.tsv,clingen_28012026,CPSR,BS4,0,30,0,30,True
analysis_2/results/all_variants/merged_results.tsv,clingen_28012026,CPSR,BP1,49,427,49,432,False
analysis_2/results/all_variants/merged_results.tsv,clingen_28012026,CPSR,BP2,0,211,0,211,True
analysis_2/results/all_variants/merged_results.tsv,clingen_28012026,CPSR,BP3,0,180,0,210,False
analysis_2/results/all_variants/merged_results.tsv,clingen_28012026,CPSR,BP4,101,2216,101,2216,True
analysis_2/results/all_variants/merged_results.tsv,clingen_28012026,CPSR,BP5,0,228,0,228,True
analysis_2/results/all_variants/merged_results.tsv,clingen_28012026,CPSR,BP6,0,0,0,0,True
analysis_2/results/all_variants/merged_results.tsv,clingen_28012026,CPSR,BP7,446,1220,446,1222,False
analysis_2/results/all_variants/merged_results_backup.tsv,clingen_28012026,InterVar_2018,PVS1,522,2481,522,2483,False
analysis_2/results/all_variants/merged_results_backup.tsv,clingen_28012026,InterVar_2018,PS1,4,143,4,143,True
analysis_2/results/all_variants/merged_results_backup.tsv,clingen_28012026,InterVar_2018,PS2,0,341,0,341,True
analysis_2/results/all_variants/merged_results_backup.tsv,clingen_28012026,InterVar_2018,PS3,0,1372,0,1372,True
analysis_2/results/all_variants/merged_results_backup.tsv,clingen_28012026,InterVar_2018,PS4,0,2074,0,2074,True
analysis_2/results/all_variants/merged_results_backup.tsv,clingen_28012026,InterVar_2018,PM1,985,4558,985,4666,False
analysis_2/results/all_variants/merged_results_backup.tsv,clingen_28012026,InterVar_2018,PM2,4673,9375,4673,9518,False
analysis_2/results/all_variants/merged_results_backup.tsv,clingen_28012026,InterVar_2018,PM3,0,2206,0,2206,True
analysis_2/results/all_variants/merged_results_backup.tsv,clingen_28012026,InterVar_2018,PM4,12,208,12,208,True
analysis_2/results/all_variants/merged_results_backup.tsv,clingen_28012026,InterVar_2018,PM5,56,1241,56,1241,True
analysis_2/results/all_variants/merged_results_backup.tsv,clingen_28012026,InterVar_2018,PM6,0,236,0,236,True
analysis_2/results/all_variants/merged_results_backup.tsv,clingen_28012026,InterVar_2018,PP1,0,1327,0,1327,True
analysis_2/results/all_variants/merged_results_backup.tsv,clingen_28012026,InterVar_2018,PP2,47,1037,47,1058,False
analysis_2/results/all_variants/merged_results_backup.tsv,clingen_28012026,InterVar_2018,PP3,2813,5195,2813,5306,False
analysis_2/results/all_variants/merged_results_backup.tsv,clingen_28012026,InterVar_2018,PP4,0,3759,0,3759,True
analysis_2/results/all_variants/merged_results_backup.tsv,clingen_28012026,InterVar_2018,PP5,0,1559,0,1568,False
analysis_2/results/all_variants/merged_results_backup.tsv,clingen_28012026,InterVar_2018,BA1,104,1005,104,1005,True
analysis_2/results/all_variants/merged_results_backup.tsv,clingen_28012026,InterVar_2018,BS1,59,1036,59,1039,False
analysis_2/results/all_variants/merged_results_backup.tsv,clingen_28012026,InterVar_2018,BS2,0,701,0,701,True
analysis_2/results/all_variants/merged_results_backup.tsv,clingen_28012026,InterVar_2018,BS3,0,277,0,277,True
analysis_2/results/all_variants/merged_results_backup.tsv,clingen_28012026,InterVar_2018,BS4,0,30,0,30,True
analysis_2/results/all_variants/merged_results_backup.tsv,clingen_28012026,InterVar_2018,BP1,44,965,44,980,False
analysis_2/results/all_variants/merged_results_backup.tsv,clingen_28012026,InterVar_2018,BP2,0,211,0,211,True
analysis_2/results/all_variants/merged_results_backup.tsv,clingen_28012026,InterVar_2018,BP3,0,20,0,20,True
analysis_2/results/all_variants/merged_results_backup.tsv,clingen_28012026,InterVar_2018,BP4,780,2581,780,2599,False
analysis_2/results/all_variants/merged_results_backup.tsv,clingen_28012026,InterVar_2018,BP5,0,228,0,228,True
analysis_2/results/all_variants/merged_results_backup.tsv,clingen_28012026,InterVar_2018,BP6,0,710,0,729,False
analysis_2/results/all_variants/merged_results_backup.tsv,clingen_28012026,InterVar_2018,BP7,508,1228,508,1235,False
analysis_2/results/all_variants/merged_results_backup.tsv,clingen_28012026,InterVar_2025,PVS1,1132,2516,1132,2520,False
analysis_2/results/all_variants/merged_results_backup.tsv,clingen_28012026,InterVar_2025,PS1,7,153,7,153,True
analysis_2/results/all_variants/merged_results_backup.tsv,clingen_28012026,InterVar_2025,PS2,0,341,0,341,True
analysis_2/results/all_variants/merged_results_backup.tsv,clingen_28012026,InterVar_2025,PS3,0,1372,0,1372,True
analysis_2/results/all_variants/merged_results_backup.tsv,clingen_28012026,InterVar_2025,PS4,0,2075,0,2075,True
analysis_2/results/all_variants/merged_results_backup.tsv,clingen_28012026,InterVar_2025,PM1,1034,5555,1034,5730,False
analysis_2/results/all_variants/merged_results_backup.tsv,clingen_28012026,InterVar_2025,PM2,423,8132,423,8144,False
analysis_2/results/all_variants/merged_results_backup.tsv,clingen_28012026,InterVar_2025,PM3,0,2206,0,2206,True
analysis_2/results/all_variants/merged_results_backup.tsv,clingen_28012026,InterVar_2025,PM4,14,209,14,209,True
analysis_2/results/all_variants/merged_results_backup.tsv,clingen_28012026,InterVar_2025,PM5,142,1377,142,1377,True
analysis_2/results/all_variants/merged_results_backup.tsv,clingen_28012026,InterVar_2025,PM6,0,236,0,236,True
analysis_2/results/all_variants/merged_results_backup.tsv,clingen_28012026,InterVar_2025,PP1,0,1327,0,1327,True
analysis_2/results/all_variants/merged_results_backup.tsv,clingen_28012026,InterVar_2025,PP2,52,1595,52,1616,False
analysis_2/results/all_variants/merged_results_backup.tsv,clingen_28012026,InterVar_2025,PP3,3325,5976,3325,6104,False
analysis_2/results/all_variants/merged_results_backup.tsv,clingen_28012026,InterVar_2025,PP4,0,3759,0,3759,True
analysis_2/results/all_variants/merged_results_backup.tsv,clingen_28012026,InterVar_2025,PP5,0,3764,0,3764,True
analysis_2/results/all_variants/merged_results_backup.tsv,clingen_28012026,InterVar_2025,BA1,138,1005,138,1005,True
analysis_2/results/all_variants/merged_results_backup.tsv,clingen_28012026,InterVar_2025,BS1,514,8628,514,8860,False
analysis_2/results/all_variants/merged_results_backup.tsv,clingen_28012026,InterVar_2025,BS2,0,701,0,701,True
analysis_2/results/all_variants/merged_results_backup.tsv,clingen_28012026,InterVar_2025,BS3,0,277,0,277,True
analysis_2/results/all_variants/merged_results_backup.tsv,clingen_28012026,InterVar_2025,BS4,0,30,0,30,True
analysis_2/results/all_variants/merged_results_backup.tsv,clingen_28012026,InterVar_2025,BP1,49,2760,49,2849,False
analysis_2/results/all_variants/merged_results_backup.tsv,clingen_28012026,InterVar_2025,BP2,0,211,0,211,True
analysis_2/results/all_variants/merged_results_backup.tsv,clingen_28012026,InterVar_2025,BP3,0,20,0,20,True
analysis_2/results/all_variants/merged_results_backup.tsv,clingen_28012026,InterVar_2025,BP4,919,2638,919,2661,False
analysis_2/results/all_variants/merged_results_backup.tsv,clingen_28012026,InterVar_2025,BP5,0,228,0,228,True
analysis_2/results/all_variants/merged_results_backup.tsv,clingen_28012026,InterVar_2025,BP6,0,2080,0,2081,False
analysis_2/results/all_variants/merged_results_backup.tsv,clingen_28012026,InterVar_2025,BP7,629,1277,629,1285,False
analysis_2/results/all_variants/merged_results_backup.tsv,clingen_28012026,BIAS,PVS1,2210,2810,2210,2822,False
analysis_2/results/all_variants/merged_results_backup.tsv,clingen_28012026,BIAS,PS1,5,398,5,398,True
analysis_2/results/all_variants/merged_results_backup.tsv,clingen_28012026,BIAS,PS2,0,341,0,341,True
analysis_2/results/all_variants/merged_results_backup.tsv,clingen_28012026,BIAS,PS3,790,3000,790,3029,False
analysis_2/results/all_variants/merged_results_backup.tsv,clingen_28012026,BIAS,PS4,217,3466,217,3545,False
analysis_2/results/all_variants/merged_results_backup.tsv,clingen_28012026,BIAS,PM1,475,2867,475,2885,False
analysis_2/results/all_variants/merged_results_backup.tsv,clingen_28012026,BIAS,PM2,7198,8973,7198,9101,False
analysis_2/results/all_variants/merged_results_backup.tsv,clingen_28012026,BIAS,PM3,0,2206,0,2206,True
analysis_2/results/all_variants/merged_results_backup.tsv,clingen_28012026,BIAS,PM4,20,287,20,287,True
analysis_2/results/all_variants/merged_results_backup.tsv,clingen_28012026,BIAS,PM5,364,1832,364,1836,False
analysis_2/results/all_variants/merged_results_backup.tsv,clingen_28012026,BIAS,PM6,0,236,0,236,True
analysis_2/results/all_variants/merged_results_backup.tsv,clingen_28012026,BIAS,PP1,0,1327,0,1327,True
analysis_2/results/all_variants/merged_results_backup.tsv,clingen_28012026,BIAS,PP2,512,1288,512,1307,False
analysis_2/results/all_variants/merged_results_backup.tsv,clingen_28012026,BIAS,PP3,3317,4504,3317,4575,False
analysis_2/results/all_variants/merged_results_backup.tsv,clingen_28012026,BIAS,PP4,0,3759,0,3759,True
analysis_2/results/all_variants/merged_results_backup.tsv,clingen_28012026,BIAS,PP5,0,3596,0,3603,False
analysis_2/results/all_variants/merged_results_backup.tsv,clingen_28012026,BIAS,BA1,524,1056,524,1056,True
analysis_2/results/all_variants/merged_results_backup.tsv,clingen_28012026,BIAS,BS1,298,1129,298,1150,False
analysis_2/results/all_variants/merged_results_backup.tsv,clingen_28012026,BIAS,BS2,257,1774,257,1826,False
analysis_2/results/all_variants/merged_results_backup.tsv,clingen_28012026,BIAS,BS3,0,277,0,277,True
analysis_2/results/all_variants/merged_results_backup.tsv,clingen_28012026,BIAS,BS4,0,30,0,30,True
analysis_2/results/all_variants/merged_results_backup.tsv,clingen_28012026,BIAS,BP1,14,387,14,422,False
analysis_2/results/all_variants/merged_results_backup.tsv,clingen_28012026,BIAS,BP2,0,211,0,211,True
analysis_2/results/all_variants/merged_results_backup.tsv,clingen_28012026,BIAS,BP3,0,26,0,26,True
analysis_2/results/all_variants/merged_results_backup.tsv,clingen_28012026,BIAS,BP4,1740,5385,1740,5528,False
analysis_2/results/all_variants/merged_results_backup.tsv,clingen_28012026,BIAS,BP5,0,228,0,228,True
analysis_2/results/all_variants/merged_results_backup.tsv,clingen_28012026,BIAS,BP6,0,2121,0,2147,False
analysis_2/results/all_variants/merged_results_backup.tsv,clingen_28012026,BIAS,BP7,807,1441,807,1451,False
analysis_2/results/all_variants/merged_results_backup.tsv,clingen_28012026,CharGer_Local,PVS1,0,2475,0,2475,True
analysis_2/results/all_variants/merged_results_backup.tsv,clingen_28012026,CharGer_Local,PS1,0,138,0,138,True
analysis_2/results/all_variants/merged_results_backup.tsv,clingen_28012026,CharGer_Local,PS2,0,341,0,341,True
analysis_2/results/all_variants/merged_results_backup.tsv,clingen_28012026,CharGer_Local,PS3,0,1372,0,1372,True
analysis_2/results/all_variants/merged_results_backup.tsv,clingen_28012026,CharGer_Local,PS4,0,2074,0,2074,True
analysis_2/results/all_variants/merged_results_backup.tsv,clingen_28012026,CharGer_Local,PM1,0,1308,0,1308,True
analysis_2/results/all_variants/merged_results_backup.tsv,clingen_28012026,CharGer_Local,PM2,6463,10158,6463,10404,False
analysis_2/results/all_variants/merged_results_backup.tsv,clingen_28012026,CharGer_Local,PM3,0,2206,0,2206,True
analysis_2/results/all_variants/merged_results_backup.tsv,clingen_28012026,CharGer_Local,PM4,0,204,0,204,True
analysis_2/results/all_variants/merged_results_backup.tsv,clingen_28012026,CharGer_Local,PM5,0,1203,0,1203,True
analysis_2/results/all_variants/merged_results_backup.tsv,clingen_28012026,CharGer_Local,PM6,0,236,0,236,True
analysis_2/results/all_variants/merged_results_backup.tsv,clingen_28012026,CharGer_Local,PP1,0,1327,0,1327,True
analysis_2/results/all_variants/merged_results_backup.tsv,clingen_28012026,CharGer_Local,PP2,0,655,0,655,True
analysis_2/results/all_variants/merged_results_backup.tsv,clingen_28012026,CharGer_Local,PP3,901,4237,901,4298,False
analysis_2/results/all_variants/merged_results_backup.tsv,clingen_28012026,CharGer_Local,PP4,0,3759,0,3759,True
analysis_2/results/all_variants/merged_results_backup.tsv,clingen_28012026,CharGer_Local,PP5,0,0,0,0,True
analysis_2/results/all_variants/merged_results_backup.tsv,clingen_28012026,CharGer_Local,BA1,167,1005,167,1005,True
analysis_2/results/all_variants/merged_results_backup.tsv,clingen_28012026,CharGer_Local,BS1,0,668,0,668,True
analysis_2/results/all_variants/merged_results_backup.tsv,clingen_28012026,CharGer_Local,BS2,0,701,0,701,True
analysis_2/results/all_variants/merged_results_backup.tsv,clingen_28012026,CharGer_Local,BS3,0,277,0,277,True
analysis_2/results/all_variants/merged_results_backup.tsv,clingen_28012026,CharGer_Local,BS4,0,30,0,30,True
analysis_2/results/all_variants/merged_results_backup.tsv,clingen_28012026,CharGer_Local,BP1,0,51,0,51,True
analysis_2/results/all_variants/merged_results_backup.tsv,clingen_28012026,CharGer_Local,BP2,0,211,0,211,True
analysis_2/results/all_variants/merged_results_backup.tsv,clingen_28012026,CharGer_Local,BP3,0,20,0,20,True
analysis_2/results/all_variants/merged_results_backup.tsv,clingen_28012026,CharGer_Local,BP4,613,3014,613,3069,False
analysis_2/results/all_variants/merged_results_backup.tsv,clingen_28012026,CharGer_Local,BP5,0,228,0,228,True
analysis_2/results/all_variants/merged_results_backup.tsv,clingen_28012026,CharGer_Local,BP6,0,0,0,0,True
analysis_2/results/all_variants/merged_results_backup.tsv,clingen_28012026,CharGer_Local,BP7,0,936,0,936,True
analysis_2/results/all_variants/merged_results_backup.tsv,clingen_28012026,CharGer_Online,PVS1,0,2475,0,2475,True
analysis_2/results/all_variants/merged_results_backup.tsv,clingen_28012026,CharGer_Online,PS1,28,1182,28,1184,False
analysis_2/results/all_variants/merged_results_backup.tsv,clingen_28012026,CharGer_Online,PS2,0,341,0,341,True
analysis_2/results/all_variants/merged_results_backup.tsv,clingen_28012026,CharGer_Online,PS3,0,1372,0,1372,True
analysis_2/results/all_variants/merged_results_backup.tsv,clingen_28012026,CharGer_Online,PS4,0,2074,0,2074,True
analysis_2/results/all_variants/merged_results_backup.tsv,clingen_28012026,CharGer_Online,PM1,0,1308,0,1308,True
analysis_2/results/all_variants/merged_results_backup.tsv,clingen_28012026,CharGer_Online,PM2,6466,10976,6466,11224,False
analysis_2/results/all_variants/merged_results_backup.tsv,clingen_28012026,CharGer_Online,PM3,0,2206,0,2206,True
analysis_2/results/all_variants/merged_results_backup.tsv,clingen_28012026,CharGer_Online,PM4,0,204,0,204,True
analysis_2/results/all_variants/merged_results_backup.tsv,clingen_28012026,CharGer_Online,PM5,0,1203,0,1203,True
analysis_2/results/all_variants/merged_results_backup.tsv,clingen_28012026,CharGer_Online,PM6,0,236,0,236,True
analysis_2/results/all_variants/merged_results_backup.tsv,clingen_28012026,CharGer_Online,PP1,0,1327,0,1327,True
analysis_2/results/all_variants/merged_results_backup.tsv,clingen_28012026,CharGer_Online,PP2,0,655,0,655,True
analysis_2/results/all_variants/merged_results_backup.tsv,clingen_28012026,CharGer_Online,PP3,32,3592,32,3592,True
analysis_2/results/all_variants/merged_results_backup.tsv,clingen_28012026,CharGer_Online,PP4,0,3759,0,3759,True
analysis_2/results/all_variants/merged_results_backup.tsv,clingen_28012026,CharGer_Online,PP5,0,0,0,0,True
analysis_2/results/all_variants/merged_results_backup.tsv,clingen_28012026,CharGer_Online,BA1,0,1005,0,1005,True
analysis_2/results/all_variants/merged_results_backup.tsv,clingen_28012026,CharGer_Online,BS1,0,668,0,668,True
analysis_2/results/all_variants/merged_results_backup.tsv,clingen_28012026,CharGer_Online,BS2,0,701,0,701,True
analysis_2/results/all_variants/merged_results_backup.tsv,clingen_28012026,CharGer_Online,BS3,0,277,0,277,True
analysis_2/results/all_variants/merged_results_backup.tsv,clingen_28012026,CharGer_Online,BS4,0,30,0,30,True
analysis_2/results/all_variants/merged_results_backup.tsv,clingen_28012026,CharGer_Online,BP1,0,51,0,51,True
analysis_2/results/all_variants/merged_results_backup.tsv,clingen_28012026,CharGer_Online,BP2,0,211,0,211,True
analysis_2/results/all_variants/merged_results_backup.tsv,clingen_28012026,CharGer_Online,BP3,0,20,0,20,True
analysis_2/results/all_variants/merged_results_backup.tsv,clingen_28012026,CharGer_Online,BP4,45,2291,45,2293,False
analysis_2/results/all_variants/merged_results_backup.tsv,clingen_28012026,CharGer_Online,BP5,0,228,0,228,True
analysis_2/results/all_variants/merged_results_backup.tsv,clingen_28012026,CharGer_Online,BP6,0,0,0,0,True
analysis_2/results/all_variants/merged_results_backup.tsv,clingen_28012026,CharGer_Online,BP7,0,936,0,936,True
analysis_2/results/all_variants/merged_results_backup.tsv,clingen_28012026,DiabloACMG,PVS1,1133,2519,1133,2523,False
analysis_2/results/all_variants/merged_results_backup.tsv,clingen_28012026,DiabloACMG,PS1,32,1511,32,1515,False
analysis_2/results/all_variants/merged_results_backup.tsv,clingen_28012026,DiabloACMG,PS2,0,341,0,341,True
analysis_2/results/all_variants/merged_results_backup.tsv,clingen_28012026,DiabloACMG,PS3,654,2779,654,2779,True
analysis_2/results/all_variants/merged_results_backup.tsv,clingen_28012026,DiabloACMG,PS4,0,2074,0,2074,True
analysis_2/results/all_variants/merged_results_backup.tsv,clingen_28012026,DiabloACMG,PM1,519,2971,519,3032,False
analysis_2/results/all_variants/merged_results_backup.tsv,clingen_28012026,DiabloACMG,PM2,6459,10428,6459,10672,False
analysis_2/results/all_variants/merged_results_backup.tsv,clingen_28012026,DiabloACMG,PM3,0,2206,0,2206,True
analysis_2/results/all_variants/merged_results_backup.tsv,clingen_28012026,DiabloACMG,PM4,14,209,14,209,True
analysis_2/results/all_variants/merged_results_backup.tsv,clingen_28012026,DiabloACMG,PM5,196,1480,196,1480,True
analysis_2/results/all_variants/merged_results_backup.tsv,clingen_28012026,DiabloACMG,PM6,0,236,0,236,True
analysis_2/results/all_variants/merged_results_backup.tsv,clingen_28012026,DiabloACMG,PP1,0,1327,0,1327,True
analysis_2/results/all_variants/merged_results_backup.tsv,clingen_28012026,DiabloACMG,PP2,52,1595,52,1616,False
analysis_2/results/all_variants/merged_results_backup.tsv,clingen_28012026,DiabloACMG,PP3,3263,5971,3263,6113,False
analysis_2/results/all_variants/merged_results_backup.tsv,clingen_28012026,DiabloACMG,PP4,0,3759,0,3759,True
analysis_2/results/all_variants/merged_results_backup.tsv,clingen_28012026,DiabloACMG,PP5,0,4074,0,4076,False
analysis_2/results/all_variants/merged_results_backup.tsv,clingen_28012026,DiabloACMG,BA1,166,1005,166,1005,True
analysis_2/results/all_variants/merged_results_backup.tsv,clingen_28012026,DiabloACMG,BS1,0,834,0,834,True
analysis_2/results/all_variants/merged_results_backup.tsv,clingen_28012026,DiabloACMG,BS2,51,985,51,993,False
analysis_2/results/all_variants/merged_results_backup.tsv,clingen_28012026,DiabloACMG,BS3,174,2316,174,2317,False
analysis_2/results/all_variants/merged_results_backup.tsv,clingen_28012026,DiabloACMG,BS4,0,30,0,30,True
analysis_2/results/all_variants/merged_results_backup.tsv,clingen_28012026,DiabloACMG,BP1,49,2752,49,2841,False
analysis_2/results/all_variants/merged_results_backup.tsv,clingen_28012026,DiabloACMG,BP2,0,211,0,211,True
analysis_2/results/all_variants/merged_results_backup.tsv,clingen_28012026,DiabloACMG,BP3,0,20,0,20,True
analysis_2/results/all_variants/merged_results_backup.tsv,clingen_28012026,DiabloACMG,BP4,1180,3016,1180,3052,False
analysis_2/results/all_variants/merged_results_backup.tsv,clingen_28012026,DiabloACMG,BP5,0,228,0,228,True
analysis_2/results/all_variants/merged_results_backup.tsv,clingen_28012026,DiabloACMG,BP6,0,2288,0,2289,False
analysis_2/results/all_variants/merged_results_backup.tsv,clingen_28012026,DiabloACMG,BP7,628,1258,628,1264,False
analysis_2/results/all_variants/merged_results_backup.tsv,clingen_28012026,Exomiser,PVS1,17,2486,17,2486,True
analysis_2/results/all_variants/merged_results_backup.tsv,clingen_28012026,Exomiser,PS1,0,139,0,139,True
analysis_2/results/all_variants/merged_results_backup.tsv,clingen_28012026,Exomiser,PS2,0,341,0,341,True
analysis_2/results/all_variants/merged_results_backup.tsv,clingen_28012026,Exomiser,PS3,0,1372,0,1372,True
analysis_2/results/all_variants/merged_results_backup.tsv,clingen_28012026,Exomiser,PS4,0,2074,0,2074,True
analysis_2/results/all_variants/merged_results_backup.tsv,clingen_28012026,Exomiser,PM1,4,1323,4,1323,True
analysis_2/results/all_variants/merged_results_backup.tsv,clingen_28012026,Exomiser,PM2,70,7893,70,7893,True
analysis_2/results/all_variants/merged_results_backup.tsv,clingen_28012026,Exomiser,PM3,0,2206,0,2206,True
analysis_2/results/all_variants/merged_results_backup.tsv,clingen_28012026,Exomiser,PM4,4,204,4,204,True
analysis_2/results/all_variants/merged_results_backup.tsv,clingen_28012026,Exomiser,PM5,4,1218,4,1218,True
analysis_2/results/all_variants/merged_results_backup.tsv,clingen_28012026,Exomiser,PM6,0,236,0,236,True
analysis_2/results/all_variants/merged_results_backup.tsv,clingen_28012026,Exomiser,PP1,0,1327,0,1327,True
analysis_2/results/all_variants/merged_results_backup.tsv,clingen_28012026,Exomiser,PP2,0,655,0,655,True
analysis_2/results/all_variants/merged_results_backup.tsv,clingen_28012026,Exomiser,PP3,36,3566,36,3566,True
analysis_2/results/all_variants/merged_results_backup.tsv,clingen_28012026,Exomiser,PP4,0,3759,0,3759,True
analysis_2/results/all_variants/merged_results_backup.tsv,clingen_28012026,Exomiser,PP5,0,84,0,84,True
analysis_2/results/all_variants/merged_results_backup.tsv,clingen_28012026,Exomiser,BA1,0,1005,0,1005,True
analysis_2/results/all_variants/merged_results_backup.tsv,clingen_28012026,Exomiser,BS1,0,668,0,668,True
analysis_2/results/all_variants/merged_results_backup.tsv,clingen_28012026,Exomiser,BS2,0,701,0,701,True
analysis_2/results/all_variants/merged_results_backup.tsv,clingen_28012026,Exomiser,BS3,0,277,0,277,True
analysis_2/results/all_variants/merged_results_backup.tsv,clingen_28012026,Exomiser,BS4,0,30,0,30,True
analysis_2/results/all_variants/merged_results_backup.tsv,clingen_28012026,Exomiser,BP1,0,51,0,51,True
analysis_2/results/all_variants/merged_results_backup.tsv,clingen_28012026,Exomiser,BP2,0,211,0,211,True
analysis_2/results/all_variants/merged_results_backup.tsv,clingen_28012026,Exomiser,BP3,0,20,0,20,True
analysis_2/results/all_variants/merged_results_backup.tsv,clingen_28012026,Exomiser,BP4,1,2155,1,2155,True
analysis_2/results/all_variants/merged_results_backup.tsv,clingen_28012026,Exomiser,BP5,0,228,0,228,True
analysis_2/results/all_variants/merged_results_backup.tsv,clingen_28012026,Exomiser,BP6,0,1,0,1,True
analysis_2/results/all_variants/merged_results_backup.tsv,clingen_28012026,Exomiser,BP7,0,936,0,936,True
analysis_2/results/all_variants/merged_results_backup.tsv,clingen_28012026,Genebe,PVS1,2319,2769,2319,2778,False
analysis_2/results/all_variants/merged_results_backup.tsv,clingen_28012026,Genebe,PS1,97,158,97,158,True
analysis_2/results/all_variants/merged_results_backup.tsv,clingen_28012026,Genebe,PS2,268,342,268,342,True
analysis_2/results/all_variants/merged_results_backup.tsv,clingen_28012026,Genebe,PS3,1248,1498,1248,1500,False
analysis_2/results/all_variants/merged_results_backup.tsv,clingen_28012026,Genebe,PS4,1592,2080,1592,2080,True
analysis_2/results/all_variants/merged_results_backup.tsv,clingen_28012026,Genebe,PM1,1234,1814,1234,1817,False
analysis_2/results/all_variants/merged_results_backup.tsv,clingen_28012026,Genebe,PM2,7622,8075,7622,8092,False
analysis_2/results/all_variants/merged_results_backup.tsv,clingen_28012026,Genebe,PM3,1433,2210,1433,2210,True
analysis_2/results/all_variants/merged_results_backup.tsv,clingen_28012026,Genebe,PM4,46,291,46,291,True
analysis_2/results/all_variants/merged_results_backup.tsv,clingen_28012026,Genebe,PM5,967,1444,967,1446,False
analysis_2/results/all_variants/merged_results_backup.tsv,clingen_28012026,Genebe,PM6,188,239,188,239,True
analysis_2/results/all_variants/merged_results_backup.tsv,clingen_28012026,Genebe,PP1,975,1330,975,1330,True
analysis_2/results/all_variants/merged_results_backup.tsv,clingen_28012026,Genebe,PP2,639,1014,639,1014,True
analysis_2/results/all_variants/merged_results_backup.tsv,clingen_28012026,Genebe,PP3,3481,3765,3481,3770,False
analysis_2/results/all_variants/merged_results_backup.tsv,clingen_28012026,Genebe,PP4,2572,3763,2572,3763,True
analysis_2/results/all_variants/merged_results_backup.tsv,clingen_28012026,Genebe,PP5,0,778,0,779,False
analysis_2/results/all_variants/merged_results_backup.tsv,clingen_28012026,Genebe,BA1,864,1007,864,1007,True
analysis_2/results/all_variants/merged_results_backup.tsv,clingen_28012026,Genebe,BS1,553,724,553,726,False
analysis_2/results/all_variants/merged_results_backup.tsv,clingen_28012026,Genebe,BS2,649,849,649,858,False
analysis_2/results/all_variants/merged_results_backup.tsv,clingen_28012026,Genebe,BS3,243,280,243,281,False
analysis_2/results/all_variants/merged_results_backup.tsv,clingen_28012026,Genebe,BS4,28,30,28,31,False
analysis_2/results/all_variants/merged_results_backup.tsv,clingen_28012026,Genebe,BP1,48,51,48,51,True
analysis_2/results/all_variants/merged_results_backup.tsv,clingen_28012026,Genebe,BP2,187,211,187,211,True
analysis_2/results/all_variants/merged_results_backup.tsv,clingen_28012026,Genebe,BP3,0,25,0,25,True
analysis_2/results/all_variants/merged_results_backup.tsv,clingen_28012026,Genebe,BP4,2053,2356,2053,2370,False
analysis_2/results/all_variants/merged_results_backup.tsv,clingen_28012026,Genebe,BP5,190,228,190,228,True
analysis_2/results/all_variants/merged_results_backup.tsv,clingen_28012026,Genebe,BP6,0,249,0,249,True
analysis_2/results/all_variants/merged_results_backup.tsv,clingen_28012026,Genebe,BP7,849,958,849,958,True
analysis_2/results/all_variants/merged_results_backup.tsv,clingen_28012026,TAPES,PVS1,1362,2635,1362,2641,False
analysis_2/results/all_variants/merged_results_backup.tsv,clingen_28012026,TAPES,PS1,1,141,1,141,True
analysis_2/results/all_variants/merged_results_backup.tsv,clingen_28012026,TAPES,PS2,0,341,0,341,True
analysis_2/results/all_variants/merged_results_backup.tsv,clingen_28012026,TAPES,PS3,45,1429,45,1429,True
analysis_2/results/all_variants/merged_results_backup.tsv,clingen_28012026,TAPES,PS4,0,2075,0,2075,True
analysis_2/results/all_variants/merged_results_backup.tsv,clingen_28012026,TAPES,PM1,1121,5055,1121,5181,False
analysis_2/results/all_variants/merged_results_backup.tsv,clingen_28012026,TAPES,PM2,7684,9910,7684,10126,False
analysis_2/results/all_variants/merged_results_backup.tsv,clingen_28012026,TAPES,PM3,0,2206,0,2206,True
analysis_2/results/all_variants/merged_results_backup.tsv,clingen_28012026,TAPES,PM4,17,272,17,272,True
analysis_2/results/all_variants/merged_results_backup.tsv,clingen_28012026,TAPES,PM5,0,1207,0,1207,True
analysis_2/results/all_variants/merged_results_backup.tsv,clingen_28012026,TAPES,PM6,0,236,0,236,True
analysis_2/results/all_variants/merged_results_backup.tsv,clingen_28012026,TAPES,PP1,0,1327,0,1327,True
analysis_2/results/all_variants/merged_results_backup.tsv,clingen_28012026,TAPES,PP2,0,655,0,655,True
analysis_2/results/all_variants/merged_results_backup.tsv,clingen_28012026,TAPES,PP3,3285,5939,3285,6085,False
analysis_2/results/all_variants/merged_results_backup.tsv,clingen_28012026,TAPES,PP4,0,3759,0,3759,True
analysis_2/results/all_variants/merged_results_backup.tsv,clingen_28012026,TAPES,PP5,0,2514,0,2538,False
analysis_2/results/all_variants/merged_results_backup.tsv,clingen_28012026,TAPES,BA1,171,1006,171,1006,True
analysis_2/results/all_variants/merged_results_backup.tsv,clingen_28012026,TAPES,BS1,108,1293,108,1296,False
analysis_2/results/all_variants/merged_results_backup.tsv,clingen_28012026,TAPES,BS2,1,707,1,707,True
analysis_2/results/all_variants/merged_results_backup.tsv,clingen_28012026,TAPES,BS3,4,485,4,485,True
analysis_2/results/all_variants/merged_results_backup.tsv,clingen_28012026,TAPES,BS4,0,30,0,30,True
analysis_2/results/all_variants/merged_results_backup.tsv,clingen_28012026,TAPES,BP1,0,51,0,51,True
analysis_2/results/all_variants/merged_results_backup.tsv,clingen_28012026,TAPES,BP2,0,211,0,211,True
analysis_2/results/all_variants/merged_results_backup.tsv,clingen_28012026,TAPES,BP3,0,59,0,59,True
analysis_2/results/all_variants/merged_results_backup.tsv,clingen_28012026,TAPES,BP4,507,2626,507,2651,False
analysis_2/results/all_variants/merged_results_backup.tsv,clingen_28012026,TAPES,BP5,0,228,0,228,True
analysis_2/results/all_variants/merged_results_backup.tsv,clingen_28012026,TAPES,BP6,0,400,0,404,False
analysis_2/results/all_variants/merged_results_backup.tsv,clingen_28012026,TAPES,BP7,0,936,0,936,True
analysis_2/results/all_variants/merged_results_backup.tsv,clingen_28012026,Franklin,PVS1,1828,2664,1828,2672,False
analysis_2/results/all_variants/merged_results_backup.tsv,clingen_28012026,Franklin,PS1,75,311,75,311,True
analysis_2/results/all_variants/merged_results_backup.tsv,clingen_28012026,Franklin,PS2,250,374,250,374,True
analysis_2/results/all_variants/merged_results_backup.tsv,clingen_28012026,Franklin,PS3,1023,1500,1023,1501,False
analysis_2/results/all_variants/merged_results_backup.tsv,clingen_28012026,Franklin,PS4,1442,2314,1442,2314,True
analysis_2/results/all_variants/merged_results_backup.tsv,clingen_28012026,Franklin,PM1,1084,3595,1084,3617,False
analysis_2/results/all_variants/merged_results_backup.tsv,clingen_28012026,Franklin,PM2,6733,9437,6733,9636,False
analysis_2/results/all_variants/merged_results_backup.tsv,clingen_28012026,Franklin,PM3,1417,2361,1417,2361,True
analysis_2/results/all_variants/merged_results_backup.tsv,clingen_28012026,Franklin,PM4,37,266,37,266,True
analysis_2/results/all_variants/merged_results_backup.tsv,clingen_28012026,Franklin,PM5,963,2767,963,2779,False
analysis_2/results/all_variants/merged_results_backup.tsv,clingen_28012026,Franklin,PM6,157,246,157,246,True
analysis_2/results/all_variants/merged_results_backup.tsv,clingen_28012026,Franklin,PP1,840,1388,840,1388,True
analysis_2/results/all_variants/merged_results_backup.tsv,clingen_28012026,Franklin,PP2,601,3898,601,3986,False
analysis_2/results/all_variants/merged_results_backup.tsv,clingen_28012026,Franklin,PP3,3441,4366,3441,4437,False
analysis_2/results/all_variants/merged_results_backup.tsv,clingen_28012026,Franklin,PP4,2008,3762,2008,3762,True
analysis_2/results/all_variants/merged_results_backup.tsv,clingen_28012026,Franklin,PP5,0,4050,0,4052,False
analysis_2/results/all_variants/merged_results_backup.tsv,clingen_28012026,Franklin,BA1,180,1037,180,1037,True
analysis_2/results/all_variants/merged_results_backup.tsv,clingen_28012026,Franklin,BS1,113,830,113,831,False
analysis_2/results/all_variants/merged_results_backup.tsv,clingen_28012026,Franklin,BS2,454,1006,454,1016,False
analysis_2/results/all_variants/merged_results_backup.tsv,clingen_28012026,Franklin,BS3,212,305,212,307,False
analysis_2/results/all_variants/merged_results_backup.tsv,clingen_28012026,Franklin,BS4,17,31,17,32,False
analysis_2/results/all_variants/merged_results_backup.tsv,clingen_28012026,Franklin,BP1,0,51,0,51,True
analysis_2/results/all_variants/merged_results_backup.tsv,clingen_28012026,Franklin,BP2,77,211,77,211,True
analysis_2/results/all_variants/merged_results_backup.tsv,clingen_28012026,Franklin,BP3,0,25,0,25,True
analysis_2/results/all_variants/merged_results_backup.tsv,clingen_28012026,Franklin,BP4,505,2319,505,2329,False
analysis_2/results/all_variants/merged_results_backup.tsv,clingen_28012026,Franklin,BP5,115,228,115,228,True
analysis_2/results/all_variants/merged_results_backup.tsv,clingen_28012026,Franklin,BP6,0,1214,0,1215,False
analysis_2/results/all_variants/merged_results_backup.tsv,clingen_28012026,Franklin,BP7,58,936,58,936,True
analysis_2/results/all_variants/merged_results_backup.tsv,clingen_28012026,AutoGVP,PVS1,1131,2516,1131,2520,False
analysis_2/results/all_variants/merged_results_backup.tsv,clingen_28012026,AutoGVP,PS1,7,153,7,153,True
analysis_2/results/all_variants/merged_results_backup.tsv,clingen_28012026,AutoGVP,PS2,0,341,0,341,True
analysis_2/results/all_variants/merged_results_backup.tsv,clingen_28012026,AutoGVP,PS3,0,1372,0,1372,True
analysis_2/results/all_variants/merged_results_backup.tsv,clingen_28012026,AutoGVP,PS4,0,2075,0,2075,True
analysis_2/results/all_variants/merged_results_backup.tsv,clingen_28012026,AutoGVP,PM1,1034,5557,1034,5732,False
analysis_2/results/all_variants/merged_results_backup.tsv,clingen_28012026,AutoGVP,PM2,6358,9884,6358,10094,False
analysis_2/results/all_variants/merged_results_backup.tsv,clingen_28012026,AutoGVP,PM3,0,2206,0,2206,True
analysis_2/results/all_variants/merged_results_backup.tsv,clingen_28012026,AutoGVP,PM4,14,209,14,209,True
analysis_2/results/all_variants/merged_results_backup.tsv,clingen_28012026,AutoGVP,PM5,142,1377,142,1377,True
analysis_2/results/all_variants/merged_results_backup.tsv,clingen_28012026,AutoGVP,PM6,0,236,0,236,True
analysis_2/results/all_variants/merged_results_backup.tsv,clingen_28012026,AutoGVP,PP1,0,1327,0,1327,True
analysis_2/results/all_variants/merged_results_backup.tsv,clingen_28012026,AutoGVP,PP2,52,1595,52,1616,False
analysis_2/results/all_variants/merged_results_backup.tsv,clingen_28012026,AutoGVP,PP3,3328,5985,3328,6113,False
analysis_2/results/all_variants/merged_results_backup.tsv,clingen_28012026,AutoGVP,PP4,0,3759,0,3759,True
analysis_2/results/all_variants/merged_results_backup.tsv,clingen_28012026,AutoGVP,PP5,0,2455,0,2461,False
analysis_2/results/all_variants/merged_results_backup.tsv,clingen_28012026,AutoGVP,BA1,180,1005,180,1005,True
analysis_2/results/all_variants/merged_results_backup.tsv,clingen_28012026,AutoGVP,BS1,41,1155,41,1155,True
analysis_2/results/all_variants/merged_results_backup.tsv,clingen_28012026,AutoGVP,BS2,0,701,0,701,True
analysis_2/results/all_variants/merged_results_backup.tsv,clingen_28012026,AutoGVP,BS3,0,277,0,277,True
analysis_2/results/all_variants/merged_results_backup.tsv,clingen_28012026,AutoGVP,BS4,0,30,0,30,True
analysis_2/results/all_variants/merged_results_backup.tsv,clingen_28012026,AutoGVP,BP1,49,2760,49,2849,False
analysis_2/results/all_variants/merged_results_backup.tsv,clingen_28012026,AutoGVP,BP2,0,211,0,211,True
analysis_2/results/all_variants/merged_results_backup.tsv,clingen_28012026,AutoGVP,BP3,0,20,0,20,True
analysis_2/results/all_variants/merged_results_backup.tsv,clingen_28012026,AutoGVP,BP4,920,2638,920,2661,False
analysis_2/results/all_variants/merged_results_backup.tsv,clingen_28012026,AutoGVP,BP5,0,228,0,228,True
analysis_2/results/all_variants/merged_results_backup.tsv,clingen_28012026,AutoGVP,BP6,0,1181,0,1189,False
analysis_2/results/all_variants/merged_results_backup.tsv,clingen_28012026,AutoGVP,BP7,629,1277,629,1285,False
analysis_2/results/all_variants/merged_results_backup.tsv,clingen_28012026,VIP-HL,PVS1,23,2478,23,2478,True
analysis_2/results/all_variants/merged_results_backup.tsv,clingen_28012026,VIP-HL,PS1,0,138,0,138,True
analysis_2/results/all_variants/merged_results_backup.tsv,clingen_28012026,VIP-HL,PS2,0,341,0,341,True
analysis_2/results/all_variants/merged_results_backup.tsv,clingen_28012026,VIP-HL,PS3,0,1372,0,1372,True
analysis_2/results/all_variants/merged_results_backup.tsv,clingen_28012026,VIP-HL,PS4,0,2074,0,2074,True
analysis_2/results/all_variants/merged_results_backup.tsv,clingen_28012026,VIP-HL,PM1,2,1315,2,1315,True
analysis_2/results/all_variants/merged_results_backup.tsv,clingen_28012026,VIP-HL,PM2,79,7932,79,7936,False
analysis_2/results/all_variants/merged_results_backup.tsv,clingen_28012026,VIP-HL,PM3,0,2206,0,2206,True
analysis_2/results/all_variants/merged_results_backup.tsv,clingen_28012026,VIP-HL,PM4,0,204,0,204,True
analysis_2/results/all_variants/merged_results_backup.tsv,clingen_28012026,VIP-HL,PM5,13,1212,13,1212,True
analysis_2/results/all_variants/merged_results_backup.tsv,clingen_28012026,VIP-HL,PM6,0,236,0,236,True
analysis_2/results/all_variants/merged_results_backup.tsv,clingen_28012026,VIP-HL,PP1,0,1327,0,1327,True
analysis_2/results/all_variants/merged_results_backup.tsv,clingen_28012026,VIP-HL,PP2,0,655,0,655,True
analysis_2/results/all_variants/merged_results_backup.tsv,clingen_28012026,VIP-HL,PP3,73,3564,73,3564,True
analysis_2/results/all_variants/merged_results_backup.tsv,clingen_28012026,VIP-HL,PP4,0,3759,0,3759,True
analysis_2/results/all_variants/merged_results_backup.tsv,clingen_28012026,VIP-HL,PP5,0,0,0,0,True
analysis_2/results/all_variants/merged_results_backup.tsv,clingen_28012026,VIP-HL,BA1,26,1006,26,1006,True
analysis_2/results/all_variants/merged_results_backup.tsv,clingen_28012026,VIP-HL,BS1,39,670,39,670,True
analysis_2/results/all_variants/merged_results_backup.tsv,clingen_28012026,VIP-HL,BS2,0,714,0,714,True
analysis_2/results/all_variants/merged_results_backup.tsv,clingen_28012026,VIP-HL,BS3,0,277,0,277,True
analysis_2/results/all_variants/merged_results_backup.tsv,clingen_28012026,VIP-HL,BS4,0,30,0,30,True
analysis_2/results/all_variants/merged_results_backup.tsv,clingen_28012026,VIP-HL,BP1,0,51,0,51,True
analysis_2/results/all_variants/merged_results_backup.tsv,clingen_28012026,VIP-HL,BP2,0,211,0,211,True
analysis_2/results/all_variants/merged_results_backup.tsv,clingen_28012026,VIP-HL,BP3,0,20,0,20,True
analysis_2/results/all_variants/merged_results_backup.tsv,clingen_28012026,VIP-HL,BP4,18,2162,18,2162,True
analysis_2/results/all_variants/merged_results_backup.tsv,clingen_28012026,VIP-HL,BP5,0,228,0,228,True
analysis_2/results/all_variants/merged_results_backup.tsv,clingen_28012026,VIP-HL,BP6,0,0,0,0,True
analysis_2/results/all_variants/merged_results_backup.tsv,clingen_28012026,VIP-HL,BP7,4,937,4,937,True
analysis_2/results/all_variants/merged_results_backup.tsv,clingen_28012026,CancerSIGVAR,PVS1,252,2495,252,2495,True
analysis_2/results/all_variants/merged_results_backup.tsv,clingen_28012026,CancerSIGVAR,PS1,4,145,4,145,True
analysis_2/results/all_variants/merged_results_backup.tsv,clingen_28012026,CancerSIGVAR,PS2,0,341,0,341,True
analysis_2/results/all_variants/merged_results_backup.tsv,clingen_28012026,CancerSIGVAR,PS3,0,1372,0,1372,True
analysis_2/results/all_variants/merged_results_backup.tsv,clingen_28012026,CancerSIGVAR,PS4,0,2074,0,2074,True
analysis_2/results/all_variants/merged_results_backup.tsv,clingen_28012026,CancerSIGVAR,PM1,0,1308,0,1308,True
analysis_2/results/all_variants/merged_results_backup.tsv,clingen_28012026,CancerSIGVAR,PM2,652,8030,652,8035,False
analysis_2/results/all_variants/merged_results_backup.tsv,clingen_28012026,CancerSIGVAR,PM3,0,2206,0,2206,True
analysis_2/results/all_variants/merged_results_backup.tsv,clingen_28012026,CancerSIGVAR,PM4,3,215,3,215,True
analysis_2/results/all_variants/merged_results_backup.tsv,clingen_28012026,CancerSIGVAR,PM5,22,1248,22,1248,True
analysis_2/results/all_variants/merged_results_backup.tsv,clingen_28012026,CancerSIGVAR,PM6,0,236,0,236,True
analysis_2/results/all_variants/merged_results_backup.tsv,clingen_28012026,CancerSIGVAR,PP1,0,1327,0,1327,True
analysis_2/results/all_variants/merged_results_backup.tsv,clingen_28012026,CancerSIGVAR,PP2,0,655,0,655,True
analysis_2/results/all_variants/merged_results_backup.tsv,clingen_28012026,CancerSIGVAR,PP3,152,3707,152,3707,True
analysis_2/results/all_variants/merged_results_backup.tsv,clingen_28012026,CancerSIGVAR,PP4,0,3759,0,3759,True
analysis_2/results/all_variants/merged_results_backup.tsv,clingen_28012026,CancerSIGVAR,PP5,0,166,0,166,True
analysis_2/results/all_variants/merged_results_backup.tsv,clingen_28012026,CancerSIGVAR,BA1,13,1005,13,1005,True
analysis_2/results/all_variants/merged_results_backup.tsv,clingen_28012026,CancerSIGVAR,BS1,3,697,3,697,True
analysis_2/results/all_variants/merged_results_backup.tsv,clingen_28012026,CancerSIGVAR,BS2,0,701,0,701,True
analysis_2/results/all_variants/merged_results_backup.tsv,clingen_28012026,CancerSIGVAR,BS3,0,277,0,277,True
analysis_2/results/all_variants/merged_results_backup.tsv,clingen_28012026,CancerSIGVAR,BS4,0,30,0,30,True
analysis_2/results/all_variants/merged_results_backup.tsv,clingen_28012026,CancerSIGVAR,BP1,0,51,0,51,True
analysis_2/results/all_variants/merged_results_backup.tsv,clingen_28012026,CancerSIGVAR,BP2,22,233,22,233,True
analysis_2/results/all_variants/merged_results_backup.tsv,clingen_28012026,CancerSIGVAR,BP3,0,20,0,20,True
analysis_2/results/all_variants/merged_results_backup.tsv,clingen_28012026,CancerSIGVAR,BP4,55,2201,55,2201,True
analysis_2/results/all_variants/merged_results_backup.tsv,clingen_28012026,CancerSIGVAR,BP5,0,228,0,228,True
analysis_2/results/all_variants/merged_results_backup.tsv,clingen_28012026,CancerSIGVAR,BP6,0,96,0,96,True
analysis_2/results/all_variants/merged_results_backup.tsv,clingen_28012026,CancerSIGVAR,BP7,33,948,33,948,True
analysis_2/results/all_variants/merged_results_backup.tsv,clingen_28012026,CPSR,PVS1,660,2604,660,2608,False
analysis_2/results/all_variants/merged_results_backup.tsv,clingen_28012026,CPSR,PS1,2,138,2,138,True
analysis_2/results/all_variants/merged_results_backup.tsv,clingen_28012026,CPSR,PS2,0,341,0,341,True
analysis_2/results/all_variants/merged_results_backup.tsv,clingen_28012026,CPSR,PS3,0,1372,0,1372,True
analysis_2/results/all_variants/merged_results_backup.tsv,clingen_28012026,CPSR,PS4,0,2074,0,2074,True
analysis_2/results/all_variants/merged_results_backup.tsv,clingen_28012026,CPSR,PM1,83,1383,83,1383,True
analysis_2/results/all_variants/merged_results_backup.tsv,clingen_28012026,CPSR,PM2,2313,8536,2313,8635,False
analysis_2/results/all_variants/merged_results_backup.tsv,clingen_28012026,CPSR,PM3,0,2206,0,2206,True
analysis_2/results/all_variants/merged_results_backup.tsv,clingen_28012026,CPSR,PM4,5,226,5,226,True
analysis_2/results/all_variants/merged_results_backup.tsv,clingen_28012026,CPSR,PM5,40,1261,40,1261,True
analysis_2/results/all_variants/merged_results_backup.tsv,clingen_28012026,CPSR,PM6,73,528,73,528,True
analysis_2/results/all_variants/merged_results_backup.tsv,clingen_28012026,CPSR,PP1,0,1327,0,1327,True
analysis_2/results/all_variants/merged_results_backup.tsv,clingen_28012026,CPSR,PP2,71,718,71,720,False
analysis_2/results/all_variants/merged_results_backup.tsv,clingen_28012026,CPSR,PP3,503,3914,503,3933,False
analysis_2/results/all_variants/merged_results_backup.tsv,clingen_28012026,CPSR,PP4,0,3759,0,3759,True
analysis_2/results/all_variants/merged_results_backup.tsv,clingen_28012026,CPSR,PP5,0,0,0,0,True
analysis_2/results/all_variants/merged_results_backup.tsv,clingen_28012026,CPSR,BA1,116,1008,116,1008,True
analysis_2/results/all_variants/merged_results_backup.tsv,clingen_28012026,CPSR,BS1,137,949,137,964,False
analysis_2/results/all_variants/merged_results_backup.tsv,clingen_28012026,CPSR,BS2,0,701,0,701,True
analysis_2/results/all_variants/merged_results_backup.tsv,clingen_28012026,CPSR,BS3,0,277,0,277,True
analysis_2/results/all_variants/merged_results_backup.tsv,clingen_28012026,CPSR,BS4,0,30,0,30,True
analysis_2/results/all_variants/merged_results_backup.tsv,clingen_28012026,CPSR,BP1,49,427,49,432,False
analysis_2/results/all_variants/merged_results_backup.tsv,clingen_28012026,CPSR,BP2,0,211,0,211,True
analysis_2/results/all_variants/merged_results_backup.tsv,clingen_28012026,CPSR,BP3,0,180,0,210,False
analysis_2/results/all_variants/merged_results_backup.tsv,clingen_28012026,CPSR,BP4,101,2216,101,2216,True
analysis_2/results/all_variants/merged_results_backup.tsv,clingen_28012026,CPSR,BP5,0,228,0,228,True
analysis_2/results/all_variants/merged_results_backup.tsv,clingen_28012026,CPSR,BP6,0,0,0,0,True
analysis_2/results/all_variants/merged_results_backup.tsv,clingen_28012026,CPSR,BP7,446,1220,446,1222,False
analysis_2/results/per_dataset/clingen_28012026_merged_results.tsv,clingen_28012026,InterVar_2018,PVS1,522,2481,522,2483,False
analysis_2/results/per_dataset/clingen_28012026_merged_results.tsv,clingen_28012026,InterVar_2018,PS1,4,143,4,143,True
analysis_2/results/per_dataset/clingen_28012026_merged_results.tsv,clingen_28012026,InterVar_2018,PS2,0,341,0,341,True
analysis_2/results/per_dataset/clingen_28012026_merged_results.tsv,clingen_28012026,InterVar_2018,PS3,0,1372,0,1372,True
analysis_2/results/per_dataset/clingen_28012026_merged_results.tsv,clingen_28012026,InterVar_2018,PS4,0,2074,0,2074,True
analysis_2/results/per_dataset/clingen_28012026_merged_results.tsv,clingen_28012026,InterVar_2018,PM1,985,4558,985,4666,False
analysis_2/results/per_dataset/clingen_28012026_merged_results.tsv,clingen_28012026,InterVar_2018,PM2,4673,9375,4673,9518,False
analysis_2/results/per_dataset/clingen_28012026_merged_results.tsv,clingen_28012026,InterVar_2018,PM3,0,2206,0,2206,True
analysis_2/results/per_dataset/clingen_28012026_merged_results.tsv,clingen_28012026,InterVar_2018,PM4,12,208,12,208,True
analysis_2/results/per_dataset/clingen_28012026_merged_results.tsv,clingen_28012026,InterVar_2018,PM5,56,1241,56,1241,True
analysis_2/results/per_dataset/clingen_28012026_merged_results.tsv,clingen_28012026,InterVar_2018,PM6,0,236,0,236,True
analysis_2/results/per_dataset/clingen_28012026_merged_results.tsv,clingen_28012026,InterVar_2018,PP1,0,1327,0,1327,True
analysis_2/results/per_dataset/clingen_28012026_merged_results.tsv,clingen_28012026,InterVar_2018,PP2,47,1037,47,1058,False
analysis_2/results/per_dataset/clingen_28012026_merged_results.tsv,clingen_28012026,InterVar_2018,PP3,2813,5195,2813,5306,False
analysis_2/results/per_dataset/clingen_28012026_merged_results.tsv,clingen_28012026,InterVar_2018,PP4,0,3759,0,3759,True
analysis_2/results/per_dataset/clingen_28012026_merged_results.tsv,clingen_28012026,InterVar_2018,PP5,0,1559,0,1568,False
analysis_2/results/per_dataset/clingen_28012026_merged_results.tsv,clingen_28012026,InterVar_2018,BA1,104,1005,104,1005,True
analysis_2/results/per_dataset/clingen_28012026_merged_results.tsv,clingen_28012026,InterVar_2018,BS1,59,1036,59,1039,False
analysis_2/results/per_dataset/clingen_28012026_merged_results.tsv,clingen_28012026,InterVar_2018,BS2,0,701,0,701,True
analysis_2/results/per_dataset/clingen_28012026_merged_results.tsv,clingen_28012026,InterVar_2018,BS3,0,277,0,277,True
analysis_2/results/per_dataset/clingen_28012026_merged_results.tsv,clingen_28012026,InterVar_2018,BS4,0,30,0,30,True
analysis_2/results/per_dataset/clingen_28012026_merged_results.tsv,clingen_28012026,InterVar_2018,BP1,44,965,44,980,False
analysis_2/results/per_dataset/clingen_28012026_merged_results.tsv,clingen_28012026,InterVar_2018,BP2,0,211,0,211,True
analysis_2/results/per_dataset/clingen_28012026_merged_results.tsv,clingen_28012026,InterVar_2018,BP3,0,20,0,20,True
analysis_2/results/per_dataset/clingen_28012026_merged_results.tsv,clingen_28012026,InterVar_2018,BP4,780,2581,780,2599,False
analysis_2/results/per_dataset/clingen_28012026_merged_results.tsv,clingen_28012026,InterVar_2018,BP5,0,228,0,228,True
analysis_2/results/per_dataset/clingen_28012026_merged_results.tsv,clingen_28012026,InterVar_2018,BP6,0,710,0,729,False
analysis_2/results/per_dataset/clingen_28012026_merged_results.tsv,clingen_28012026,InterVar_2018,BP7,508,1228,508,1235,False
analysis_2/results/per_dataset/clingen_28012026_merged_results.tsv,clingen_28012026,InterVar_2025,PVS1,1132,2516,1132,2520,False
analysis_2/results/per_dataset/clingen_28012026_merged_results.tsv,clingen_28012026,InterVar_2025,PS1,7,153,7,153,True
analysis_2/results/per_dataset/clingen_28012026_merged_results.tsv,clingen_28012026,InterVar_2025,PS2,0,341,0,341,True
analysis_2/results/per_dataset/clingen_28012026_merged_results.tsv,clingen_28012026,InterVar_2025,PS3,0,1372,0,1372,True
analysis_2/results/per_dataset/clingen_28012026_merged_results.tsv,clingen_28012026,InterVar_2025,PS4,0,2075,0,2075,True
analysis_2/results/per_dataset/clingen_28012026_merged_results.tsv,clingen_28012026,InterVar_2025,PM1,1034,5555,1034,5730,False
analysis_2/results/per_dataset/clingen_28012026_merged_results.tsv,clingen_28012026,InterVar_2025,PM2,423,8132,423,8144,False
analysis_2/results/per_dataset/clingen_28012026_merged_results.tsv,clingen_28012026,InterVar_2025,PM3,0,2206,0,2206,True
analysis_2/results/per_dataset/clingen_28012026_merged_results.tsv,clingen_28012026,InterVar_2025,PM4,14,209,14,209,True
analysis_2/results/per_dataset/clingen_28012026_merged_results.tsv,clingen_28012026,InterVar_2025,PM5,142,1377,142,1377,True
analysis_2/results/per_dataset/clingen_28012026_merged_results.tsv,clingen_28012026,InterVar_2025,PM6,0,236,0,236,True
analysis_2/results/per_dataset/clingen_28012026_merged_results.tsv,clingen_28012026,InterVar_2025,PP1,0,1327,0,1327,True
analysis_2/results/per_dataset/clingen_28012026_merged_results.tsv,clingen_28012026,InterVar_2025,PP2,52,1595,52,1616,False
analysis_2/results/per_dataset/clingen_28012026_merged_results.tsv,clingen_28012026,InterVar_2025,PP3,3325,5976,3325,6104,False
analysis_2/results/per_dataset/clingen_28012026_merged_results.tsv,clingen_28012026,InterVar_2025,PP4,0,3759,0,3759,True
analysis_2/results/per_dataset/clingen_28012026_merged_results.tsv,clingen_28012026,InterVar_2025,PP5,0,3764,0,3764,True
analysis_2/results/per_dataset/clingen_28012026_merged_results.tsv,clingen_28012026,InterVar_2025,BA1,138,1005,138,1005,True
analysis_2/results/per_dataset/clingen_28012026_merged_results.tsv,clingen_28012026,InterVar_2025,BS1,514,8628,514,8860,False
analysis_2/results/per_dataset/clingen_28012026_merged_results.tsv,clingen_28012026,InterVar_2025,BS2,0,701,0,701,True
analysis_2/results/per_dataset/clingen_28012026_merged_results.tsv,clingen_28012026,InterVar_2025,BS3,0,277,0,277,True
analysis_2/results/per_dataset/clingen_28012026_merged_results.tsv,clingen_28012026,InterVar_2025,BS4,0,30,0,30,True
analysis_2/results/per_dataset/clingen_28012026_merged_results.tsv,clingen_28012026,InterVar_2025,BP1,49,2760,49,2849,False
analysis_2/results/per_dataset/clingen_28012026_merged_results.tsv,clingen_28012026,InterVar_2025,BP2,0,211,0,211,True
analysis_2/results/per_dataset/clingen_28012026_merged_results.tsv,clingen_28012026,InterVar_2025,BP3,0,20,0,20,True
analysis_2/results/per_dataset/clingen_28012026_merged_results.tsv,clingen_28012026,InterVar_2025,BP4,919,2638,919,2661,False
analysis_2/results/per_dataset/clingen_28012026_merged_results.tsv,clingen_28012026,InterVar_2025,BP5,0,228,0,228,True
analysis_2/results/per_dataset/clingen_28012026_merged_results.tsv,clingen_28012026,InterVar_2025,BP6,0,2080,0,2081,False
analysis_2/results/per_dataset/clingen_28012026_merged_results.tsv,clingen_28012026,InterVar_2025,BP7,629,1277,629,1285,False
analysis_2/results/per_dataset/clingen_28012026_merged_results.tsv,clingen_28012026,BIAS,PVS1,2210,2810,2210,2822,False
analysis_2/results/per_dataset/clingen_28012026_merged_results.tsv,clingen_28012026,BIAS,PS1,5,398,5,398,True
analysis_2/results/per_dataset/clingen_28012026_merged_results.tsv,clingen_28012026,BIAS,PS2,0,341,0,341,True
analysis_2/results/per_dataset/clingen_28012026_merged_results.tsv,clingen_28012026,BIAS,PS3,790,3000,790,3029,False
analysis_2/results/per_dataset/clingen_28012026_merged_results.tsv,clingen_28012026,BIAS,PS4,217,3466,217,3545,False
analysis_2/results/per_dataset/clingen_28012026_merged_results.tsv,clingen_28012026,BIAS,PM1,475,2867,475,2885,False
analysis_2/results/per_dataset/clingen_28012026_merged_results.tsv,clingen_28012026,BIAS,PM2,7198,8973,7198,9101,False
analysis_2/results/per_dataset/clingen_28012026_merged_results.tsv,clingen_28012026,BIAS,PM3,0,2206,0,2206,True
analysis_2/results/per_dataset/clingen_28012026_merged_results.tsv,clingen_28012026,BIAS,PM4,20,287,20,287,True
analysis_2/results/per_dataset/clingen_28012026_merged_results.tsv,clingen_28012026,BIAS,PM5,364,1832,364,1836,False
analysis_2/results/per_dataset/clingen_28012026_merged_results.tsv,clingen_28012026,BIAS,PM6,0,236,0,236,True
analysis_2/results/per_dataset/clingen_28012026_merged_results.tsv,clingen_28012026,BIAS,PP1,0,1327,0,1327,True
analysis_2/results/per_dataset/clingen_28012026_merged_results.tsv,clingen_28012026,BIAS,PP2,512,1288,512,1307,False
analysis_2/results/per_dataset/clingen_28012026_merged_results.tsv,clingen_28012026,BIAS,PP3,3317,4504,3317,4575,False
analysis_2/results/per_dataset/clingen_28012026_merged_results.tsv,clingen_28012026,BIAS,PP4,0,3759,0,3759,True
analysis_2/results/per_dataset/clingen_28012026_merged_results.tsv,clingen_28012026,BIAS,PP5,0,3596,0,3603,False
analysis_2/results/per_dataset/clingen_28012026_merged_results.tsv,clingen_28012026,BIAS,BA1,524,1056,524,1056,True
analysis_2/results/per_dataset/clingen_28012026_merged_results.tsv,clingen_28012026,BIAS,BS1,298,1129,298,1150,False
analysis_2/results/per_dataset/clingen_28012026_merged_results.tsv,clingen_28012026,BIAS,BS2,257,1774,257,1826,False
analysis_2/results/per_dataset/clingen_28012026_merged_results.tsv,clingen_28012026,BIAS,BS3,0,277,0,277,True
analysis_2/results/per_dataset/clingen_28012026_merged_results.tsv,clingen_28012026,BIAS,BS4,0,30,0,30,True
analysis_2/results/per_dataset/clingen_28012026_merged_results.tsv,clingen_28012026,BIAS,BP1,14,387,14,422,False
analysis_2/results/per_dataset/clingen_28012026_merged_results.tsv,clingen_28012026,BIAS,BP2,0,211,0,211,True
analysis_2/results/per_dataset/clingen_28012026_merged_results.tsv,clingen_28012026,BIAS,BP3,0,26,0,26,True
analysis_2/results/per_dataset/clingen_28012026_merged_results.tsv,clingen_28012026,BIAS,BP4,1740,5385,1740,5528,False
analysis_2/results/per_dataset/clingen_28012026_merged_results.tsv,clingen_28012026,BIAS,BP5,0,228,0,228,True
analysis_2/results/per_dataset/clingen_28012026_merged_results.tsv,clingen_28012026,BIAS,BP6,0,2121,0,2147,False
analysis_2/results/per_dataset/clingen_28012026_merged_results.tsv,clingen_28012026,BIAS,BP7,807,1441,807,1451,False
analysis_2/results/per_dataset/clingen_28012026_merged_results.tsv,clingen_28012026,CharGer_Local,PVS1,0,2475,0,2475,True
analysis_2/results/per_dataset/clingen_28012026_merged_results.tsv,clingen_28012026,CharGer_Local,PS1,0,138,0,138,True
analysis_2/results/per_dataset/clingen_28012026_merged_results.tsv,clingen_28012026,CharGer_Local,PS2,0,341,0,341,True
analysis_2/results/per_dataset/clingen_28012026_merged_results.tsv,clingen_28012026,CharGer_Local,PS3,0,1372,0,1372,True
analysis_2/results/per_dataset/clingen_28012026_merged_results.tsv,clingen_28012026,CharGer_Local,PS4,0,2074,0,2074,True
analysis_2/results/per_dataset/clingen_28012026_merged_results.tsv,clingen_28012026,CharGer_Local,PM1,0,1308,0,1308,True
analysis_2/results/per_dataset/clingen_28012026_merged_results.tsv,clingen_28012026,CharGer_Local,PM2,6463,10158,6463,10404,False
analysis_2/results/per_dataset/clingen_28012026_merged_results.tsv,clingen_28012026,CharGer_Local,PM3,0,2206,0,2206,True
analysis_2/results/per_dataset/clingen_28012026_merged_results.tsv,clingen_28012026,CharGer_Local,PM4,0,204,0,204,True
analysis_2/results/per_dataset/clingen_28012026_merged_results.tsv,clingen_28012026,CharGer_Local,PM5,0,1203,0,1203,True
analysis_2/results/per_dataset/clingen_28012026_merged_results.tsv,clingen_28012026,CharGer_Local,PM6,0,236,0,236,True
analysis_2/results/per_dataset/clingen_28012026_merged_results.tsv,clingen_28012026,CharGer_Local,PP1,0,1327,0,1327,True
analysis_2/results/per_dataset/clingen_28012026_merged_results.tsv,clingen_28012026,CharGer_Local,PP2,0,655,0,655,True
analysis_2/results/per_dataset/clingen_28012026_merged_results.tsv,clingen_28012026,CharGer_Local,PP3,901,4237,901,4298,False
analysis_2/results/per_dataset/clingen_28012026_merged_results.tsv,clingen_28012026,CharGer_Local,PP4,0,3759,0,3759,True
analysis_2/results/per_dataset/clingen_28012026_merged_results.tsv,clingen_28012026,CharGer_Local,PP5,0,0,0,0,True
analysis_2/results/per_dataset/clingen_28012026_merged_results.tsv,clingen_28012026,CharGer_Local,BA1,167,1005,167,1005,True
analysis_2/results/per_dataset/clingen_28012026_merged_results.tsv,clingen_28012026,CharGer_Local,BS1,0,668,0,668,True
analysis_2/results/per_dataset/clingen_28012026_merged_results.tsv,clingen_28012026,CharGer_Local,BS2,0,701,0,701,True
analysis_2/results/per_dataset/clingen_28012026_merged_results.tsv,clingen_28012026,CharGer_Local,BS3,0,277,0,277,True
analysis_2/results/per_dataset/clingen_28012026_merged_results.tsv,clingen_28012026,CharGer_Local,BS4,0,30,0,30,True
analysis_2/results/per_dataset/clingen_28012026_merged_results.tsv,clingen_28012026,CharGer_Local,BP1,0,51,0,51,True
analysis_2/results/per_dataset/clingen_28012026_merged_results.tsv,clingen_28012026,CharGer_Local,BP2,0,211,0,211,True
analysis_2/results/per_dataset/clingen_28012026_merged_results.tsv,clingen_28012026,CharGer_Local,BP3,0,20,0,20,True
analysis_2/results/per_dataset/clingen_28012026_merged_results.tsv,clingen_28012026,CharGer_Local,BP4,613,3014,613,3069,False
analysis_2/results/per_dataset/clingen_28012026_merged_results.tsv,clingen_28012026,CharGer_Local,BP5,0,228,0,228,True
analysis_2/results/per_dataset/clingen_28012026_merged_results.tsv,clingen_28012026,CharGer_Local,BP6,0,0,0,0,True
analysis_2/results/per_dataset/clingen_28012026_merged_results.tsv,clingen_28012026,CharGer_Local,BP7,0,936,0,936,True
analysis_2/results/per_dataset/clingen_28012026_merged_results.tsv,clingen_28012026,CharGer_Online,PVS1,0,2475,0,2475,True
analysis_2/results/per_dataset/clingen_28012026_merged_results.tsv,clingen_28012026,CharGer_Online,PS1,28,1182,28,1184,False
analysis_2/results/per_dataset/clingen_28012026_merged_results.tsv,clingen_28012026,CharGer_Online,PS2,0,341,0,341,True
analysis_2/results/per_dataset/clingen_28012026_merged_results.tsv,clingen_28012026,CharGer_Online,PS3,0,1372,0,1372,True
analysis_2/results/per_dataset/clingen_28012026_merged_results.tsv,clingen_28012026,CharGer_Online,PS4,0,2074,0,2074,True
analysis_2/results/per_dataset/clingen_28012026_merged_results.tsv,clingen_28012026,CharGer_Online,PM1,0,1308,0,1308,True
analysis_2/results/per_dataset/clingen_28012026_merged_results.tsv,clingen_28012026,CharGer_Online,PM2,6466,10976,6466,11224,False
analysis_2/results/per_dataset/clingen_28012026_merged_results.tsv,clingen_28012026,CharGer_Online,PM3,0,2206,0,2206,True
analysis_2/results/per_dataset/clingen_28012026_merged_results.tsv,clingen_28012026,CharGer_Online,PM4,0,204,0,204,True
analysis_2/results/per_dataset/clingen_28012026_merged_results.tsv,clingen_28012026,CharGer_Online,PM5,0,1203,0,1203,True
analysis_2/results/per_dataset/clingen_28012026_merged_results.tsv,clingen_28012026,CharGer_Online,PM6,0,236,0,236,True
analysis_2/results/per_dataset/clingen_28012026_merged_results.tsv,clingen_28012026,CharGer_Online,PP1,0,1327,0,1327,True
analysis_2/results/per_dataset/clingen_28012026_merged_results.tsv,clingen_28012026,CharGer_Online,PP2,0,655,0,655,True
analysis_2/results/per_dataset/clingen_28012026_merged_results.tsv,clingen_28012026,CharGer_Online,PP3,32,3592,32,3592,True
analysis_2/results/per_dataset/clingen_28012026_merged_results.tsv,clingen_28012026,CharGer_Online,PP4,0,3759,0,3759,True
analysis_2/results/per_dataset/clingen_28012026_merged_results.tsv,clingen_28012026,CharGer_Online,PP5,0,0,0,0,True
analysis_2/results/per_dataset/clingen_28012026_merged_results.tsv,clingen_28012026,CharGer_Online,BA1,0,1005,0,1005,True
analysis_2/results/per_dataset/clingen_28012026_merged_results.tsv,clingen_28012026,CharGer_Online,BS1,0,668,0,668,True
analysis_2/results/per_dataset/clingen_28012026_merged_results.tsv,clingen_28012026,CharGer_Online,BS2,0,701,0,701,True
analysis_2/results/per_dataset/clingen_28012026_merged_results.tsv,clingen_28012026,CharGer_Online,BS3,0,277,0,277,True
analysis_2/results/per_dataset/clingen_28012026_merged_results.tsv,clingen_28012026,CharGer_Online,BS4,0,30,0,30,True
analysis_2/results/per_dataset/clingen_28012026_merged_results.tsv,clingen_28012026,CharGer_Online,BP1,0,51,0,51,True
analysis_2/results/per_dataset/clingen_28012026_merged_results.tsv,clingen_28012026,CharGer_Online,BP2,0,211,0,211,True
analysis_2/results/per_dataset/clingen_28012026_merged_results.tsv,clingen_28012026,CharGer_Online,BP3,0,20,0,20,True
analysis_2/results/per_dataset/clingen_28012026_merged_results.tsv,clingen_28012026,CharGer_Online,BP4,45,2291,45,2293,False
analysis_2/results/per_dataset/clingen_28012026_merged_results.tsv,clingen_28012026,CharGer_Online,BP5,0,228,0,228,True
analysis_2/results/per_dataset/clingen_28012026_merged_results.tsv,clingen_28012026,CharGer_Online,BP6,0,0,0,0,True
analysis_2/results/per_dataset/clingen_28012026_merged_results.tsv,clingen_28012026,CharGer_Online,BP7,0,936,0,936,True
analysis_2/results/per_dataset/clingen_28012026_merged_results.tsv,clingen_28012026,DiabloACMG,PVS1,1133,2519,1133,2523,False
analysis_2/results/per_dataset/clingen_28012026_merged_results.tsv,clingen_28012026,DiabloACMG,PS1,32,1511,32,1515,False
analysis_2/results/per_dataset/clingen_28012026_merged_results.tsv,clingen_28012026,DiabloACMG,PS2,0,341,0,341,True
analysis_2/results/per_dataset/clingen_28012026_merged_results.tsv,clingen_28012026,DiabloACMG,PS3,654,2779,654,2779,True
analysis_2/results/per_dataset/clingen_28012026_merged_results.tsv,clingen_28012026,DiabloACMG,PS4,0,2074,0,2074,True
analysis_2/results/per_dataset/clingen_28012026_merged_results.tsv,clingen_28012026,DiabloACMG,PM1,519,2971,519,3032,False
analysis_2/results/per_dataset/clingen_28012026_merged_results.tsv,clingen_28012026,DiabloACMG,PM2,6459,10428,6459,10672,False
analysis_2/results/per_dataset/clingen_28012026_merged_results.tsv,clingen_28012026,DiabloACMG,PM3,0,2206,0,2206,True
analysis_2/results/per_dataset/clingen_28012026_merged_results.tsv,clingen_28012026,DiabloACMG,PM4,14,209,14,209,True
analysis_2/results/per_dataset/clingen_28012026_merged_results.tsv,clingen_28012026,DiabloACMG,PM5,196,1480,196,1480,True
analysis_2/results/per_dataset/clingen_28012026_merged_results.tsv,clingen_28012026,DiabloACMG,PM6,0,236,0,236,True
analysis_2/results/per_dataset/clingen_28012026_merged_results.tsv,clingen_28012026,DiabloACMG,PP1,0,1327,0,1327,True
analysis_2/results/per_dataset/clingen_28012026_merged_results.tsv,clingen_28012026,DiabloACMG,PP2,52,1595,52,1616,False
analysis_2/results/per_dataset/clingen_28012026_merged_results.tsv,clingen_28012026,DiabloACMG,PP3,3263,5971,3263,6113,False
analysis_2/results/per_dataset/clingen_28012026_merged_results.tsv,clingen_28012026,DiabloACMG,PP4,0,3759,0,3759,True
analysis_2/results/per_dataset/clingen_28012026_merged_results.tsv,clingen_28012026,DiabloACMG,PP5,0,4074,0,4076,False
analysis_2/results/per_dataset/clingen_28012026_merged_results.tsv,clingen_28012026,DiabloACMG,BA1,166,1005,166,1005,True
analysis_2/results/per_dataset/clingen_28012026_merged_results.tsv,clingen_28012026,DiabloACMG,BS1,0,834,0,834,True
analysis_2/results/per_dataset/clingen_28012026_merged_results.tsv,clingen_28012026,DiabloACMG,BS2,51,985,51,993,False
analysis_2/results/per_dataset/clingen_28012026_merged_results.tsv,clingen_28012026,DiabloACMG,BS3,174,2316,174,2317,False
analysis_2/results/per_dataset/clingen_28012026_merged_results.tsv,clingen_28012026,DiabloACMG,BS4,0,30,0,30,True
analysis_2/results/per_dataset/clingen_28012026_merged_results.tsv,clingen_28012026,DiabloACMG,BP1,49,2752,49,2841,False
analysis_2/results/per_dataset/clingen_28012026_merged_results.tsv,clingen_28012026,DiabloACMG,BP2,0,211,0,211,True
analysis_2/results/per_dataset/clingen_28012026_merged_results.tsv,clingen_28012026,DiabloACMG,BP3,0,20,0,20,True
analysis_2/results/per_dataset/clingen_28012026_merged_results.tsv,clingen_28012026,DiabloACMG,BP4,1180,3016,1180,3052,False
analysis_2/results/per_dataset/clingen_28012026_merged_results.tsv,clingen_28012026,DiabloACMG,BP5,0,228,0,228,True
analysis_2/results/per_dataset/clingen_28012026_merged_results.tsv,clingen_28012026,DiabloACMG,BP6,0,2288,0,2289,False
analysis_2/results/per_dataset/clingen_28012026_merged_results.tsv,clingen_28012026,DiabloACMG,BP7,628,1258,628,1264,False
analysis_2/results/per_dataset/clingen_28012026_merged_results.tsv,clingen_28012026,Exomiser,PVS1,17,2486,17,2486,True
analysis_2/results/per_dataset/clingen_28012026_merged_results.tsv,clingen_28012026,Exomiser,PS1,0,139,0,139,True
analysis_2/results/per_dataset/clingen_28012026_merged_results.tsv,clingen_28012026,Exomiser,PS2,0,341,0,341,True
analysis_2/results/per_dataset/clingen_28012026_merged_results.tsv,clingen_28012026,Exomiser,PS3,0,1372,0,1372,True
analysis_2/results/per_dataset/clingen_28012026_merged_results.tsv,clingen_28012026,Exomiser,PS4,0,2074,0,2074,True
analysis_2/results/per_dataset/clingen_28012026_merged_results.tsv,clingen_28012026,Exomiser,PM1,4,1323,4,1323,True
analysis_2/results/per_dataset/clingen_28012026_merged_results.tsv,clingen_28012026,Exomiser,PM2,70,7893,70,7893,True
analysis_2/results/per_dataset/clingen_28012026_merged_results.tsv,clingen_28012026,Exomiser,PM3,0,2206,0,2206,True
analysis_2/results/per_dataset/clingen_28012026_merged_results.tsv,clingen_28012026,Exomiser,PM4,4,204,4,204,True
analysis_2/results/per_dataset/clingen_28012026_merged_results.tsv,clingen_28012026,Exomiser,PM5,4,1218,4,1218,True
analysis_2/results/per_dataset/clingen_28012026_merged_results.tsv,clingen_28012026,Exomiser,PM6,0,236,0,236,True
analysis_2/results/per_dataset/clingen_28012026_merged_results.tsv,clingen_28012026,Exomiser,PP1,0,1327,0,1327,True
analysis_2/results/per_dataset/clingen_28012026_merged_results.tsv,clingen_28012026,Exomiser,PP2,0,655,0,655,True
analysis_2/results/per_dataset/clingen_28012026_merged_results.tsv,clingen_28012026,Exomiser,PP3,36,3566,36,3566,True
analysis_2/results/per_dataset/clingen_28012026_merged_results.tsv,clingen_28012026,Exomiser,PP4,0,3759,0,3759,True
analysis_2/results/per_dataset/clingen_28012026_merged_results.tsv,clingen_28012026,Exomiser,PP5,0,84,0,84,True
analysis_2/results/per_dataset/clingen_28012026_merged_results.tsv,clingen_28012026,Exomiser,BA1,0,1005,0,1005,True
analysis_2/results/per_dataset/clingen_28012026_merged_results.tsv,clingen_28012026,Exomiser,BS1,0,668,0,668,True
analysis_2/results/per_dataset/clingen_28012026_merged_results.tsv,clingen_28012026,Exomiser,BS2,0,701,0,701,True
analysis_2/results/per_dataset/clingen_28012026_merged_results.tsv,clingen_28012026,Exomiser,BS3,0,277,0,277,True
analysis_2/results/per_dataset/clingen_28012026_merged_results.tsv,clingen_28012026,Exomiser,BS4,0,30,0,30,True
analysis_2/results/per_dataset/clingen_28012026_merged_results.tsv,clingen_28012026,Exomiser,BP1,0,51,0,51,True
analysis_2/results/per_dataset/clingen_28012026_merged_results.tsv,clingen_28012026,Exomiser,BP2,0,211,0,211,True
analysis_2/results/per_dataset/clingen_28012026_merged_results.tsv,clingen_28012026,Exomiser,BP3,0,20,0,20,True
analysis_2/results/per_dataset/clingen_28012026_merged_results.tsv,clingen_28012026,Exomiser,BP4,1,2155,1,2155,True
analysis_2/results/per_dataset/clingen_28012026_merged_results.tsv,clingen_28012026,Exomiser,BP5,0,228,0,228,True
analysis_2/results/per_dataset/clingen_28012026_merged_results.tsv,clingen_28012026,Exomiser,BP6,0,1,0,1,True
analysis_2/results/per_dataset/clingen_28012026_merged_results.tsv,clingen_28012026,Exomiser,BP7,0,936,0,936,True
analysis_2/results/per_dataset/clingen_28012026_merged_results.tsv,clingen_28012026,Genebe,PVS1,2319,2769,2319,2778,False
analysis_2/results/per_dataset/clingen_28012026_merged_results.tsv,clingen_28012026,Genebe,PS1,97,158,97,158,True
analysis_2/results/per_dataset/clingen_28012026_merged_results.tsv,clingen_28012026,Genebe,PS2,268,342,268,342,True
analysis_2/results/per_dataset/clingen_28012026_merged_results.tsv,clingen_28012026,Genebe,PS3,1248,1498,1248,1500,False
analysis_2/results/per_dataset/clingen_28012026_merged_results.tsv,clingen_28012026,Genebe,PS4,1592,2080,1592,2080,True
analysis_2/results/per_dataset/clingen_28012026_merged_results.tsv,clingen_28012026,Genebe,PM1,1234,1814,1234,1817,False
analysis_2/results/per_dataset/clingen_28012026_merged_results.tsv,clingen_28012026,Genebe,PM2,7622,8075,7622,8092,False
analysis_2/results/per_dataset/clingen_28012026_merged_results.tsv,clingen_28012026,Genebe,PM3,1433,2210,1433,2210,True
analysis_2/results/per_dataset/clingen_28012026_merged_results.tsv,clingen_28012026,Genebe,PM4,46,291,46,291,True
analysis_2/results/per_dataset/clingen_28012026_merged_results.tsv,clingen_28012026,Genebe,PM5,967,1444,967,1446,False
analysis_2/results/per_dataset/clingen_28012026_merged_results.tsv,clingen_28012026,Genebe,PM6,188,239,188,239,True
analysis_2/results/per_dataset/clingen_28012026_merged_results.tsv,clingen_28012026,Genebe,PP1,975,1330,975,1330,True
analysis_2/results/per_dataset/clingen_28012026_merged_results.tsv,clingen_28012026,Genebe,PP2,639,1014,639,1014,True
analysis_2/results/per_dataset/clingen_28012026_merged_results.tsv,clingen_28012026,Genebe,PP3,3481,3765,3481,3770,False
analysis_2/results/per_dataset/clingen_28012026_merged_results.tsv,clingen_28012026,Genebe,PP4,2572,3763,2572,3763,True
analysis_2/results/per_dataset/clingen_28012026_merged_results.tsv,clingen_28012026,Genebe,PP5,0,778,0,779,False
analysis_2/results/per_dataset/clingen_28012026_merged_results.tsv,clingen_28012026,Genebe,BA1,864,1007,864,1007,True
analysis_2/results/per_dataset/clingen_28012026_merged_results.tsv,clingen_28012026,Genebe,BS1,553,724,553,726,False
analysis_2/results/per_dataset/clingen_28012026_merged_results.tsv,clingen_28012026,Genebe,BS2,649,849,649,858,False
analysis_2/results/per_dataset/clingen_28012026_merged_results.tsv,clingen_28012026,Genebe,BS3,243,280,243,281,False
analysis_2/results/per_dataset/clingen_28012026_merged_results.tsv,clingen_28012026,Genebe,BS4,28,30,28,31,False
analysis_2/results/per_dataset/clingen_28012026_merged_results.tsv,clingen_28012026,Genebe,BP1,48,51,48,51,True
analysis_2/results/per_dataset/clingen_28012026_merged_results.tsv,clingen_28012026,Genebe,BP2,187,211,187,211,True
analysis_2/results/per_dataset/clingen_28012026_merged_results.tsv,clingen_28012026,Genebe,BP3,0,25,0,25,True
analysis_2/results/per_dataset/clingen_28012026_merged_results.tsv,clingen_28012026,Genebe,BP4,2053,2356,2053,2370,False
analysis_2/results/per_dataset/clingen_28012026_merged_results.tsv,clingen_28012026,Genebe,BP5,190,228,190,228,True
analysis_2/results/per_dataset/clingen_28012026_merged_results.tsv,clingen_28012026,Genebe,BP6,0,249,0,249,True
analysis_2/results/per_dataset/clingen_28012026_merged_results.tsv,clingen_28012026,Genebe,BP7,849,958,849,958,True
analysis_2/results/per_dataset/clingen_28012026_merged_results.tsv,clingen_28012026,TAPES,PVS1,1362,2635,1362,2641,False
analysis_2/results/per_dataset/clingen_28012026_merged_results.tsv,clingen_28012026,TAPES,PS1,1,141,1,141,True
analysis_2/results/per_dataset/clingen_28012026_merged_results.tsv,clingen_28012026,TAPES,PS2,0,341,0,341,True
analysis_2/results/per_dataset/clingen_28012026_merged_results.tsv,clingen_28012026,TAPES,PS3,45,1429,45,1429,True
analysis_2/results/per_dataset/clingen_28012026_merged_results.tsv,clingen_28012026,TAPES,PS4,0,2075,0,2075,True
analysis_2/results/per_dataset/clingen_28012026_merged_results.tsv,clingen_28012026,TAPES,PM1,1121,5055,1121,5181,False
analysis_2/results/per_dataset/clingen_28012026_merged_results.tsv,clingen_28012026,TAPES,PM2,7684,9910,7684,10126,False
analysis_2/results/per_dataset/clingen_28012026_merged_results.tsv,clingen_28012026,TAPES,PM3,0,2206,0,2206,True
analysis_2/results/per_dataset/clingen_28012026_merged_results.tsv,clingen_28012026,TAPES,PM4,17,272,17,272,True
analysis_2/results/per_dataset/clingen_28012026_merged_results.tsv,clingen_28012026,TAPES,PM5,0,1207,0,1207,True
analysis_2/results/per_dataset/clingen_28012026_merged_results.tsv,clingen_28012026,TAPES,PM6,0,236,0,236,True
analysis_2/results/per_dataset/clingen_28012026_merged_results.tsv,clingen_28012026,TAPES,PP1,0,1327,0,1327,True
analysis_2/results/per_dataset/clingen_28012026_merged_results.tsv,clingen_28012026,TAPES,PP2,0,655,0,655,True
analysis_2/results/per_dataset/clingen_28012026_merged_results.tsv,clingen_28012026,TAPES,PP3,3285,5939,3285,6085,False
analysis_2/results/per_dataset/clingen_28012026_merged_results.tsv,clingen_28012026,TAPES,PP4,0,3759,0,3759,True
analysis_2/results/per_dataset/clingen_28012026_merged_results.tsv,clingen_28012026,TAPES,PP5,0,2514,0,2538,False
analysis_2/results/per_dataset/clingen_28012026_merged_results.tsv,clingen_28012026,TAPES,BA1,171,1006,171,1006,True
analysis_2/results/per_dataset/clingen_28012026_merged_results.tsv,clingen_28012026,TAPES,BS1,108,1293,108,1296,False
analysis_2/results/per_dataset/clingen_28012026_merged_results.tsv,clingen_28012026,TAPES,BS2,1,707,1,707,True
analysis_2/results/per_dataset/clingen_28012026_merged_results.tsv,clingen_28012026,TAPES,BS3,4,485,4,485,True
analysis_2/results/per_dataset/clingen_28012026_merged_results.tsv,clingen_28012026,TAPES,BS4,0,30,0,30,True
analysis_2/results/per_dataset/clingen_28012026_merged_results.tsv,clingen_28012026,TAPES,BP1,0,51,0,51,True
analysis_2/results/per_dataset/clingen_28012026_merged_results.tsv,clingen_28012026,TAPES,BP2,0,211,0,211,True
analysis_2/results/per_dataset/clingen_28012026_merged_results.tsv,clingen_28012026,TAPES,BP3,0,59,0,59,True
analysis_2/results/per_dataset/clingen_28012026_merged_results.tsv,clingen_28012026,TAPES,BP4,507,2626,507,2651,False
analysis_2/results/per_dataset/clingen_28012026_merged_results.tsv,clingen_28012026,TAPES,BP5,0,228,0,228,True
analysis_2/results/per_dataset/clingen_28012026_merged_results.tsv,clingen_28012026,TAPES,BP6,0,400,0,404,False
analysis_2/results/per_dataset/clingen_28012026_merged_results.tsv,clingen_28012026,TAPES,BP7,0,936,0,936,True
analysis_2/results/per_dataset/clingen_28012026_merged_results.tsv,clingen_28012026,Franklin,PVS1,1828,2664,1828,2672,False
analysis_2/results/per_dataset/clingen_28012026_merged_results.tsv,clingen_28012026,Franklin,PS1,75,311,75,311,True
analysis_2/results/per_dataset/clingen_28012026_merged_results.tsv,clingen_28012026,Franklin,PS2,250,374,250,374,True
analysis_2/results/per_dataset/clingen_28012026_merged_results.tsv,clingen_28012026,Franklin,PS3,1023,1500,1023,1501,False
analysis_2/results/per_dataset/clingen_28012026_merged_results.tsv,clingen_28012026,Franklin,PS4,1442,2314,1442,2314,True
analysis_2/results/per_dataset/clingen_28012026_merged_results.tsv,clingen_28012026,Franklin,PM1,1084,3595,1084,3617,False
analysis_2/results/per_dataset/clingen_28012026_merged_results.tsv,clingen_28012026,Franklin,PM2,6733,9437,6733,9636,False
analysis_2/results/per_dataset/clingen_28012026_merged_results.tsv,clingen_28012026,Franklin,PM3,1417,2361,1417,2361,True
analysis_2/results/per_dataset/clingen_28012026_merged_results.tsv,clingen_28012026,Franklin,PM4,37,266,37,266,True
analysis_2/results/per_dataset/clingen_28012026_merged_results.tsv,clingen_28012026,Franklin,PM5,963,2767,963,2779,False
analysis_2/results/per_dataset/clingen_28012026_merged_results.tsv,clingen_28012026,Franklin,PM6,157,246,157,246,True
analysis_2/results/per_dataset/clingen_28012026_merged_results.tsv,clingen_28012026,Franklin,PP1,840,1388,840,1388,True
analysis_2/results/per_dataset/clingen_28012026_merged_results.tsv,clingen_28012026,Franklin,PP2,601,3898,601,3986,False
analysis_2/results/per_dataset/clingen_28012026_merged_results.tsv,clingen_28012026,Franklin,PP3,3441,4366,3441,4437,False
analysis_2/results/per_dataset/clingen_28012026_merged_results.tsv,clingen_28012026,Franklin,PP4,2008,3762,2008,3762,True
analysis_2/results/per_dataset/clingen_28012026_merged_results.tsv,clingen_28012026,Franklin,PP5,0,4050,0,4052,False
analysis_2/results/per_dataset/clingen_28012026_merged_results.tsv,clingen_28012026,Franklin,BA1,180,1037,180,1037,True
analysis_2/results/per_dataset/clingen_28012026_merged_results.tsv,clingen_28012026,Franklin,BS1,113,830,113,831,False
analysis_2/results/per_dataset/clingen_28012026_merged_results.tsv,clingen_28012026,Franklin,BS2,454,1006,454,1016,False
analysis_2/results/per_dataset/clingen_28012026_merged_results.tsv,clingen_28012026,Franklin,BS3,212,305,212,307,False
analysis_2/results/per_dataset/clingen_28012026_merged_results.tsv,clingen_28012026,Franklin,BS4,17,31,17,32,False
analysis_2/results/per_dataset/clingen_28012026_merged_results.tsv,clingen_28012026,Franklin,BP1,0,51,0,51,True
analysis_2/results/per_dataset/clingen_28012026_merged_results.tsv,clingen_28012026,Franklin,BP2,77,211,77,211,True
analysis_2/results/per_dataset/clingen_28012026_merged_results.tsv,clingen_28012026,Franklin,BP3,0,25,0,25,True
analysis_2/results/per_dataset/clingen_28012026_merged_results.tsv,clingen_28012026,Franklin,BP4,505,2319,505,2329,False
analysis_2/results/per_dataset/clingen_28012026_merged_results.tsv,clingen_28012026,Franklin,BP5,115,228,115,228,True
analysis_2/results/per_dataset/clingen_28012026_merged_results.tsv,clingen_28012026,Franklin,BP6,0,1214,0,1215,False
analysis_2/results/per_dataset/clingen_28012026_merged_results.tsv,clingen_28012026,Franklin,BP7,58,936,58,936,True
analysis_2/results/per_dataset/clingen_28012026_merged_results.tsv,clingen_28012026,AutoGVP,PVS1,1131,2516,1131,2520,False
analysis_2/results/per_dataset/clingen_28012026_merged_results.tsv,clingen_28012026,AutoGVP,PS1,7,153,7,153,True
analysis_2/results/per_dataset/clingen_28012026_merged_results.tsv,clingen_28012026,AutoGVP,PS2,0,341,0,341,True
analysis_2/results/per_dataset/clingen_28012026_merged_results.tsv,clingen_28012026,AutoGVP,PS3,0,1372,0,1372,True
analysis_2/results/per_dataset/clingen_28012026_merged_results.tsv,clingen_28012026,AutoGVP,PS4,0,2075,0,2075,True
analysis_2/results/per_dataset/clingen_28012026_merged_results.tsv,clingen_28012026,AutoGVP,PM1,1034,5557,1034,5732,False
analysis_2/results/per_dataset/clingen_28012026_merged_results.tsv,clingen_28012026,AutoGVP,PM2,6358,9884,6358,10094,False
analysis_2/results/per_dataset/clingen_28012026_merged_results.tsv,clingen_28012026,AutoGVP,PM3,0,2206,0,2206,True
analysis_2/results/per_dataset/clingen_28012026_merged_results.tsv,clingen_28012026,AutoGVP,PM4,14,209,14,209,True
analysis_2/results/per_dataset/clingen_28012026_merged_results.tsv,clingen_28012026,AutoGVP,PM5,142,1377,142,1377,True
analysis_2/results/per_dataset/clingen_28012026_merged_results.tsv,clingen_28012026,AutoGVP,PM6,0,236,0,236,True
analysis_2/results/per_dataset/clingen_28012026_merged_results.tsv,clingen_28012026,AutoGVP,PP1,0,1327,0,1327,True
analysis_2/results/per_dataset/clingen_28012026_merged_results.tsv,clingen_28012026,AutoGVP,PP2,52,1595,52,1616,False
analysis_2/results/per_dataset/clingen_28012026_merged_results.tsv,clingen_28012026,AutoGVP,PP3,3328,5985,3328,6113,False
analysis_2/results/per_dataset/clingen_28012026_merged_results.tsv,clingen_28012026,AutoGVP,PP4,0,3759,0,3759,True
analysis_2/results/per_dataset/clingen_28012026_merged_results.tsv,clingen_28012026,AutoGVP,PP5,0,2455,0,2461,False
analysis_2/results/per_dataset/clingen_28012026_merged_results.tsv,clingen_28012026,AutoGVP,BA1,180,1005,180,1005,True
analysis_2/results/per_dataset/clingen_28012026_merged_results.tsv,clingen_28012026,AutoGVP,BS1,41,1155,41,1155,True
analysis_2/results/per_dataset/clingen_28012026_merged_results.tsv,clingen_28012026,AutoGVP,BS2,0,701,0,701,True
analysis_2/results/per_dataset/clingen_28012026_merged_results.tsv,clingen_28012026,AutoGVP,BS3,0,277,0,277,True
analysis_2/results/per_dataset/clingen_28012026_merged_results.tsv,clingen_28012026,AutoGVP,BS4,0,30,0,30,True
analysis_2/results/per_dataset/clingen_28012026_merged_results.tsv,clingen_28012026,AutoGVP,BP1,49,2760,49,2849,False
analysis_2/results/per_dataset/clingen_28012026_merged_results.tsv,clingen_28012026,AutoGVP,BP2,0,211,0,211,True
analysis_2/results/per_dataset/clingen_28012026_merged_results.tsv,clingen_28012026,AutoGVP,BP3,0,20,0,20,True
analysis_2/results/per_dataset/clingen_28012026_merged_results.tsv,clingen_28012026,AutoGVP,BP4,920,2638,920,2661,False
analysis_2/results/per_dataset/clingen_28012026_merged_results.tsv,clingen_28012026,AutoGVP,BP5,0,228,0,228,True
analysis_2/results/per_dataset/clingen_28012026_merged_results.tsv,clingen_28012026,AutoGVP,BP6,0,1181,0,1189,False
analysis_2/results/per_dataset/clingen_28012026_merged_results.tsv,clingen_28012026,AutoGVP,BP7,629,1277,629,1285,False
analysis_2/results/per_dataset/clingen_28012026_merged_results.tsv,clingen_28012026,VIP-HL,PVS1,23,2478,23,2478,True
analysis_2/results/per_dataset/clingen_28012026_merged_results.tsv,clingen_28012026,VIP-HL,PS1,0,138,0,138,True
analysis_2/results/per_dataset/clingen_28012026_merged_results.tsv,clingen_28012026,VIP-HL,PS2,0,341,0,341,True
analysis_2/results/per_dataset/clingen_28012026_merged_results.tsv,clingen_28012026,VIP-HL,PS3,0,1372,0,1372,True
analysis_2/results/per_dataset/clingen_28012026_merged_results.tsv,clingen_28012026,VIP-HL,PS4,0,2074,0,2074,True
analysis_2/results/per_dataset/clingen_28012026_merged_results.tsv,clingen_28012026,VIP-HL,PM1,2,1315,2,1315,True
analysis_2/results/per_dataset/clingen_28012026_merged_results.tsv,clingen_28012026,VIP-HL,PM2,79,7932,79,7936,False
analysis_2/results/per_dataset/clingen_28012026_merged_results.tsv,clingen_28012026,VIP-HL,PM3,0,2206,0,2206,True
analysis_2/results/per_dataset/clingen_28012026_merged_results.tsv,clingen_28012026,VIP-HL,PM4,0,204,0,204,True
analysis_2/results/per_dataset/clingen_28012026_merged_results.tsv,clingen_28012026,VIP-HL,PM5,13,1212,13,1212,True
analysis_2/results/per_dataset/clingen_28012026_merged_results.tsv,clingen_28012026,VIP-HL,PM6,0,236,0,236,True
analysis_2/results/per_dataset/clingen_28012026_merged_results.tsv,clingen_28012026,VIP-HL,PP1,0,1327,0,1327,True
analysis_2/results/per_dataset/clingen_28012026_merged_results.tsv,clingen_28012026,VIP-HL,PP2,0,655,0,655,True
analysis_2/results/per_dataset/clingen_28012026_merged_results.tsv,clingen_28012026,VIP-HL,PP3,73,3564,73,3564,True
analysis_2/results/per_dataset/clingen_28012026_merged_results.tsv,clingen_28012026,VIP-HL,PP4,0,3759,0,3759,True
analysis_2/results/per_dataset/clingen_28012026_merged_results.tsv,clingen_28012026,VIP-HL,PP5,0,0,0,0,True
analysis_2/results/per_dataset/clingen_28012026_merged_results.tsv,clingen_28012026,VIP-HL,BA1,26,1006,26,1006,True
analysis_2/results/per_dataset/clingen_28012026_merged_results.tsv,clingen_28012026,VIP-HL,BS1,39,670,39,670,True
analysis_2/results/per_dataset/clingen_28012026_merged_results.tsv,clingen_28012026,VIP-HL,BS2,0,714,0,714,True
analysis_2/results/per_dataset/clingen_28012026_merged_results.tsv,clingen_28012026,VIP-HL,BS3,0,277,0,277,True
analysis_2/results/per_dataset/clingen_28012026_merged_results.tsv,clingen_28012026,VIP-HL,BS4,0,30,0,30,True
analysis_2/results/per_dataset/clingen_28012026_merged_results.tsv,clingen_28012026,VIP-HL,BP1,0,51,0,51,True
analysis_2/results/per_dataset/clingen_28012026_merged_results.tsv,clingen_28012026,VIP-HL,BP2,0,211,0,211,True
analysis_2/results/per_dataset/clingen_28012026_merged_results.tsv,clingen_28012026,VIP-HL,BP3,0,20,0,20,True
analysis_2/results/per_dataset/clingen_28012026_merged_results.tsv,clingen_28012026,VIP-HL,BP4,18,2162,18,2162,True
analysis_2/results/per_dataset/clingen_28012026_merged_results.tsv,clingen_28012026,VIP-HL,BP5,0,228,0,228,True
analysis_2/results/per_dataset/clingen_28012026_merged_results.tsv,clingen_28012026,VIP-HL,BP6,0,0,0,0,True
analysis_2/results/per_dataset/clingen_28012026_merged_results.tsv,clingen_28012026,VIP-HL,BP7,4,937,4,937,True
analysis_2/results/per_dataset/clingen_28012026_merged_results.tsv,clingen_28012026,CancerSIGVAR,PVS1,252,2495,252,2495,True
analysis_2/results/per_dataset/clingen_28012026_merged_results.tsv,clingen_28012026,CancerSIGVAR,PS1,4,145,4,145,True
analysis_2/results/per_dataset/clingen_28012026_merged_results.tsv,clingen_28012026,CancerSIGVAR,PS2,0,341,0,341,True
analysis_2/results/per_dataset/clingen_28012026_merged_results.tsv,clingen_28012026,CancerSIGVAR,PS3,0,1372,0,1372,True
analysis_2/results/per_dataset/clingen_28012026_merged_results.tsv,clingen_28012026,CancerSIGVAR,PS4,0,2074,0,2074,True
analysis_2/results/per_dataset/clingen_28012026_merged_results.tsv,clingen_28012026,CancerSIGVAR,PM1,0,1308,0,1308,True
analysis_2/results/per_dataset/clingen_28012026_merged_results.tsv,clingen_28012026,CancerSIGVAR,PM2,652,8030,652,8035,False
analysis_2/results/per_dataset/clingen_28012026_merged_results.tsv,clingen_28012026,CancerSIGVAR,PM3,0,2206,0,2206,True
analysis_2/results/per_dataset/clingen_28012026_merged_results.tsv,clingen_28012026,CancerSIGVAR,PM4,3,215,3,215,True
analysis_2/results/per_dataset/clingen_28012026_merged_results.tsv,clingen_28012026,CancerSIGVAR,PM5,22,1248,22,1248,True
analysis_2/results/per_dataset/clingen_28012026_merged_results.tsv,clingen_28012026,CancerSIGVAR,PM6,0,236,0,236,True
analysis_2/results/per_dataset/clingen_28012026_merged_results.tsv,clingen_28012026,CancerSIGVAR,PP1,0,1327,0,1327,True
analysis_2/results/per_dataset/clingen_28012026_merged_results.tsv,clingen_28012026,CancerSIGVAR,PP2,0,655,0,655,True
analysis_2/results/per_dataset/clingen_28012026_merged_results.tsv,clingen_28012026,CancerSIGVAR,PP3,152,3707,152,3707,True
analysis_2/results/per_dataset/clingen_28012026_merged_results.tsv,clingen_28012026,CancerSIGVAR,PP4,0,3759,0,3759,True
analysis_2/results/per_dataset/clingen_28012026_merged_results.tsv,clingen_28012026,CancerSIGVAR,PP5,0,166,0,166,True
analysis_2/results/per_dataset/clingen_28012026_merged_results.tsv,clingen_28012026,CancerSIGVAR,BA1,13,1005,13,1005,True
analysis_2/results/per_dataset/clingen_28012026_merged_results.tsv,clingen_28012026,CancerSIGVAR,BS1,3,697,3,697,True
analysis_2/results/per_dataset/clingen_28012026_merged_results.tsv,clingen_28012026,CancerSIGVAR,BS2,0,701,0,701,True
analysis_2/results/per_dataset/clingen_28012026_merged_results.tsv,clingen_28012026,CancerSIGVAR,BS3,0,277,0,277,True
analysis_2/results/per_dataset/clingen_28012026_merged_results.tsv,clingen_28012026,CancerSIGVAR,BS4,0,30,0,30,True
analysis_2/results/per_dataset/clingen_28012026_merged_results.tsv,clingen_28012026,CancerSIGVAR,BP1,0,51,0,51,True
analysis_2/results/per_dataset/clingen_28012026_merged_results.tsv,clingen_28012026,CancerSIGVAR,BP2,22,233,22,233,True
analysis_2/results/per_dataset/clingen_28012026_merged_results.tsv,clingen_28012026,CancerSIGVAR,BP3,0,20,0,20,True
analysis_2/results/per_dataset/clingen_28012026_merged_results.tsv,clingen_28012026,CancerSIGVAR,BP4,55,2201,55,2201,True
analysis_2/results/per_dataset/clingen_28012026_merged_results.tsv,clingen_28012026,CancerSIGVAR,BP5,0,228,0,228,True
analysis_2/results/per_dataset/clingen_28012026_merged_results.tsv,clingen_28012026,CancerSIGVAR,BP6,0,96,0,96,True
analysis_2/results/per_dataset/clingen_28012026_merged_results.tsv,clingen_28012026,CancerSIGVAR,BP7,33,948,33,948,True
analysis_2/results/per_dataset/clingen_28012026_merged_results.tsv,clingen_28012026,CPSR,PVS1,660,2604,660,2608,False
analysis_2/results/per_dataset/clingen_28012026_merged_results.tsv,clingen_28012026,CPSR,PS1,2,138,2,138,True
analysis_2/results/per_dataset/clingen_28012026_merged_results.tsv,clingen_28012026,CPSR,PS2,0,341,0,341,True
analysis_2/results/per_dataset/clingen_28012026_merged_results.tsv,clingen_28012026,CPSR,PS3,0,1372,0,1372,True
analysis_2/results/per_dataset/clingen_28012026_merged_results.tsv,clingen_28012026,CPSR,PS4,0,2074,0,2074,True
analysis_2/results/per_dataset/clingen_28012026_merged_results.tsv,clingen_28012026,CPSR,PM1,83,1383,83,1383,True
analysis_2/results/per_dataset/clingen_28012026_merged_results.tsv,clingen_28012026,CPSR,PM2,2313,8536,2313,8635,False
analysis_2/results/per_dataset/clingen_28012026_merged_results.tsv,clingen_28012026,CPSR,PM3,0,2206,0,2206,True
analysis_2/results/per_dataset/clingen_28012026_merged_results.tsv,clingen_28012026,CPSR,PM4,5,226,5,226,True
analysis_2/results/per_dataset/clingen_28012026_merged_results.tsv,clingen_28012026,CPSR,PM5,40,1261,40,1261,True
analysis_2/results/per_dataset/clingen_28012026_merged_results.tsv,clingen_28012026,CPSR,PM6,73,528,73,528,True
analysis_2/results/per_dataset/clingen_28012026_merged_results.tsv,clingen_28012026,CPSR,PP1,0,1327,0,1327,True
analysis_2/results/per_dataset/clingen_28012026_merged_results.tsv,clingen_28012026,CPSR,PP2,71,718,71,720,False
analysis_2/results/per_dataset/clingen_28012026_merged_results.tsv,clingen_28012026,CPSR,PP3,503,3914,503,3933,False
analysis_2/results/per_dataset/clingen_28012026_merged_results.tsv,clingen_28012026,CPSR,PP4,0,3759,0,3759,True
analysis_2/results/per_dataset/clingen_28012026_merged_results.tsv,clingen_28012026,CPSR,PP5,0,0,0,0,True
analysis_2/results/per_dataset/clingen_28012026_merged_results.tsv,clingen_28012026,CPSR,BA1,116,1008,116,1008,True
analysis_2/results/per_dataset/clingen_28012026_merged_results.tsv,clingen_28012026,CPSR,BS1,137,949,137,964,False
analysis_2/results/per_dataset/clingen_28012026_merged_results.tsv,clingen_28012026,CPSR,BS2,0,701,0,701,True
analysis_2/results/per_dataset/clingen_28012026_merged_results.tsv,clingen_28012026,CPSR,BS3,0,277,0,277,True
analysis_2/results/per_dataset/clingen_28012026_merged_results.tsv,clingen_28012026,CPSR,BS4,0,30,0,30,True
analysis_2/results/per_dataset/clingen_28012026_merged_results.tsv,clingen_28012026,CPSR,BP1,49,427,49,432,False
analysis_2/results/per_dataset/clingen_28012026_merged_results.tsv,clingen_28012026,CPSR,BP2,0,211,0,211,True
analysis_2/results/per_dataset/clingen_28012026_merged_results.tsv,clingen_28012026,CPSR,BP3,0,180,0,210,False
analysis_2/results/per_dataset/clingen_28012026_merged_results.tsv,clingen_28012026,CPSR,BP4,101,2216,101,2216,True
analysis_2/results/per_dataset/clingen_28012026_merged_results.tsv,clingen_28012026,CPSR,BP5,0,228,0,228,True
analysis_2/results/per_dataset/clingen_28012026_merged_results.tsv,clingen_28012026,CPSR,BP6,0,0,0,0,True
analysis_2/results/per_dataset/clingen_28012026_merged_results.tsv,clingen_28012026,CPSR,BP7,446,1220,446,1222,False
analysis_last/data/foxl2_merged_results.tsv,foxl2,InterVar_2018,PVS1,0,184,0,184,True
analysis_last/data/foxl2_merged_results.tsv,foxl2,InterVar_2018,PS1,0,104,0,104,True
analysis_last/data/foxl2_merged_results.tsv,foxl2,InterVar_2018,PS2,0,83,0,83,True
analysis_last/data/foxl2_merged_results.tsv,foxl2,InterVar_2018,PS3,0,17,0,17,True
analysis_last/data/foxl2_merged_results.tsv,foxl2,InterVar_2018,PS4,0,73,0,73,True
analysis_last/data/foxl2_merged_results.tsv,foxl2,InterVar_2018,PM1,52,72,52,72,True
analysis_last/data/foxl2_merged_results.tsv,foxl2,InterVar_2018,PM2,98,288,98,288,True
analysis_last/data/foxl2_merged_results.tsv,foxl2,InterVar_2018,PM3,0,0,0,0,True
analysis_last/data/foxl2_merged_results.tsv,foxl2,InterVar_2018,PM4,1,21,1,21,True
analysis_last/data/foxl2_merged_results.tsv,foxl2,InterVar_2018,PM5,0,25,0,25,True
analysis_last/data/foxl2_merged_results.tsv,foxl2,InterVar_2018,PM6,0,38,0,38,True
analysis_last/data/foxl2_merged_results.tsv,foxl2,InterVar_2018,PP1,0,61,0,61,True
analysis_last/data/foxl2_merged_results.tsv,foxl2,InterVar_2018,PP2,0,0,0,0,True
analysis_last/data/foxl2_merged_results.tsv,foxl2,InterVar_2018,PP3,45,107,45,107,True
analysis_last/data/foxl2_merged_results.tsv,foxl2,InterVar_2018,PP4,0,287,0,287,True
analysis_last/data/foxl2_merged_results.tsv,foxl2,InterVar_2018,PP5,0,22,0,22,True
analysis_last/data/foxl2_merged_results.tsv,foxl2,InterVar_2018,BA1,0,0,0,0,True
analysis_last/data/foxl2_merged_results.tsv,foxl2,InterVar_2018,BS1,0,0,0,0,True
analysis_last/data/foxl2_merged_results.tsv,foxl2,InterVar_2018,BS2,0,0,0,0,True
analysis_last/data/foxl2_merged_results.tsv,foxl2,InterVar_2018,BS3,0,0,0,0,True
analysis_last/data/foxl2_merged_results.tsv,foxl2,InterVar_2018,BS4,0,0,0,0,True
analysis_last/data/foxl2_merged_results.tsv,foxl2,InterVar_2018,BP1,0,0,0,0,True
analysis_last/data/foxl2_merged_results.tsv,foxl2,InterVar_2018,BP2,0,0,0,0,True
analysis_last/data/foxl2_merged_results.tsv,foxl2,InterVar_2018,BP3,0,0,0,0,True
analysis_last/data/foxl2_merged_results.tsv,foxl2,InterVar_2018,BP4,1,2,1,2,True
analysis_last/data/foxl2_merged_results.tsv,foxl2,InterVar_2018,BP5,0,0,0,0,True
analysis_last/data/foxl2_merged_results.tsv,foxl2,InterVar_2018,BP6,0,0,0,0,True
analysis_last/data/foxl2_merged_results.tsv,foxl2,InterVar_2018,BP7,0,0,0,0,True
analysis_last/data/foxl2_merged_results.tsv,foxl2,InterVar_2025,PVS1,46,184,46,184,True
analysis_last/data/foxl2_merged_results.tsv,foxl2,InterVar_2025,PS1,0,104,0,104,True
analysis_last/data/foxl2_merged_results.tsv,foxl2,InterVar_2025,PS2,0,83,0,83,True
analysis_last/data/foxl2_merged_results.tsv,foxl2,InterVar_2025,PS3,0,17,0,17,True
analysis_last/data/foxl2_merged_results.tsv,foxl2,InterVar_2025,PS4,0,73,0,73,True
analysis_last/data/foxl2_merged_results.tsv,foxl2,InterVar_2025,PM1,70,83,70,83,True
analysis_last/data/foxl2_merged_results.tsv,foxl2,InterVar_2025,PM2,0,288,0,288,True
analysis_last/data/foxl2_merged_results.tsv,foxl2,InterVar_2025,PM3,0,0,0,0,True
analysis_last/data/foxl2_merged_results.tsv,foxl2,InterVar_2025,PM4,1,21,1,21,True
analysis_last/data/foxl2_merged_results.tsv,foxl2,InterVar_2025,PM5,4,28,4,28,True
analysis_last/data/foxl2_merged_results.tsv,foxl2,InterVar_2025,PM6,0,38,0,38,True
analysis_last/data/foxl2_merged_results.tsv,foxl2,InterVar_2025,PP1,0,61,0,61,True
analysis_last/data/foxl2_merged_results.tsv,foxl2,InterVar_2025,PP2,0,0,0,0,True
analysis_last/data/foxl2_merged_results.tsv,foxl2,InterVar_2025,PP3,60,122,60,122,True
analysis_last/data/foxl2_merged_results.tsv,foxl2,InterVar_2025,PP4,0,287,0,287,True
analysis_last/data/foxl2_merged_results.tsv,foxl2,InterVar_2025,PP5,0,53,0,53,True
analysis_last/data/foxl2_merged_results.tsv,foxl2,InterVar_2025,BA1,0,0,0,0,True
analysis_last/data/foxl2_merged_results.tsv,foxl2,InterVar_2025,BS1,0,130,0,130,True
analysis_last/data/foxl2_merged_results.tsv,foxl2,InterVar_2025,BS2,0,0,0,0,True
analysis_last/data/foxl2_merged_results.tsv,foxl2,InterVar_2025,BS3,0,0,0,0,True
analysis_last/data/foxl2_merged_results.tsv,foxl2,InterVar_2025,BS4,0,0,0,0,True
analysis_last/data/foxl2_merged_results.tsv,foxl2,InterVar_2025,BP1,0,0,0,0,True
analysis_last/data/foxl2_merged_results.tsv,foxl2,InterVar_2025,BP2,0,0,0,0,True
analysis_last/data/foxl2_merged_results.tsv,foxl2,InterVar_2025,BP3,0,0,0,0,True
analysis_last/data/foxl2_merged_results.tsv,foxl2,InterVar_2025,BP4,1,2,1,2,True
analysis_last/data/foxl2_merged_results.tsv,foxl2,InterVar_2025,BP5,0,0,0,0,True
analysis_last/data/foxl2_merged_results.tsv,foxl2,InterVar_2025,BP6,0,0,0,0,True
analysis_last/data/foxl2_merged_results.tsv,foxl2,InterVar_2025,BP7,0,0,0,0,True
analysis_last/data/foxl2_merged_results.tsv,foxl2,BIAS,PVS1,184,187,184,187,True
analysis_last/data/foxl2_merged_results.tsv,foxl2,BIAS,PS1,14,131,14,131,True
analysis_last/data/foxl2_merged_results.tsv,foxl2,BIAS,PS2,0,83,0,83,True
analysis_last/data/foxl2_merged_results.tsv,foxl2,BIAS,PS3,9,43,9,43,True
analysis_last/data/foxl2_merged_results.tsv,foxl2,BIAS,PS4,0,73,0,73,True
analysis_last/data/foxl2_merged_results.tsv,foxl2,BIAS,PM1,0,70,0,70,True
analysis_last/data/foxl2_merged_results.tsv,foxl2,BIAS,PM2,288,288,288,288,True
analysis_last/data/foxl2_merged_results.tsv,foxl2,BIAS,PM3,0,0,0,0,True
analysis_last/data/foxl2_merged_results.tsv,foxl2,BIAS,PM4,10,21,10,21,True
analysis_last/data/foxl2_merged_results.tsv,foxl2,BIAS,PM5,5,31,5,31,True
analysis_last/data/foxl2_merged_results.tsv,foxl2,BIAS,PM6,0,38,0,38,True
analysis_last/data/foxl2_merged_results.tsv,foxl2,BIAS,PP1,0,61,0,61,True
analysis_last/data/foxl2_merged_results.tsv,foxl2,BIAS,PP2,0,0,0,0,True
analysis_last/data/foxl2_merged_results.tsv,foxl2,BIAS,PP3,62,76,62,76,True
analysis_last/data/foxl2_merged_results.tsv,foxl2,BIAS,PP4,0,287,0,287,True
analysis_last/data/foxl2_merged_results.tsv,foxl2,BIAS,PP5,0,31,0,31,True
analysis_last/data/foxl2_merged_results.tsv,foxl2,BIAS,BA1,0,0,0,0,True
analysis_last/data/foxl2_merged_results.tsv,foxl2,BIAS,BS1,0,0,0,0,True
analysis_last/data/foxl2_merged_results.tsv,foxl2,BIAS,BS2,0,0,0,0,True
analysis_last/data/foxl2_merged_results.tsv,foxl2,BIAS,BS3,0,0,0,0,True
analysis_last/data/foxl2_merged_results.tsv,foxl2,BIAS,BS4,0,0,0,0,True
analysis_last/data/foxl2_merged_results.tsv,foxl2,BIAS,BP1,0,0,0,0,True
analysis_last/data/foxl2_merged_results.tsv,foxl2,BIAS,BP2,0,0,0,0,True
analysis_last/data/foxl2_merged_results.tsv,foxl2,BIAS,BP3,0,5,0,5,True
analysis_last/data/foxl2_merged_results.tsv,foxl2,BIAS,BP4,2,36,2,36,True
analysis_last/data/foxl2_merged_results.tsv,foxl2,BIAS,BP5,0,0,0,0,True
analysis_last/data/foxl2_merged_results.tsv,foxl2,BIAS,BP6,0,0,0,0,True
analysis_last/data/foxl2_merged_results.tsv,foxl2,BIAS,BP7,0,0,0,0,True
analysis_last/data/foxl2_merged_results.tsv,foxl2,CharGer_Local,PVS1,0,184,0,184,True
analysis_last/data/foxl2_merged_results.tsv,foxl2,CharGer_Local,PS1,0,102,0,102,True
analysis_last/data/foxl2_merged_results.tsv,foxl2,CharGer_Local,PS2,0,83,0,83,True
analysis_last/data/foxl2_merged_results.tsv,foxl2,CharGer_Local,PS3,0,17,0,17,True
analysis_last/data/foxl2_merged_results.tsv,foxl2,CharGer_Local,PS4,0,73,0,73,True
analysis_last/data/foxl2_merged_results.tsv,foxl2,CharGer_Local,PM1,0,70,0,70,True
analysis_last/data/foxl2_merged_results.tsv,foxl2,CharGer_Local,PM2,0,288,0,288,True
analysis_last/data/foxl2_merged_results.tsv,foxl2,CharGer_Local,PM3,0,0,0,0,True
analysis_last/data/foxl2_merged_results.tsv,foxl2,CharGer_Local,PM4,0,21,0,21,True
analysis_last/data/foxl2_merged_results.tsv,foxl2,CharGer_Local,PM5,0,24,0,24,True
analysis_last/data/foxl2_merged_results.tsv,foxl2,CharGer_Local,PM6,0,38,0,38,True
analysis_last/data/foxl2_merged_results.tsv,foxl2,CharGer_Local,PP1,0,61,0,61,True
analysis_last/data/foxl2_merged_results.tsv,foxl2,CharGer_Local,PP2,0,0,0,0,True
analysis_last/data/foxl2_merged_results.tsv,foxl2,CharGer_Local,PP3,3,64,3,64,True
analysis_last/data/foxl2_merged_results.tsv,foxl2,CharGer_Local,PP4,0,287,0,287,True
analysis_last/data/foxl2_merged_results.tsv,foxl2,CharGer_Local,PP5,0,5,0,5,True
analysis_last/data/foxl2_merged_results.tsv,foxl2,CharGer_Local,BA1,0,130,0,130,True
analysis_last/data/foxl2_merged_results.tsv,foxl2,CharGer_Local,BS1,0,0,0,0,True
analysis_last/data/foxl2_merged_results.tsv,foxl2,CharGer_Local,BS2,0,0,0,0,True
analysis_last/data/foxl2_merged_results.tsv,foxl2,CharGer_Local,BS3,0,0,0,0,True
analysis_last/data/foxl2_merged_results.tsv,foxl2,CharGer_Local,BS4,0,0,0,0,True
analysis_last/data/foxl2_merged_results.tsv,foxl2,CharGer_Local,BP1,0,0,0,0,True
analysis_last/data/foxl2_merged_results.tsv,foxl2,CharGer_Local,BP2,0,0,0,0,True
analysis_last/data/foxl2_merged_results.tsv,foxl2,CharGer_Local,BP3,0,0,0,0,True
analysis_last/data/foxl2_merged_results.tsv,foxl2,CharGer_Local,BP4,1,2,1,2,True
analysis_last/data/foxl2_merged_results.tsv,foxl2,CharGer_Local,BP5,0,0,0,0,True
analysis_last/data/foxl2_merged_results.tsv,foxl2,CharGer_Local,BP6,0,0,0,0,True
analysis_last/data/foxl2_merged_results.tsv,foxl2,CharGer_Local,BP7,0,0,0,0,True
analysis_last/data/foxl2_merged_results.tsv,foxl2,CharGer_Online,PVS1,0,184,0,184,True
analysis_last/data/foxl2_merged_results.tsv,foxl2,CharGer_Online,PS1,9,109,9,109,True
analysis_last/data/foxl2_merged_results.tsv,foxl2,CharGer_Online,PS2,0,83,0,83,True
analysis_last/data/foxl2_merged_results.tsv,foxl2,CharGer_Online,PS3,0,17,0,17,True
analysis_last/data/foxl2_merged_results.tsv,foxl2,CharGer_Online,PS4,0,73,0,73,True
analysis_last/data/foxl2_merged_results.tsv,foxl2,CharGer_Online,PM1,0,70,0,70,True
analysis_last/data/foxl2_merged_results.tsv,foxl2,CharGer_Online,PM2,0,288,0,288,True
analysis_last/data/foxl2_merged_results.tsv,foxl2,CharGer_Online,PM3,0,0,0,0,True
analysis_last/data/foxl2_merged_results.tsv,foxl2,CharGer_Online,PM4,0,21,0,21,True
analysis_last/data/foxl2_merged_results.tsv,foxl2,CharGer_Online,PM5,0,24,0,24,True
analysis_last/data/foxl2_merged_results.tsv,foxl2,CharGer_Online,PM6,0,38,0,38,True
analysis_last/data/foxl2_merged_results.tsv,foxl2,CharGer_Online,PP1,0,61,0,61,True
analysis_last/data/foxl2_merged_results.tsv,foxl2,CharGer_Online,PP2,0,0,0,0,True
analysis_last/data/foxl2_merged_results.tsv,foxl2,CharGer_Online,PP3,0,62,0,62,True
analysis_last/data/foxl2_merged_results.tsv,foxl2,CharGer_Online,PP4,0,287,0,287,True
analysis_last/data/foxl2_merged_results.tsv,foxl2,CharGer_Online,PP5,0,5,0,5,True
analysis_last/data/foxl2_merged_results.tsv,foxl2,CharGer_Online,BA1,0,130,0,130,True
analysis_last/data/foxl2_merged_results.tsv,foxl2,CharGer_Online,BS1,0,0,0,0,True
analysis_last/data/foxl2_merged_results.tsv,foxl2,CharGer_Online,BS2,0,0,0,0,True
analysis_last/data/foxl2_merged_results.tsv,foxl2,CharGer_Online,BS3,0,0,0,0,True
analysis_last/data/foxl2_merged_results.tsv,foxl2,CharGer_Online,BS4,0,0,0,0,True
analysis_last/data/foxl2_merged_results.tsv,foxl2,CharGer_Online,BP1,0,0,0,0,True
analysis_last/data/foxl2_merged_results.tsv,foxl2,CharGer_Online,BP2,0,0,0,0,True
analysis_last/data/foxl2_merged_results.tsv,foxl2,CharGer_Online,BP3,0,0,0,0,True
analysis_last/data/foxl2_merged_results.tsv,foxl2,CharGer_Online,BP4,0,2,0,2,True
analysis_last/data/foxl2_merged_results.tsv,foxl2,CharGer_Online,BP5,0,0,0,0,True
analysis_last/data/foxl2_merged_results.tsv,foxl2,CharGer_Online,BP6,0,0,0,0,True
analysis_last/data/foxl2_merged_results.tsv,foxl2,CharGer_Online,BP7,0,0,0,0,True
analysis_last/data/foxl2_merged_results.tsv,foxl2,DiabloACMG,PVS1,53,184,53,184,True
analysis_last/data/foxl2_merged_results.tsv,foxl2,DiabloACMG,PS1,0,126,0,126,True
analysis_last/data/foxl2_merged_results.tsv,foxl2,DiabloACMG,PS2,0,83,0,83,True
analysis_last/data/foxl2_merged_results.tsv,foxl2,DiabloACMG,PS3,3,21,3,21,True
analysis_last/data/foxl2_merged_results.tsv,foxl2,DiabloACMG,PS4,0,73,0,73,True
analysis_last/data/foxl2_merged_results.tsv,foxl2,DiabloACMG,PM1,0,70,0,70,True
analysis_last/data/foxl2_merged_results.tsv,foxl2,DiabloACMG,PM2,139,288,139,288,True
analysis_last/data/foxl2_merged_results.tsv,foxl2,DiabloACMG,PM3,0,0,0,0,True
analysis_last/data/foxl2_merged_results.tsv,foxl2,DiabloACMG,PM4,3,21,3,21,True
analysis_last/data/foxl2_merged_results.tsv,foxl2,DiabloACMG,PM5,5,28,5,28,True
analysis_last/data/foxl2_merged_results.tsv,foxl2,DiabloACMG,PM6,0,38,0,38,True
analysis_last/data/foxl2_merged_results.tsv,foxl2,DiabloACMG,PP1,0,61,0,61,True
analysis_last/data/foxl2_merged_results.tsv,foxl2,DiabloACMG,PP2,0,0,0,0,True
analysis_last/data/foxl2_merged_results.tsv,foxl2,DiabloACMG,PP3,62,120,62,120,True
analysis_last/data/foxl2_merged_results.tsv,foxl2,DiabloACMG,PP4,0,287,0,287,True
analysis_last/data/foxl2_merged_results.tsv,foxl2,DiabloACMG,PP5,0,56,0,56,True
analysis_last/data/foxl2_merged_results.tsv,foxl2,DiabloACMG,BA1,0,0,0,0,True
analysis_last/data/foxl2_merged_results.tsv,foxl2,DiabloACMG,BS1,0,0,0,0,True
analysis_last/data/foxl2_merged_results.tsv,foxl2,DiabloACMG,BS2,0,0,0,0,True
analysis_last/data/foxl2_merged_results.tsv,foxl2,DiabloACMG,BS3,0,0,0,0,True
analysis_last/data/foxl2_merged_results.tsv,foxl2,DiabloACMG,BS4,0,0,0,0,True
analysis_last/data/foxl2_merged_results.tsv,foxl2,DiabloACMG,BP1,0,0,0,0,True
analysis_last/data/foxl2_merged_results.tsv,foxl2,DiabloACMG,BP2,0,0,0,0,True
analysis_last/data/foxl2_merged_results.tsv,foxl2,DiabloACMG,BP3,0,1,0,1,True
analysis_last/data/foxl2_merged_results.tsv,foxl2,DiabloACMG,BP4,1,3,1,3,True
analysis_last/data/foxl2_merged_results.tsv,foxl2,DiabloACMG,BP5,0,0,0,0,True
analysis_last/data/foxl2_merged_results.tsv,foxl2,DiabloACMG,BP6,0,0,0,0,True
analysis_last/data/foxl2_merged_results.tsv,foxl2,DiabloACMG,BP7,0,0,0,0,True
analysis_last/data/foxl2_merged_results.tsv,foxl2,Exomiser,PVS1,0,184,0,184,True
analysis_last/data/foxl2_merged_results.tsv,foxl2,Exomiser,PS1,0,102,0,102,True
analysis_last/data/foxl2_merged_results.tsv,foxl2,Exomiser,PS2,0,83,0,83,True
analysis_last/data/foxl2_merged_results.tsv,foxl2,Exomiser,PS3,0,17,0,17,True
analysis_last/data/foxl2_merged_results.tsv,foxl2,Exomiser,PS4,0,73,0,73,True
analysis_last/data/foxl2_merged_results.tsv,foxl2,Exomiser,PM1,0,70,0,70,True
analysis_last/data/foxl2_merged_results.tsv,foxl2,Exomiser,PM2,1,288,1,288,True
analysis_last/data/foxl2_merged_results.tsv,foxl2,Exomiser,PM3,0,0,0,0,True
analysis_last/data/foxl2_merged_results.tsv,foxl2,Exomiser,PM4,0,21,0,21,True
analysis_last/data/foxl2_merged_results.tsv,foxl2,Exomiser,PM5,0,24,0,24,True
analysis_last/data/foxl2_merged_results.tsv,foxl2,Exomiser,PM6,0,38,0,38,True
analysis_last/data/foxl2_merged_results.tsv,foxl2,Exomiser,PP1,0,61,0,61,True
analysis_last/data/foxl2_merged_results.tsv,foxl2,Exomiser,PP2,0,0,0,0,True
analysis_last/data/foxl2_merged_results.tsv,foxl2,Exomiser,PP3,0,62,0,62,True
analysis_last/data/foxl2_merged_results.tsv,foxl2,Exomiser,PP4,1,287,1,287,True
analysis_last/data/foxl2_merged_results.tsv,foxl2,Exomiser,PP5,0,5,0,5,True
analysis_last/data/foxl2_merged_results.tsv,foxl2,Exomiser,BA1,0,0,0,0,True
analysis_last/data/foxl2_merged_results.tsv,foxl2,Exomiser,BS1,0,0,0,0,True
analysis_last/data/foxl2_merged_results.tsv,foxl2,Exomiser,BS2,0,0,0,0,True
analysis_last/data/foxl2_merged_results.tsv,foxl2,Exomiser,BS3,0,0,0,0,True
analysis_last/data/foxl2_merged_results.tsv,foxl2,Exomiser,BS4,0,0,0,0,True
analysis_last/data/foxl2_merged_results.tsv,foxl2,Exomiser,BP1,0,0,0,0,True
analysis_last/data/foxl2_merged_results.tsv,foxl2,Exomiser,BP2,0,0,0,0,True
analysis_last/data/foxl2_merged_results.tsv,foxl2,Exomiser,BP3,0,0,0,0,True
analysis_last/data/foxl2_merged_results.tsv,foxl2,Exomiser,BP4,0,2,0,2,True
analysis_last/data/foxl2_merged_results.tsv,foxl2,Exomiser,BP5,0,0,0,0,True
analysis_last/data/foxl2_merged_results.tsv,foxl2,Exomiser,BP6,0,0,0,0,True
analysis_last/data/foxl2_merged_results.tsv,foxl2,Exomiser,BP7,0,0,0,0,True
analysis_last/data/foxl2_merged_results.tsv,foxl2,Genebe,PVS1,184,184,184,184,True
analysis_last/data/foxl2_merged_results.tsv,foxl2,Genebe,PS1,0,104,0,104,True
analysis_last/data/foxl2_merged_results.tsv,foxl2,Genebe,PS2,0,83,0,83,True
analysis_last/data/foxl2_merged_results.tsv,foxl2,Genebe,PS3,3,25,3,25,True
analysis_last/data/foxl2_merged_results.tsv,foxl2,Genebe,PS4,0,73,0,73,True
analysis_last/data/foxl2_merged_results.tsv,foxl2,Genebe,PM1,70,83,70,83,True
analysis_last/data/foxl2_merged_results.tsv,foxl2,Genebe,PM2,236,288,236,288,True
analysis_last/data/foxl2_merged_results.tsv,foxl2,Genebe,PM3,0,0,0,0,True
analysis_last/data/foxl2_merged_results.tsv,foxl2,Genebe,PM4,16,21,16,21,True
analysis_last/data/foxl2_merged_results.tsv,foxl2,Genebe,PM5,12,37,12,37,True
analysis_last/data/foxl2_merged_results.tsv,foxl2,Genebe,PM6,0,38,0,38,True
analysis_last/data/foxl2_merged_results.tsv,foxl2,Genebe,PP1,0,61,0,61,True
analysis_last/data/foxl2_merged_results.tsv,foxl2,Genebe,PP2,0,90,0,90,True
analysis_last/data/foxl2_merged_results.tsv,foxl2,Genebe,PP3,62,81,62,81,True
analysis_last/data/foxl2_merged_results.tsv,foxl2,Genebe,PP4,0,287,0,287,True
analysis_last/data/foxl2_merged_results.tsv,foxl2,Genebe,PP5,5,121,5,121,True
analysis_last/data/foxl2_merged_results.tsv,foxl2,Genebe,BA1,0,0,0,0,True
analysis_last/data/foxl2_merged_results.tsv,foxl2,Genebe,BS1,0,0,0,0,True
analysis_last/data/foxl2_merged_results.tsv,foxl2,Genebe,BS2,0,0,0,0,True
analysis_last/data/foxl2_merged_results.tsv,foxl2,Genebe,BS3,0,0,0,0,True
analysis_last/data/foxl2_merged_results.tsv,foxl2,Genebe,BS4,0,0,0,0,True
analysis_last/data/foxl2_merged_results.tsv,foxl2,Genebe,BP1,0,0,0,0,True
analysis_last/data/foxl2_merged_results.tsv,foxl2,Genebe,BP2,0,0,0,0,True
analysis_last/data/foxl2_merged_results.tsv,foxl2,Genebe,BP3,0,5,0,5,True
analysis_last/data/foxl2_merged_results.tsv,foxl2,Genebe,BP4,2,2,2,2,True
analysis_last/data/foxl2_merged_results.tsv,foxl2,Genebe,BP5,0,0,0,0,True
analysis_last/data/foxl2_merged_results.tsv,foxl2,Genebe,BP6,0,0,0,0,True
analysis_last/data/foxl2_merged_results.tsv,foxl2,Genebe,BP7,0,2,0,2,True
analysis_last/data/foxl2_merged_results.tsv,foxl2,TAPES,PVS1,0,184,0,184,True
analysis_last/data/foxl2_merged_results.tsv,foxl2,TAPES,PS1,0,102,0,102,True
analysis_last/data/foxl2_merged_results.tsv,foxl2,TAPES,PS2,0,83,0,83,True
analysis_last/data/foxl2_merged_results.tsv,foxl2,TAPES,PS3,0,17,0,17,True
analysis_last/data/foxl2_merged_results.tsv,foxl2,TAPES,PS4,0,73,0,73,True
analysis_last/data/foxl2_merged_results.tsv,foxl2,TAPES,PM1,70,73,70,73,True
analysis_last/data/foxl2_merged_results.tsv,foxl2,TAPES,PM2,288,288,288,288,True
analysis_last/data/foxl2_merged_results.tsv,foxl2,TAPES,PM3,0,0,0,0,True
analysis_last/data/foxl2_merged_results.tsv,foxl2,TAPES,PM4,12,21,12,21,True
analysis_last/data/foxl2_merged_results.tsv,foxl2,TAPES,PM5,0,24,0,24,True
analysis_last/data/foxl2_merged_results.tsv,foxl2,TAPES,PM6,0,38,0,38,True
analysis_last/data/foxl2_merged_results.tsv,foxl2,TAPES,PP1,0,61,0,61,True
analysis_last/data/foxl2_merged_results.tsv,foxl2,TAPES,PP2,0,0,0,0,True
analysis_last/data/foxl2_merged_results.tsv,foxl2,TAPES,PP3,62,120,62,120,True
analysis_last/data/foxl2_merged_results.tsv,foxl2,TAPES,PP4,0,287,0,287,True
analysis_last/data/foxl2_merged_results.tsv,foxl2,TAPES,PP5,5,63,5,63,True
analysis_last/data/foxl2_merged_results.tsv,foxl2,TAPES,BA1,0,0,0,0,True
analysis_last/data/foxl2_merged_results.tsv,foxl2,TAPES,BS1,0,0,0,0,True
analysis_last/data/foxl2_merged_results.tsv,foxl2,TAPES,BS2,0,0,0,0,True
analysis_last/data/foxl2_merged_results.tsv,foxl2,TAPES,BS3,0,0,0,0,True
analysis_last/data/foxl2_merged_results.tsv,foxl2,TAPES,BS4,0,0,0,0,True
analysis_last/data/foxl2_merged_results.tsv,foxl2,TAPES,BP1,0,0,0,0,True
analysis_last/data/foxl2_merged_results.tsv,foxl2,TAPES,BP2,0,0,0,0,True
analysis_last/data/foxl2_merged_results.tsv,foxl2,TAPES,BP3,0,8,0,8,True
analysis_last/data/foxl2_merged_results.tsv,foxl2,TAPES,BP4,1,2,1,2,True
analysis_last/data/foxl2_merged_results.tsv,foxl2,TAPES,BP5,0,0,0,0,True
analysis_last/data/foxl2_merged_results.tsv,foxl2,TAPES,BP6,0,0,0,0,True
analysis_last/data/foxl2_merged_results.tsv,foxl2,TAPES,BP7,0,0,0,0,True
analysis_last/data/foxl2_merged_results.tsv,foxl2,Franklin,PVS1,184,184,184,184,True
analysis_last/data/foxl2_merged_results.tsv,foxl2,Franklin,PS1,0,108,0,108,True
analysis_last/data/foxl2_merged_results.tsv,foxl2,Franklin,PS2,8,99,8,99,True
analysis_last/data/foxl2_merged_results.tsv,foxl2,Franklin,PS3,1,20,1,20,True
analysis_last/data/foxl2_merged_results.tsv,foxl2,Franklin,PS4,24,132,24,132,True
analysis_last/data/foxl2_merged_results.tsv,foxl2,Franklin,PM1,69,90,69,90,True
analysis_last/data/foxl2_merged_results.tsv,foxl2,Franklin,PM2,288,288,288,288,True
analysis_last/data/foxl2_merged_results.tsv,foxl2,Franklin,PM3,0,0,0,0,True
analysis_last/data/foxl2_merged_results.tsv,foxl2,Franklin,PM4,16,21,16,21,True
analysis_last/data/foxl2_merged_results.tsv,foxl2,Franklin,PM5,17,42,17,42,True
analysis_last/data/foxl2_merged_results.tsv,foxl2,Franklin,PM6,0,38,0,38,True
analysis_last/data/foxl2_merged_results.tsv,foxl2,Franklin,PP1,5,62,5,62,True
analysis_last/data/foxl2_merged_results.tsv,foxl2,Franklin,PP2,0,83,0,83,True
analysis_last/data/foxl2_merged_results.tsv,foxl2,Franklin,PP3,62,76,62,76,True
analysis_last/data/foxl2_merged_results.tsv,foxl2,Franklin,PP4,0,287,0,287,True
analysis_last/data/foxl2_merged_results.tsv,foxl2,Franklin,PP5,5,131,5,131,True
analysis_last/data/foxl2_merged_results.tsv,foxl2,Franklin,BA1,0,0,0,0,True
analysis_last/data/foxl2_merged_results.tsv,foxl2,Franklin,BS1,0,0,0,0,True
analysis_last/data/foxl2_merged_results.tsv,foxl2,Franklin,BS2,0,0,0,0,True
analysis_last/data/foxl2_merged_results.tsv,foxl2,Franklin,BS3,0,0,0,0,True
analysis_last/data/foxl2_merged_results.tsv,foxl2,Franklin,BS4,0,0,0,0,True
analysis_last/data/foxl2_merged_results.tsv,foxl2,Franklin,BP1,0,0,0,0,True
analysis_last/data/foxl2_merged_results.tsv,foxl2,Franklin,BP2,0,0,0,0,True
analysis_last/data/foxl2_merged_results.tsv,foxl2,Franklin,BP3,0,5,0,5,True
analysis_last/data/foxl2_merged_results.tsv,foxl2,Franklin,BP4,0,2,0,2,True
analysis_last/data/foxl2_merged_results.tsv,foxl2,Franklin,BP5,0,0,0,0,True
analysis_last/data/foxl2_merged_results.tsv,foxl2,Franklin,BP6,0,0,0,0,True
analysis_last/data/foxl2_merged_results.tsv,foxl2,Franklin,BP7,0,0,0,0,True
analysis_last/data/foxl2_merged_results.tsv,foxl2,AutoGVP,PVS1,46,184,46,184,True
analysis_last/data/foxl2_merged_results.tsv,foxl2,AutoGVP,PS1,0,104,0,104,True
analysis_last/data/foxl2_merged_results.tsv,foxl2,AutoGVP,PS2,0,83,0,83,True
analysis_last/data/foxl2_merged_results.tsv,foxl2,AutoGVP,PS3,0,17,0,17,True
analysis_last/data/foxl2_merged_results.tsv,foxl2,AutoGVP,PS4,0,73,0,73,True
analysis_last/data/foxl2_merged_results.tsv,foxl2,AutoGVP,PM1,70,83,70,83,True
analysis_last/data/foxl2_merged_results.tsv,foxl2,AutoGVP,PM2,130,288,130,288,True
analysis_last/data/foxl2_merged_results.tsv,foxl2,AutoGVP,PM3,0,0,0,0,True
analysis_last/data/foxl2_merged_results.tsv,foxl2,AutoGVP,PM4,1,21,1,21,True
analysis_last/data/foxl2_merged_results.tsv,foxl2,AutoGVP,PM5,4,28,4,28,True
analysis_last/data/foxl2_merged_results.tsv,foxl2,AutoGVP,PM6,0,38,0,38,True
analysis_last/data/foxl2_merged_results.tsv,foxl2,AutoGVP,PP1,0,61,0,61,True
analysis_last/data/foxl2_merged_results.tsv,foxl2,AutoGVP,PP2,0,0,0,0,True
analysis_last/data/foxl2_merged_results.tsv,foxl2,AutoGVP,PP3,60,122,60,122,True
analysis_last/data/foxl2_merged_results.tsv,foxl2,AutoGVP,PP4,0,287,0,287,True
analysis_last/data/foxl2_merged_results.tsv,foxl2,AutoGVP,PP5,0,43,0,43,True
analysis_last/data/foxl2_merged_results.tsv,foxl2,AutoGVP,BA1,0,0,0,0,True
analysis_last/data/foxl2_merged_results.tsv,foxl2,AutoGVP,BS1,0,0,0,0,True
analysis_last/data/foxl2_merged_results.tsv,foxl2,AutoGVP,BS2,0,0,0,0,True
analysis_last/data/foxl2_merged_results.tsv,foxl2,AutoGVP,BS3,0,0,0,0,True
analysis_last/data/foxl2_merged_results.tsv,foxl2,AutoGVP,BS4,0,0,0,0,True
analysis_last/data/foxl2_merged_results.tsv,foxl2,AutoGVP,BP1,0,0,0,0,True
analysis_last/data/foxl2_merged_results.tsv,foxl2,AutoGVP,BP2,0,0,0,0,True
analysis_last/data/foxl2_merged_results.tsv,foxl2,AutoGVP,BP3,0,0,0,0,True
analysis_last/data/foxl2_merged_results.tsv,foxl2,AutoGVP,BP4,1,2,1,2,True
analysis_last/data/foxl2_merged_results.tsv,foxl2,AutoGVP,BP5,0,0,0,0,True
analysis_last/data/foxl2_merged_results.tsv,foxl2,AutoGVP,BP6,0,0,0,0,True
analysis_last/data/foxl2_merged_results.tsv,foxl2,AutoGVP,BP7,0,0,0,0,True
analysis_last/data/foxl2_merged_results.tsv,foxl2,VIP-HL,PVS1,0,184,0,184,True
analysis_last/data/foxl2_merged_results.tsv,foxl2,VIP-HL,PS1,0,104,0,104,True
analysis_last/data/foxl2_merged_results.tsv,foxl2,VIP-HL,PS2,0,83,0,83,True
analysis_last/data/foxl2_merged_results.tsv,foxl2,VIP-HL,PS3,0,17,0,17,True
analysis_last/data/foxl2_merged_results.tsv,foxl2,VIP-HL,PS4,0,73,0,73,True
analysis_last/data/foxl2_merged_results.tsv,foxl2,VIP-HL,PM1,0,70,0,70,True
analysis_last/data/foxl2_merged_results.tsv,foxl2,VIP-HL,PM2,280,288,280,288,True
analysis_last/data/foxl2_merged_results.tsv,foxl2,VIP-HL,PM3,0,0,0,0,True
analysis_last/data/foxl2_merged_results.tsv,foxl2,VIP-HL,PM4,11,21,11,21,True
analysis_last/data/foxl2_merged_results.tsv,foxl2,VIP-HL,PM5,9,32,9,32,True
analysis_last/data/foxl2_merged_results.tsv,foxl2,VIP-HL,PM6,0,38,0,38,True
analysis_last/data/foxl2_merged_results.tsv,foxl2,VIP-HL,PP1,0,61,0,61,True
analysis_last/data/foxl2_merged_results.tsv,foxl2,VIP-HL,PP2,0,0,0,0,True
analysis_last/data/foxl2_merged_results.tsv,foxl2,VIP-HL,PP3,59,73,59,73,True
analysis_last/data/foxl2_merged_results.tsv,foxl2,VIP-HL,PP4,0,287,0,287,True
analysis_last/data/foxl2_merged_results.tsv,foxl2,VIP-HL,PP5,0,5,0,5,True
analysis_last/data/foxl2_merged_results.tsv,foxl2,VIP-HL,BA1,0,0,0,0,True
analysis_last/data/foxl2_merged_results.tsv,foxl2,VIP-HL,BS1,0,0,0,0,True
analysis_last/data/foxl2_merged_results.tsv,foxl2,VIP-HL,BS2,0,0,0,0,True
analysis_last/data/foxl2_merged_results.tsv,foxl2,VIP-HL,BS3,0,0,0,0,True
analysis_last/data/foxl2_merged_results.tsv,foxl2,VIP-HL,BS4,0,0,0,0,True
analysis_last/data/foxl2_merged_results.tsv,foxl2,VIP-HL,BP1,0,0,0,0,True
analysis_last/data/foxl2_merged_results.tsv,foxl2,VIP-HL,BP2,0,0,0,0,True
analysis_last/data/foxl2_merged_results.tsv,foxl2,VIP-HL,BP3,0,8,0,8,True
analysis_last/data/foxl2_merged_results.tsv,foxl2,VIP-HL,BP4,0,2,0,2,True
analysis_last/data/foxl2_merged_results.tsv,foxl2,VIP-HL,BP5,0,0,0,0,True
analysis_last/data/foxl2_merged_results.tsv,foxl2,VIP-HL,BP6,0,0,0,0,True
analysis_last/data/foxl2_merged_results.tsv,foxl2,VIP-HL,BP7,0,0,0,0,True
analysis_last/data/merged_results.tsv,clingen_28012026,InterVar_2018,PVS1,522,2481,522,2483,False
analysis_last/data/merged_results.tsv,clingen_28012026,InterVar_2018,PS1,4,143,4,143,True
analysis_last/data/merged_results.tsv,clingen_28012026,InterVar_2018,PS2,0,341,0,341,True
analysis_last/data/merged_results.tsv,clingen_28012026,InterVar_2018,PS3,0,1372,0,1372,True
analysis_last/data/merged_results.tsv,clingen_28012026,InterVar_2018,PS4,0,2074,0,2074,True
analysis_last/data/merged_results.tsv,clingen_28012026,InterVar_2018,PM1,985,4558,985,4666,False
analysis_last/data/merged_results.tsv,clingen_28012026,InterVar_2018,PM2,4673,9375,4673,9518,False
analysis_last/data/merged_results.tsv,clingen_28012026,InterVar_2018,PM3,0,2206,0,2206,True
analysis_last/data/merged_results.tsv,clingen_28012026,InterVar_2018,PM4,12,208,12,208,True
analysis_last/data/merged_results.tsv,clingen_28012026,InterVar_2018,PM5,56,1241,56,1241,True
analysis_last/data/merged_results.tsv,clingen_28012026,InterVar_2018,PM6,0,236,0,236,True
analysis_last/data/merged_results.tsv,clingen_28012026,InterVar_2018,PP1,0,1327,0,1327,True
analysis_last/data/merged_results.tsv,clingen_28012026,InterVar_2018,PP2,47,1037,47,1058,False
analysis_last/data/merged_results.tsv,clingen_28012026,InterVar_2018,PP3,2813,5195,2813,5306,False
analysis_last/data/merged_results.tsv,clingen_28012026,InterVar_2018,PP4,0,3759,0,3759,True
analysis_last/data/merged_results.tsv,clingen_28012026,InterVar_2018,PP5,0,1559,0,1568,False
analysis_last/data/merged_results.tsv,clingen_28012026,InterVar_2018,BA1,104,1005,104,1005,True
analysis_last/data/merged_results.tsv,clingen_28012026,InterVar_2018,BS1,59,1036,59,1039,False
analysis_last/data/merged_results.tsv,clingen_28012026,InterVar_2018,BS2,0,701,0,701,True
analysis_last/data/merged_results.tsv,clingen_28012026,InterVar_2018,BS3,0,277,0,277,True
analysis_last/data/merged_results.tsv,clingen_28012026,InterVar_2018,BS4,0,30,0,30,True
analysis_last/data/merged_results.tsv,clingen_28012026,InterVar_2018,BP1,44,965,44,980,False
analysis_last/data/merged_results.tsv,clingen_28012026,InterVar_2018,BP2,0,211,0,211,True
analysis_last/data/merged_results.tsv,clingen_28012026,InterVar_2018,BP3,0,20,0,20,True
analysis_last/data/merged_results.tsv,clingen_28012026,InterVar_2018,BP4,780,2581,780,2599,False
analysis_last/data/merged_results.tsv,clingen_28012026,InterVar_2018,BP5,0,228,0,228,True
analysis_last/data/merged_results.tsv,clingen_28012026,InterVar_2018,BP6,0,710,0,729,False
analysis_last/data/merged_results.tsv,clingen_28012026,InterVar_2018,BP7,508,1228,508,1235,False
analysis_last/data/merged_results.tsv,clingen_28012026,InterVar_2025,PVS1,1132,2516,1132,2520,False
analysis_last/data/merged_results.tsv,clingen_28012026,InterVar_2025,PS1,7,153,7,153,True
analysis_last/data/merged_results.tsv,clingen_28012026,InterVar_2025,PS2,0,341,0,341,True
analysis_last/data/merged_results.tsv,clingen_28012026,InterVar_2025,PS3,0,1372,0,1372,True
analysis_last/data/merged_results.tsv,clingen_28012026,InterVar_2025,PS4,0,2075,0,2075,True
analysis_last/data/merged_results.tsv,clingen_28012026,InterVar_2025,PM1,1034,5555,1034,5730,False
analysis_last/data/merged_results.tsv,clingen_28012026,InterVar_2025,PM2,423,8132,423,8144,False
analysis_last/data/merged_results.tsv,clingen_28012026,InterVar_2025,PM3,0,2206,0,2206,True
analysis_last/data/merged_results.tsv,clingen_28012026,InterVar_2025,PM4,14,209,14,209,True
analysis_last/data/merged_results.tsv,clingen_28012026,InterVar_2025,PM5,142,1377,142,1377,True
analysis_last/data/merged_results.tsv,clingen_28012026,InterVar_2025,PM6,0,236,0,236,True
analysis_last/data/merged_results.tsv,clingen_28012026,InterVar_2025,PP1,0,1327,0,1327,True
analysis_last/data/merged_results.tsv,clingen_28012026,InterVar_2025,PP2,52,1595,52,1616,False
analysis_last/data/merged_results.tsv,clingen_28012026,InterVar_2025,PP3,3325,5976,3325,6104,False
analysis_last/data/merged_results.tsv,clingen_28012026,InterVar_2025,PP4,0,3759,0,3759,True
analysis_last/data/merged_results.tsv,clingen_28012026,InterVar_2025,PP5,0,3764,0,3764,True
analysis_last/data/merged_results.tsv,clingen_28012026,InterVar_2025,BA1,138,1005,138,1005,True
analysis_last/data/merged_results.tsv,clingen_28012026,InterVar_2025,BS1,514,8628,514,8860,False
analysis_last/data/merged_results.tsv,clingen_28012026,InterVar_2025,BS2,0,701,0,701,True
analysis_last/data/merged_results.tsv,clingen_28012026,InterVar_2025,BS3,0,277,0,277,True
analysis_last/data/merged_results.tsv,clingen_28012026,InterVar_2025,BS4,0,30,0,30,True
analysis_last/data/merged_results.tsv,clingen_28012026,InterVar_2025,BP1,49,2760,49,2849,False
analysis_last/data/merged_results.tsv,clingen_28012026,InterVar_2025,BP2,0,211,0,211,True
analysis_last/data/merged_results.tsv,clingen_28012026,InterVar_2025,BP3,0,20,0,20,True
analysis_last/data/merged_results.tsv,clingen_28012026,InterVar_2025,BP4,919,2638,919,2661,False
analysis_last/data/merged_results.tsv,clingen_28012026,InterVar_2025,BP5,0,228,0,228,True
analysis_last/data/merged_results.tsv,clingen_28012026,InterVar_2025,BP6,0,2080,0,2081,False
analysis_last/data/merged_results.tsv,clingen_28012026,InterVar_2025,BP7,629,1277,629,1285,False
analysis_last/data/merged_results.tsv,clingen_28012026,BIAS,PVS1,2210,2810,2210,2822,False
analysis_last/data/merged_results.tsv,clingen_28012026,BIAS,PS1,5,398,5,398,True
analysis_last/data/merged_results.tsv,clingen_28012026,BIAS,PS2,0,341,0,341,True
analysis_last/data/merged_results.tsv,clingen_28012026,BIAS,PS3,790,3000,790,3029,False
analysis_last/data/merged_results.tsv,clingen_28012026,BIAS,PS4,217,3466,217,3545,False
analysis_last/data/merged_results.tsv,clingen_28012026,BIAS,PM1,475,2867,475,2885,False
analysis_last/data/merged_results.tsv,clingen_28012026,BIAS,PM2,7198,8973,7198,9101,False
analysis_last/data/merged_results.tsv,clingen_28012026,BIAS,PM3,0,2206,0,2206,True
analysis_last/data/merged_results.tsv,clingen_28012026,BIAS,PM4,20,287,20,287,True
analysis_last/data/merged_results.tsv,clingen_28012026,BIAS,PM5,364,1832,364,1836,False
analysis_last/data/merged_results.tsv,clingen_28012026,BIAS,PM6,0,236,0,236,True
analysis_last/data/merged_results.tsv,clingen_28012026,BIAS,PP1,0,1327,0,1327,True
analysis_last/data/merged_results.tsv,clingen_28012026,BIAS,PP2,512,1288,512,1307,False
analysis_last/data/merged_results.tsv,clingen_28012026,BIAS,PP3,3317,4504,3317,4575,False
analysis_last/data/merged_results.tsv,clingen_28012026,BIAS,PP4,0,3759,0,3759,True
analysis_last/data/merged_results.tsv,clingen_28012026,BIAS,PP5,0,3596,0,3603,False
analysis_last/data/merged_results.tsv,clingen_28012026,BIAS,BA1,524,1056,524,1056,True
analysis_last/data/merged_results.tsv,clingen_28012026,BIAS,BS1,298,1129,298,1150,False
analysis_last/data/merged_results.tsv,clingen_28012026,BIAS,BS2,257,1774,257,1826,False
analysis_last/data/merged_results.tsv,clingen_28012026,BIAS,BS3,0,277,0,277,True
analysis_last/data/merged_results.tsv,clingen_28012026,BIAS,BS4,0,30,0,30,True
analysis_last/data/merged_results.tsv,clingen_28012026,BIAS,BP1,14,387,14,422,False
analysis_last/data/merged_results.tsv,clingen_28012026,BIAS,BP2,0,211,0,211,True
analysis_last/data/merged_results.tsv,clingen_28012026,BIAS,BP3,0,26,0,26,True
analysis_last/data/merged_results.tsv,clingen_28012026,BIAS,BP4,1740,5385,1740,5528,False
analysis_last/data/merged_results.tsv,clingen_28012026,BIAS,BP5,0,228,0,228,True
analysis_last/data/merged_results.tsv,clingen_28012026,BIAS,BP6,0,2121,0,2147,False
analysis_last/data/merged_results.tsv,clingen_28012026,BIAS,BP7,807,1441,807,1451,False
analysis_last/data/merged_results.tsv,clingen_28012026,CharGer_Local,PVS1,0,2475,0,2475,True
analysis_last/data/merged_results.tsv,clingen_28012026,CharGer_Local,PS1,0,138,0,138,True
analysis_last/data/merged_results.tsv,clingen_28012026,CharGer_Local,PS2,0,341,0,341,True
analysis_last/data/merged_results.tsv,clingen_28012026,CharGer_Local,PS3,0,1372,0,1372,True
analysis_last/data/merged_results.tsv,clingen_28012026,CharGer_Local,PS4,0,2074,0,2074,True
analysis_last/data/merged_results.tsv,clingen_28012026,CharGer_Local,PM1,0,1308,0,1308,True
analysis_last/data/merged_results.tsv,clingen_28012026,CharGer_Local,PM2,6463,10158,6463,10404,False
analysis_last/data/merged_results.tsv,clingen_28012026,CharGer_Local,PM3,0,2206,0,2206,True
analysis_last/data/merged_results.tsv,clingen_28012026,CharGer_Local,PM4,0,204,0,204,True
analysis_last/data/merged_results.tsv,clingen_28012026,CharGer_Local,PM5,0,1203,0,1203,True
analysis_last/data/merged_results.tsv,clingen_28012026,CharGer_Local,PM6,0,236,0,236,True
analysis_last/data/merged_results.tsv,clingen_28012026,CharGer_Local,PP1,0,1327,0,1327,True
analysis_last/data/merged_results.tsv,clingen_28012026,CharGer_Local,PP2,0,655,0,655,True
analysis_last/data/merged_results.tsv,clingen_28012026,CharGer_Local,PP3,901,4237,901,4298,False
analysis_last/data/merged_results.tsv,clingen_28012026,CharGer_Local,PP4,0,3759,0,3759,True
analysis_last/data/merged_results.tsv,clingen_28012026,CharGer_Local,PP5,0,0,0,0,True
analysis_last/data/merged_results.tsv,clingen_28012026,CharGer_Local,BA1,167,1005,167,1005,True
analysis_last/data/merged_results.tsv,clingen_28012026,CharGer_Local,BS1,0,668,0,668,True
analysis_last/data/merged_results.tsv,clingen_28012026,CharGer_Local,BS2,0,701,0,701,True
analysis_last/data/merged_results.tsv,clingen_28012026,CharGer_Local,BS3,0,277,0,277,True
analysis_last/data/merged_results.tsv,clingen_28012026,CharGer_Local,BS4,0,30,0,30,True
analysis_last/data/merged_results.tsv,clingen_28012026,CharGer_Local,BP1,0,51,0,51,True
analysis_last/data/merged_results.tsv,clingen_28012026,CharGer_Local,BP2,0,211,0,211,True
analysis_last/data/merged_results.tsv,clingen_28012026,CharGer_Local,BP3,0,20,0,20,True
analysis_last/data/merged_results.tsv,clingen_28012026,CharGer_Local,BP4,613,3014,613,3069,False
analysis_last/data/merged_results.tsv,clingen_28012026,CharGer_Local,BP5,0,228,0,228,True
analysis_last/data/merged_results.tsv,clingen_28012026,CharGer_Local,BP6,0,0,0,0,True
analysis_last/data/merged_results.tsv,clingen_28012026,CharGer_Local,BP7,0,936,0,936,True
analysis_last/data/merged_results.tsv,clingen_28012026,CharGer_Online,PVS1,0,2475,0,2475,True
analysis_last/data/merged_results.tsv,clingen_28012026,CharGer_Online,PS1,28,1182,28,1184,False
analysis_last/data/merged_results.tsv,clingen_28012026,CharGer_Online,PS2,0,341,0,341,True
analysis_last/data/merged_results.tsv,clingen_28012026,CharGer_Online,PS3,0,1372,0,1372,True
analysis_last/data/merged_results.tsv,clingen_28012026,CharGer_Online,PS4,0,2074,0,2074,True
analysis_last/data/merged_results.tsv,clingen_28012026,CharGer_Online,PM1,0,1308,0,1308,True
analysis_last/data/merged_results.tsv,clingen_28012026,CharGer_Online,PM2,6466,10976,6466,11224,False
analysis_last/data/merged_results.tsv,clingen_28012026,CharGer_Online,PM3,0,2206,0,2206,True
analysis_last/data/merged_results.tsv,clingen_28012026,CharGer_Online,PM4,0,204,0,204,True
analysis_last/data/merged_results.tsv,clingen_28012026,CharGer_Online,PM5,0,1203,0,1203,True
analysis_last/data/merged_results.tsv,clingen_28012026,CharGer_Online,PM6,0,236,0,236,True
analysis_last/data/merged_results.tsv,clingen_28012026,CharGer_Online,PP1,0,1327,0,1327,True
analysis_last/data/merged_results.tsv,clingen_28012026,CharGer_Online,PP2,0,655,0,655,True
analysis_last/data/merged_results.tsv,clingen_28012026,CharGer_Online,PP3,32,3592,32,3592,True
analysis_last/data/merged_results.tsv,clingen_28012026,CharGer_Online,PP4,0,3759,0,3759,True
analysis_last/data/merged_results.tsv,clingen_28012026,CharGer_Online,PP5,0,0,0,0,True
analysis_last/data/merged_results.tsv,clingen_28012026,CharGer_Online,BA1,0,1005,0,1005,True
analysis_last/data/merged_results.tsv,clingen_28012026,CharGer_Online,BS1,0,668,0,668,True
analysis_last/data/merged_results.tsv,clingen_28012026,CharGer_Online,BS2,0,701,0,701,True
analysis_last/data/merged_results.tsv,clingen_28012026,CharGer_Online,BS3,0,277,0,277,True
analysis_last/data/merged_results.tsv,clingen_28012026,CharGer_Online,BS4,0,30,0,30,True
analysis_last/data/merged_results.tsv,clingen_28012026,CharGer_Online,BP1,0,51,0,51,True
analysis_last/data/merged_results.tsv,clingen_28012026,CharGer_Online,BP2,0,211,0,211,True
analysis_last/data/merged_results.tsv,clingen_28012026,CharGer_Online,BP3,0,20,0,20,True
analysis_last/data/merged_results.tsv,clingen_28012026,CharGer_Online,BP4,45,2291,45,2293,False
analysis_last/data/merged_results.tsv,clingen_28012026,CharGer_Online,BP5,0,228,0,228,True
analysis_last/data/merged_results.tsv,clingen_28012026,CharGer_Online,BP6,0,0,0,0,True
analysis_last/data/merged_results.tsv,clingen_28012026,CharGer_Online,BP7,0,936,0,936,True
analysis_last/data/merged_results.tsv,clingen_28012026,DiabloACMG,PVS1,1133,2519,1133,2523,False
analysis_last/data/merged_results.tsv,clingen_28012026,DiabloACMG,PS1,32,1511,32,1515,False
analysis_last/data/merged_results.tsv,clingen_28012026,DiabloACMG,PS2,0,341,0,341,True
analysis_last/data/merged_results.tsv,clingen_28012026,DiabloACMG,PS3,654,2779,654,2779,True
analysis_last/data/merged_results.tsv,clingen_28012026,DiabloACMG,PS4,0,2074,0,2074,True
analysis_last/data/merged_results.tsv,clingen_28012026,DiabloACMG,PM1,519,2971,519,3032,False
analysis_last/data/merged_results.tsv,clingen_28012026,DiabloACMG,PM2,6459,10428,6459,10672,False
analysis_last/data/merged_results.tsv,clingen_28012026,DiabloACMG,PM3,0,2206,0,2206,True
analysis_last/data/merged_results.tsv,clingen_28012026,DiabloACMG,PM4,14,209,14,209,True
analysis_last/data/merged_results.tsv,clingen_28012026,DiabloACMG,PM5,196,1480,196,1480,True
analysis_last/data/merged_results.tsv,clingen_28012026,DiabloACMG,PM6,0,236,0,236,True
analysis_last/data/merged_results.tsv,clingen_28012026,DiabloACMG,PP1,0,1327,0,1327,True
analysis_last/data/merged_results.tsv,clingen_28012026,DiabloACMG,PP2,52,1595,52,1616,False
analysis_last/data/merged_results.tsv,clingen_28012026,DiabloACMG,PP3,3263,5971,3263,6113,False
analysis_last/data/merged_results.tsv,clingen_28012026,DiabloACMG,PP4,0,3759,0,3759,True
analysis_last/data/merged_results.tsv,clingen_28012026,DiabloACMG,PP5,0,4074,0,4076,False
analysis_last/data/merged_results.tsv,clingen_28012026,DiabloACMG,BA1,166,1005,166,1005,True
analysis_last/data/merged_results.tsv,clingen_28012026,DiabloACMG,BS1,0,834,0,834,True
analysis_last/data/merged_results.tsv,clingen_28012026,DiabloACMG,BS2,51,985,51,993,False
analysis_last/data/merged_results.tsv,clingen_28012026,DiabloACMG,BS3,174,2316,174,2317,False
analysis_last/data/merged_results.tsv,clingen_28012026,DiabloACMG,BS4,0,30,0,30,True
analysis_last/data/merged_results.tsv,clingen_28012026,DiabloACMG,BP1,49,2752,49,2841,False
analysis_last/data/merged_results.tsv,clingen_28012026,DiabloACMG,BP2,0,211,0,211,True
analysis_last/data/merged_results.tsv,clingen_28012026,DiabloACMG,BP3,0,20,0,20,True
analysis_last/data/merged_results.tsv,clingen_28012026,DiabloACMG,BP4,1180,3016,1180,3052,False
analysis_last/data/merged_results.tsv,clingen_28012026,DiabloACMG,BP5,0,228,0,228,True
analysis_last/data/merged_results.tsv,clingen_28012026,DiabloACMG,BP6,0,2288,0,2289,False
analysis_last/data/merged_results.tsv,clingen_28012026,DiabloACMG,BP7,628,1258,628,1264,False
analysis_last/data/merged_results.tsv,clingen_28012026,Exomiser,PVS1,17,2486,17,2486,True
analysis_last/data/merged_results.tsv,clingen_28012026,Exomiser,PS1,0,139,0,139,True
analysis_last/data/merged_results.tsv,clingen_28012026,Exomiser,PS2,0,341,0,341,True
analysis_last/data/merged_results.tsv,clingen_28012026,Exomiser,PS3,0,1372,0,1372,True
analysis_last/data/merged_results.tsv,clingen_28012026,Exomiser,PS4,0,2074,0,2074,True
analysis_last/data/merged_results.tsv,clingen_28012026,Exomiser,PM1,4,1323,4,1323,True
analysis_last/data/merged_results.tsv,clingen_28012026,Exomiser,PM2,70,7893,70,7893,True
analysis_last/data/merged_results.tsv,clingen_28012026,Exomiser,PM3,0,2206,0,2206,True
analysis_last/data/merged_results.tsv,clingen_28012026,Exomiser,PM4,4,204,4,204,True
analysis_last/data/merged_results.tsv,clingen_28012026,Exomiser,PM5,4,1218,4,1218,True
analysis_last/data/merged_results.tsv,clingen_28012026,Exomiser,PM6,0,236,0,236,True
analysis_last/data/merged_results.tsv,clingen_28012026,Exomiser,PP1,0,1327,0,1327,True
analysis_last/data/merged_results.tsv,clingen_28012026,Exomiser,PP2,0,655,0,655,True
analysis_last/data/merged_results.tsv,clingen_28012026,Exomiser,PP3,36,3566,36,3566,True
analysis_last/data/merged_results.tsv,clingen_28012026,Exomiser,PP4,0,3759,0,3759,True
analysis_last/data/merged_results.tsv,clingen_28012026,Exomiser,PP5,0,84,0,84,True
analysis_last/data/merged_results.tsv,clingen_28012026,Exomiser,BA1,0,1005,0,1005,True
analysis_last/data/merged_results.tsv,clingen_28012026,Exomiser,BS1,0,668,0,668,True
analysis_last/data/merged_results.tsv,clingen_28012026,Exomiser,BS2,0,701,0,701,True
analysis_last/data/merged_results.tsv,clingen_28012026,Exomiser,BS3,0,277,0,277,True
analysis_last/data/merged_results.tsv,clingen_28012026,Exomiser,BS4,0,30,0,30,True
analysis_last/data/merged_results.tsv,clingen_28012026,Exomiser,BP1,0,51,0,51,True
analysis_last/data/merged_results.tsv,clingen_28012026,Exomiser,BP2,0,211,0,211,True
analysis_last/data/merged_results.tsv,clingen_28012026,Exomiser,BP3,0,20,0,20,True
analysis_last/data/merged_results.tsv,clingen_28012026,Exomiser,BP4,1,2155,1,2155,True
analysis_last/data/merged_results.tsv,clingen_28012026,Exomiser,BP5,0,228,0,228,True
analysis_last/data/merged_results.tsv,clingen_28012026,Exomiser,BP6,0,1,0,1,True
analysis_last/data/merged_results.tsv,clingen_28012026,Exomiser,BP7,0,936,0,936,True
analysis_last/data/merged_results.tsv,clingen_28012026,Genebe,PVS1,2319,2769,2319,2778,False
analysis_last/data/merged_results.tsv,clingen_28012026,Genebe,PS1,97,158,97,158,True
analysis_last/data/merged_results.tsv,clingen_28012026,Genebe,PS2,268,342,268,342,True
analysis_last/data/merged_results.tsv,clingen_28012026,Genebe,PS3,1248,1498,1248,1500,False
analysis_last/data/merged_results.tsv,clingen_28012026,Genebe,PS4,1592,2080,1592,2080,True
analysis_last/data/merged_results.tsv,clingen_28012026,Genebe,PM1,1234,1814,1234,1817,False
analysis_last/data/merged_results.tsv,clingen_28012026,Genebe,PM2,7622,8075,7622,8092,False
analysis_last/data/merged_results.tsv,clingen_28012026,Genebe,PM3,1433,2210,1433,2210,True
analysis_last/data/merged_results.tsv,clingen_28012026,Genebe,PM4,46,291,46,291,True
analysis_last/data/merged_results.tsv,clingen_28012026,Genebe,PM5,967,1444,967,1446,False
analysis_last/data/merged_results.tsv,clingen_28012026,Genebe,PM6,188,239,188,239,True
analysis_last/data/merged_results.tsv,clingen_28012026,Genebe,PP1,975,1330,975,1330,True
analysis_last/data/merged_results.tsv,clingen_28012026,Genebe,PP2,639,1014,639,1014,True
analysis_last/data/merged_results.tsv,clingen_28012026,Genebe,PP3,3481,3765,3481,3770,False
analysis_last/data/merged_results.tsv,clingen_28012026,Genebe,PP4,2572,3763,2572,3763,True
analysis_last/data/merged_results.tsv,clingen_28012026,Genebe,PP5,0,778,0,779,False
analysis_last/data/merged_results.tsv,clingen_28012026,Genebe,BA1,864,1007,864,1007,True
analysis_last/data/merged_results.tsv,clingen_28012026,Genebe,BS1,553,724,553,726,False
analysis_last/data/merged_results.tsv,clingen_28012026,Genebe,BS2,649,849,649,858,False
analysis_last/data/merged_results.tsv,clingen_28012026,Genebe,BS3,243,280,243,281,False
analysis_last/data/merged_results.tsv,clingen_28012026,Genebe,BS4,28,30,28,31,False
analysis_last/data/merged_results.tsv,clingen_28012026,Genebe,BP1,48,51,48,51,True
analysis_last/data/merged_results.tsv,clingen_28012026,Genebe,BP2,187,211,187,211,True
analysis_last/data/merged_results.tsv,clingen_28012026,Genebe,BP3,0,25,0,25,True
analysis_last/data/merged_results.tsv,clingen_28012026,Genebe,BP4,2053,2356,2053,2370,False
analysis_last/data/merged_results.tsv,clingen_28012026,Genebe,BP5,190,228,190,228,True
analysis_last/data/merged_results.tsv,clingen_28012026,Genebe,BP6,0,249,0,249,True
analysis_last/data/merged_results.tsv,clingen_28012026,Genebe,BP7,849,958,849,958,True
analysis_last/data/merged_results.tsv,clingen_28012026,TAPES,PVS1,1362,2635,1362,2641,False
analysis_last/data/merged_results.tsv,clingen_28012026,TAPES,PS1,1,141,1,141,True
analysis_last/data/merged_results.tsv,clingen_28012026,TAPES,PS2,0,341,0,341,True
analysis_last/data/merged_results.tsv,clingen_28012026,TAPES,PS3,45,1429,45,1429,True
analysis_last/data/merged_results.tsv,clingen_28012026,TAPES,PS4,0,2075,0,2075,True
analysis_last/data/merged_results.tsv,clingen_28012026,TAPES,PM1,1121,5055,1121,5181,False
analysis_last/data/merged_results.tsv,clingen_28012026,TAPES,PM2,7684,9910,7684,10126,False
analysis_last/data/merged_results.tsv,clingen_28012026,TAPES,PM3,0,2206,0,2206,True
analysis_last/data/merged_results.tsv,clingen_28012026,TAPES,PM4,17,272,17,272,True
analysis_last/data/merged_results.tsv,clingen_28012026,TAPES,PM5,0,1207,0,1207,True
analysis_last/data/merged_results.tsv,clingen_28012026,TAPES,PM6,0,236,0,236,True
analysis_last/data/merged_results.tsv,clingen_28012026,TAPES,PP1,0,1327,0,1327,True
analysis_last/data/merged_results.tsv,clingen_28012026,TAPES,PP2,0,655,0,655,True
analysis_last/data/merged_results.tsv,clingen_28012026,TAPES,PP3,3285,5939,3285,6085,False
analysis_last/data/merged_results.tsv,clingen_28012026,TAPES,PP4,0,3759,0,3759,True
analysis_last/data/merged_results.tsv,clingen_28012026,TAPES,PP5,0,2514,0,2538,False
analysis_last/data/merged_results.tsv,clingen_28012026,TAPES,BA1,171,1006,171,1006,True
analysis_last/data/merged_results.tsv,clingen_28012026,TAPES,BS1,108,1293,108,1296,False
analysis_last/data/merged_results.tsv,clingen_28012026,TAPES,BS2,1,707,1,707,True
analysis_last/data/merged_results.tsv,clingen_28012026,TAPES,BS3,4,485,4,485,True
analysis_last/data/merged_results.tsv,clingen_28012026,TAPES,BS4,0,30,0,30,True
analysis_last/data/merged_results.tsv,clingen_28012026,TAPES,BP1,0,51,0,51,True
analysis_last/data/merged_results.tsv,clingen_28012026,TAPES,BP2,0,211,0,211,True
analysis_last/data/merged_results.tsv,clingen_28012026,TAPES,BP3,0,59,0,59,True
analysis_last/data/merged_results.tsv,clingen_28012026,TAPES,BP4,507,2626,507,2651,False
analysis_last/data/merged_results.tsv,clingen_28012026,TAPES,BP5,0,228,0,228,True
analysis_last/data/merged_results.tsv,clingen_28012026,TAPES,BP6,0,400,0,404,False
analysis_last/data/merged_results.tsv,clingen_28012026,TAPES,BP7,0,936,0,936,True
analysis_last/data/merged_results.tsv,clingen_28012026,Franklin,PVS1,1828,2664,1828,2672,False
analysis_last/data/merged_results.tsv,clingen_28012026,Franklin,PS1,75,311,75,311,True
analysis_last/data/merged_results.tsv,clingen_28012026,Franklin,PS2,250,374,250,374,True
analysis_last/data/merged_results.tsv,clingen_28012026,Franklin,PS3,1023,1500,1023,1501,False
analysis_last/data/merged_results.tsv,clingen_28012026,Franklin,PS4,1442,2314,1442,2314,True
analysis_last/data/merged_results.tsv,clingen_28012026,Franklin,PM1,1084,3595,1084,3617,False
analysis_last/data/merged_results.tsv,clingen_28012026,Franklin,PM2,6733,9437,6733,9636,False
analysis_last/data/merged_results.tsv,clingen_28012026,Franklin,PM3,1417,2361,1417,2361,True
analysis_last/data/merged_results.tsv,clingen_28012026,Franklin,PM4,37,266,37,266,True
analysis_last/data/merged_results.tsv,clingen_28012026,Franklin,PM5,963,2767,963,2779,False
analysis_last/data/merged_results.tsv,clingen_28012026,Franklin,PM6,157,246,157,246,True
analysis_last/data/merged_results.tsv,clingen_28012026,Franklin,PP1,840,1388,840,1388,True
analysis_last/data/merged_results.tsv,clingen_28012026,Franklin,PP2,601,3898,601,3986,False
analysis_last/data/merged_results.tsv,clingen_28012026,Franklin,PP3,3441,4366,3441,4437,False
analysis_last/data/merged_results.tsv,clingen_28012026,Franklin,PP4,2008,3762,2008,3762,True
analysis_last/data/merged_results.tsv,clingen_28012026,Franklin,PP5,0,4050,0,4052,False
analysis_last/data/merged_results.tsv,clingen_28012026,Franklin,BA1,180,1037,180,1037,True
analysis_last/data/merged_results.tsv,clingen_28012026,Franklin,BS1,113,830,113,831,False
analysis_last/data/merged_results.tsv,clingen_28012026,Franklin,BS2,454,1006,454,1016,False
analysis_last/data/merged_results.tsv,clingen_28012026,Franklin,BS3,212,305,212,307,False
analysis_last/data/merged_results.tsv,clingen_28012026,Franklin,BS4,17,31,17,32,False
analysis_last/data/merged_results.tsv,clingen_28012026,Franklin,BP1,0,51,0,51,True
analysis_last/data/merged_results.tsv,clingen_28012026,Franklin,BP2,77,211,77,211,True
analysis_last/data/merged_results.tsv,clingen_28012026,Franklin,BP3,0,25,0,25,True
analysis_last/data/merged_results.tsv,clingen_28012026,Franklin,BP4,505,2319,505,2329,False
analysis_last/data/merged_results.tsv,clingen_28012026,Franklin,BP5,115,228,115,228,True
analysis_last/data/merged_results.tsv,clingen_28012026,Franklin,BP6,0,1214,0,1215,False
analysis_last/data/merged_results.tsv,clingen_28012026,Franklin,BP7,58,936,58,936,True
analysis_last/data/merged_results.tsv,clingen_28012026,AutoGVP,PVS1,1131,2516,1131,2520,False
analysis_last/data/merged_results.tsv,clingen_28012026,AutoGVP,PS1,7,153,7,153,True
analysis_last/data/merged_results.tsv,clingen_28012026,AutoGVP,PS2,0,341,0,341,True
analysis_last/data/merged_results.tsv,clingen_28012026,AutoGVP,PS3,0,1372,0,1372,True
analysis_last/data/merged_results.tsv,clingen_28012026,AutoGVP,PS4,0,2075,0,2075,True
analysis_last/data/merged_results.tsv,clingen_28012026,AutoGVP,PM1,1034,5557,1034,5732,False
analysis_last/data/merged_results.tsv,clingen_28012026,AutoGVP,PM2,6358,9884,6358,10094,False
analysis_last/data/merged_results.tsv,clingen_28012026,AutoGVP,PM3,0,2206,0,2206,True
analysis_last/data/merged_results.tsv,clingen_28012026,AutoGVP,PM4,14,209,14,209,True
analysis_last/data/merged_results.tsv,clingen_28012026,AutoGVP,PM5,142,1377,142,1377,True
analysis_last/data/merged_results.tsv,clingen_28012026,AutoGVP,PM6,0,236,0,236,True
analysis_last/data/merged_results.tsv,clingen_28012026,AutoGVP,PP1,0,1327,0,1327,True
analysis_last/data/merged_results.tsv,clingen_28012026,AutoGVP,PP2,52,1595,52,1616,False
analysis_last/data/merged_results.tsv,clingen_28012026,AutoGVP,PP3,3328,5985,3328,6113,False
analysis_last/data/merged_results.tsv,clingen_28012026,AutoGVP,PP4,0,3759,0,3759,True
analysis_last/data/merged_results.tsv,clingen_28012026,AutoGVP,PP5,0,2455,0,2461,False
analysis_last/data/merged_results.tsv,clingen_28012026,AutoGVP,BA1,180,1005,180,1005,True
analysis_last/data/merged_results.tsv,clingen_28012026,AutoGVP,BS1,41,1155,41,1155,True
analysis_last/data/merged_results.tsv,clingen_28012026,AutoGVP,BS2,0,701,0,701,True
analysis_last/data/merged_results.tsv,clingen_28012026,AutoGVP,BS3,0,277,0,277,True
analysis_last/data/merged_results.tsv,clingen_28012026,AutoGVP,BS4,0,30,0,30,True
analysis_last/data/merged_results.tsv,clingen_28012026,AutoGVP,BP1,49,2760,49,2849,False
analysis_last/data/merged_results.tsv,clingen_28012026,AutoGVP,BP2,0,211,0,211,True
analysis_last/data/merged_results.tsv,clingen_28012026,AutoGVP,BP3,0,20,0,20,True
analysis_last/data/merged_results.tsv,clingen_28012026,AutoGVP,BP4,920,2638,920,2661,False
analysis_last/data/merged_results.tsv,clingen_28012026,AutoGVP,BP5,0,228,0,228,True
analysis_last/data/merged_results.tsv,clingen_28012026,AutoGVP,BP6,0,1181,0,1189,False
analysis_last/data/merged_results.tsv,clingen_28012026,AutoGVP,BP7,629,1277,629,1285,False
analysis_last/data/merged_results.tsv,clingen_28012026,VIP-HL,PVS1,23,2478,23,2478,True
analysis_last/data/merged_results.tsv,clingen_28012026,VIP-HL,PS1,0,138,0,138,True
analysis_last/data/merged_results.tsv,clingen_28012026,VIP-HL,PS2,0,341,0,341,True
analysis_last/data/merged_results.tsv,clingen_28012026,VIP-HL,PS3,0,1372,0,1372,True
analysis_last/data/merged_results.tsv,clingen_28012026,VIP-HL,PS4,0,2074,0,2074,True
analysis_last/data/merged_results.tsv,clingen_28012026,VIP-HL,PM1,2,1315,2,1315,True
analysis_last/data/merged_results.tsv,clingen_28012026,VIP-HL,PM2,79,7932,79,7936,False
analysis_last/data/merged_results.tsv,clingen_28012026,VIP-HL,PM3,0,2206,0,2206,True
analysis_last/data/merged_results.tsv,clingen_28012026,VIP-HL,PM4,0,204,0,204,True
analysis_last/data/merged_results.tsv,clingen_28012026,VIP-HL,PM5,13,1212,13,1212,True
analysis_last/data/merged_results.tsv,clingen_28012026,VIP-HL,PM6,0,236,0,236,True
analysis_last/data/merged_results.tsv,clingen_28012026,VIP-HL,PP1,0,1327,0,1327,True
analysis_last/data/merged_results.tsv,clingen_28012026,VIP-HL,PP2,0,655,0,655,True
analysis_last/data/merged_results.tsv,clingen_28012026,VIP-HL,PP3,73,3564,73,3564,True
analysis_last/data/merged_results.tsv,clingen_28012026,VIP-HL,PP4,0,3759,0,3759,True
analysis_last/data/merged_results.tsv,clingen_28012026,VIP-HL,PP5,0,0,0,0,True
analysis_last/data/merged_results.tsv,clingen_28012026,VIP-HL,BA1,26,1006,26,1006,True
analysis_last/data/merged_results.tsv,clingen_28012026,VIP-HL,BS1,39,670,39,670,True
analysis_last/data/merged_results.tsv,clingen_28012026,VIP-HL,BS2,0,714,0,714,True
analysis_last/data/merged_results.tsv,clingen_28012026,VIP-HL,BS3,0,277,0,277,True
analysis_last/data/merged_results.tsv,clingen_28012026,VIP-HL,BS4,0,30,0,30,True
analysis_last/data/merged_results.tsv,clingen_28012026,VIP-HL,BP1,0,51,0,51,True
analysis_last/data/merged_results.tsv,clingen_28012026,VIP-HL,BP2,0,211,0,211,True
analysis_last/data/merged_results.tsv,clingen_28012026,VIP-HL,BP3,0,20,0,20,True
analysis_last/data/merged_results.tsv,clingen_28012026,VIP-HL,BP4,18,2162,18,2162,True
analysis_last/data/merged_results.tsv,clingen_28012026,VIP-HL,BP5,0,228,0,228,True
analysis_last/data/merged_results.tsv,clingen_28012026,VIP-HL,BP6,0,0,0,0,True
analysis_last/data/merged_results.tsv,clingen_28012026,VIP-HL,BP7,4,937,4,937,True
analysis_last/data/merged_results.tsv,clingen_28012026,CancerSIGVAR,PVS1,252,2495,252,2495,True
analysis_last/data/merged_results.tsv,clingen_28012026,CancerSIGVAR,PS1,4,145,4,145,True
analysis_last/data/merged_results.tsv,clingen_28012026,CancerSIGVAR,PS2,0,341,0,341,True
analysis_last/data/merged_results.tsv,clingen_28012026,CancerSIGVAR,PS3,0,1372,0,1372,True
analysis_last/data/merged_results.tsv,clingen_28012026,CancerSIGVAR,PS4,0,2074,0,2074,True
analysis_last/data/merged_results.tsv,clingen_28012026,CancerSIGVAR,PM1,0,1308,0,1308,True
analysis_last/data/merged_results.tsv,clingen_28012026,CancerSIGVAR,PM2,652,8030,652,8035,False
analysis_last/data/merged_results.tsv,clingen_28012026,CancerSIGVAR,PM3,0,2206,0,2206,True
analysis_last/data/merged_results.tsv,clingen_28012026,CancerSIGVAR,PM4,3,215,3,215,True
analysis_last/data/merged_results.tsv,clingen_28012026,CancerSIGVAR,PM5,22,1248,22,1248,True
analysis_last/data/merged_results.tsv,clingen_28012026,CancerSIGVAR,PM6,0,236,0,236,True
analysis_last/data/merged_results.tsv,clingen_28012026,CancerSIGVAR,PP1,0,1327,0,1327,True
analysis_last/data/merged_results.tsv,clingen_28012026,CancerSIGVAR,PP2,0,655,0,655,True
analysis_last/data/merged_results.tsv,clingen_28012026,CancerSIGVAR,PP3,152,3707,152,3707,True
analysis_last/data/merged_results.tsv,clingen_28012026,CancerSIGVAR,PP4,0,3759,0,3759,True
analysis_last/data/merged_results.tsv,clingen_28012026,CancerSIGVAR,PP5,0,166,0,166,True
analysis_last/data/merged_results.tsv,clingen_28012026,CancerSIGVAR,BA1,13,1005,13,1005,True
analysis_last/data/merged_results.tsv,clingen_28012026,CancerSIGVAR,BS1,3,697,3,697,True
analysis_last/data/merged_results.tsv,clingen_28012026,CancerSIGVAR,BS2,0,701,0,701,True
analysis_last/data/merged_results.tsv,clingen_28012026,CancerSIGVAR,BS3,0,277,0,277,True
analysis_last/data/merged_results.tsv,clingen_28012026,CancerSIGVAR,BS4,0,30,0,30,True
analysis_last/data/merged_results.tsv,clingen_28012026,CancerSIGVAR,BP1,0,51,0,51,True
analysis_last/data/merged_results.tsv,clingen_28012026,CancerSIGVAR,BP2,22,233,22,233,True
analysis_last/data/merged_results.tsv,clingen_28012026,CancerSIGVAR,BP3,0,20,0,20,True
analysis_last/data/merged_results.tsv,clingen_28012026,CancerSIGVAR,BP4,55,2201,55,2201,True
analysis_last/data/merged_results.tsv,clingen_28012026,CancerSIGVAR,BP5,0,228,0,228,True
analysis_last/data/merged_results.tsv,clingen_28012026,CancerSIGVAR,BP6,0,96,0,96,True
analysis_last/data/merged_results.tsv,clingen_28012026,CancerSIGVAR,BP7,33,948,33,948,True
analysis_last/data/merged_results.tsv,clingen_28012026,CPSR,PVS1,660,2604,660,2608,False
analysis_last/data/merged_results.tsv,clingen_28012026,CPSR,PS1,2,138,2,138,True
analysis_last/data/merged_results.tsv,clingen_28012026,CPSR,PS2,0,341,0,341,True
analysis_last/data/merged_results.tsv,clingen_28012026,CPSR,PS3,0,1372,0,1372,True
analysis_last/data/merged_results.tsv,clingen_28012026,CPSR,PS4,0,2074,0,2074,True
analysis_last/data/merged_results.tsv,clingen_28012026,CPSR,PM1,83,1383,83,1383,True
analysis_last/data/merged_results.tsv,clingen_28012026,CPSR,PM2,2313,8536,2313,8635,False
analysis_last/data/merged_results.tsv,clingen_28012026,CPSR,PM3,0,2206,0,2206,True
analysis_last/data/merged_results.tsv,clingen_28012026,CPSR,PM4,5,226,5,226,True
analysis_last/data/merged_results.tsv,clingen_28012026,CPSR,PM5,40,1261,40,1261,True
analysis_last/data/merged_results.tsv,clingen_28012026,CPSR,PM6,73,528,73,528,True
analysis_last/data/merged_results.tsv,clingen_28012026,CPSR,PP1,0,1327,0,1327,True
analysis_last/data/merged_results.tsv,clingen_28012026,CPSR,PP2,71,718,71,720,False
analysis_last/data/merged_results.tsv,clingen_28012026,CPSR,PP3,503,3914,503,3933,False
analysis_last/data/merged_results.tsv,clingen_28012026,CPSR,PP4,0,3759,0,3759,True
analysis_last/data/merged_results.tsv,clingen_28012026,CPSR,PP5,0,0,0,0,True
analysis_last/data/merged_results.tsv,clingen_28012026,CPSR,BA1,116,1008,116,1008,True
analysis_last/data/merged_results.tsv,clingen_28012026,CPSR,BS1,137,949,137,964,False
analysis_last/data/merged_results.tsv,clingen_28012026,CPSR,BS2,0,701,0,701,True
analysis_last/data/merged_results.tsv,clingen_28012026,CPSR,BS3,0,277,0,277,True
analysis_last/data/merged_results.tsv,clingen_28012026,CPSR,BS4,0,30,0,30,True
analysis_last/data/merged_results.tsv,clingen_28012026,CPSR,BP1,49,427,49,432,False
analysis_last/data/merged_results.tsv,clingen_28012026,CPSR,BP2,0,211,0,211,True
analysis_last/data/merged_results.tsv,clingen_28012026,CPSR,BP3,0,180,0,210,False
analysis_last/data/merged_results.tsv,clingen_28012026,CPSR,BP4,101,2216,101,2216,True
analysis_last/data/merged_results.tsv,clingen_28012026,CPSR,BP5,0,228,0,228,True
analysis_last/data/merged_results.tsv,clingen_28012026,CPSR,BP6,0,0,0,0,True
analysis_last/data/merged_results.tsv,clingen_28012026,CPSR,BP7,446,1220,446,1222,False
analysis_last/data/merged_results_backup.tsv,clingen_28012026,InterVar_2018,PVS1,522,2481,522,2483,False
analysis_last/data/merged_results_backup.tsv,clingen_28012026,InterVar_2018,PS1,4,143,4,143,True
analysis_last/data/merged_results_backup.tsv,clingen_28012026,InterVar_2018,PS2,0,341,0,341,True
analysis_last/data/merged_results_backup.tsv,clingen_28012026,InterVar_2018,PS3,0,1372,0,1372,True
analysis_last/data/merged_results_backup.tsv,clingen_28012026,InterVar_2018,PS4,0,2074,0,2074,True
analysis_last/data/merged_results_backup.tsv,clingen_28012026,InterVar_2018,PM1,985,4558,985,4666,False
analysis_last/data/merged_results_backup.tsv,clingen_28012026,InterVar_2018,PM2,4673,9375,4673,9518,False
analysis_last/data/merged_results_backup.tsv,clingen_28012026,InterVar_2018,PM3,0,2206,0,2206,True
analysis_last/data/merged_results_backup.tsv,clingen_28012026,InterVar_2018,PM4,12,208,12,208,True
analysis_last/data/merged_results_backup.tsv,clingen_28012026,InterVar_2018,PM5,56,1241,56,1241,True
analysis_last/data/merged_results_backup.tsv,clingen_28012026,InterVar_2018,PM6,0,236,0,236,True
analysis_last/data/merged_results_backup.tsv,clingen_28012026,InterVar_2018,PP1,0,1327,0,1327,True
analysis_last/data/merged_results_backup.tsv,clingen_28012026,InterVar_2018,PP2,47,1037,47,1058,False
analysis_last/data/merged_results_backup.tsv,clingen_28012026,InterVar_2018,PP3,2813,5195,2813,5306,False
analysis_last/data/merged_results_backup.tsv,clingen_28012026,InterVar_2018,PP4,0,3759,0,3759,True
analysis_last/data/merged_results_backup.tsv,clingen_28012026,InterVar_2018,PP5,0,1559,0,1568,False
analysis_last/data/merged_results_backup.tsv,clingen_28012026,InterVar_2018,BA1,104,1005,104,1005,True
analysis_last/data/merged_results_backup.tsv,clingen_28012026,InterVar_2018,BS1,59,1036,59,1039,False
analysis_last/data/merged_results_backup.tsv,clingen_28012026,InterVar_2018,BS2,0,701,0,701,True
analysis_last/data/merged_results_backup.tsv,clingen_28012026,InterVar_2018,BS3,0,277,0,277,True
analysis_last/data/merged_results_backup.tsv,clingen_28012026,InterVar_2018,BS4,0,30,0,30,True
analysis_last/data/merged_results_backup.tsv,clingen_28012026,InterVar_2018,BP1,44,965,44,980,False
analysis_last/data/merged_results_backup.tsv,clingen_28012026,InterVar_2018,BP2,0,211,0,211,True
analysis_last/data/merged_results_backup.tsv,clingen_28012026,InterVar_2018,BP3,0,20,0,20,True
analysis_last/data/merged_results_backup.tsv,clingen_28012026,InterVar_2018,BP4,780,2581,780,2599,False
analysis_last/data/merged_results_backup.tsv,clingen_28012026,InterVar_2018,BP5,0,228,0,228,True
analysis_last/data/merged_results_backup.tsv,clingen_28012026,InterVar_2018,BP6,0,710,0,729,False
analysis_last/data/merged_results_backup.tsv,clingen_28012026,InterVar_2018,BP7,508,1228,508,1235,False
analysis_last/data/merged_results_backup.tsv,clingen_28012026,InterVar_2025,PVS1,1132,2516,1132,2520,False
analysis_last/data/merged_results_backup.tsv,clingen_28012026,InterVar_2025,PS1,7,153,7,153,True
analysis_last/data/merged_results_backup.tsv,clingen_28012026,InterVar_2025,PS2,0,341,0,341,True
analysis_last/data/merged_results_backup.tsv,clingen_28012026,InterVar_2025,PS3,0,1372,0,1372,True
analysis_last/data/merged_results_backup.tsv,clingen_28012026,InterVar_2025,PS4,0,2075,0,2075,True
analysis_last/data/merged_results_backup.tsv,clingen_28012026,InterVar_2025,PM1,1034,5555,1034,5730,False
analysis_last/data/merged_results_backup.tsv,clingen_28012026,InterVar_2025,PM2,423,8132,423,8144,False
analysis_last/data/merged_results_backup.tsv,clingen_28012026,InterVar_2025,PM3,0,2206,0,2206,True
analysis_last/data/merged_results_backup.tsv,clingen_28012026,InterVar_2025,PM4,14,209,14,209,True
analysis_last/data/merged_results_backup.tsv,clingen_28012026,InterVar_2025,PM5,142,1377,142,1377,True
analysis_last/data/merged_results_backup.tsv,clingen_28012026,InterVar_2025,PM6,0,236,0,236,True
analysis_last/data/merged_results_backup.tsv,clingen_28012026,InterVar_2025,PP1,0,1327,0,1327,True
analysis_last/data/merged_results_backup.tsv,clingen_28012026,InterVar_2025,PP2,52,1595,52,1616,False
analysis_last/data/merged_results_backup.tsv,clingen_28012026,InterVar_2025,PP3,3325,5976,3325,6104,False
analysis_last/data/merged_results_backup.tsv,clingen_28012026,InterVar_2025,PP4,0,3759,0,3759,True
analysis_last/data/merged_results_backup.tsv,clingen_28012026,InterVar_2025,PP5,0,3764,0,3764,True
analysis_last/data/merged_results_backup.tsv,clingen_28012026,InterVar_2025,BA1,138,1005,138,1005,True
analysis_last/data/merged_results_backup.tsv,clingen_28012026,InterVar_2025,BS1,514,8628,514,8860,False
analysis_last/data/merged_results_backup.tsv,clingen_28012026,InterVar_2025,BS2,0,701,0,701,True
analysis_last/data/merged_results_backup.tsv,clingen_28012026,InterVar_2025,BS3,0,277,0,277,True
analysis_last/data/merged_results_backup.tsv,clingen_28012026,InterVar_2025,BS4,0,30,0,30,True
analysis_last/data/merged_results_backup.tsv,clingen_28012026,InterVar_2025,BP1,49,2760,49,2849,False
analysis_last/data/merged_results_backup.tsv,clingen_28012026,InterVar_2025,BP2,0,211,0,211,True
analysis_last/data/merged_results_backup.tsv,clingen_28012026,InterVar_2025,BP3,0,20,0,20,True
analysis_last/data/merged_results_backup.tsv,clingen_28012026,InterVar_2025,BP4,919,2638,919,2661,False
analysis_last/data/merged_results_backup.tsv,clingen_28012026,InterVar_2025,BP5,0,228,0,228,True
analysis_last/data/merged_results_backup.tsv,clingen_28012026,InterVar_2025,BP6,0,2080,0,2081,False
analysis_last/data/merged_results_backup.tsv,clingen_28012026,InterVar_2025,BP7,629,1277,629,1285,False
analysis_last/data/merged_results_backup.tsv,clingen_28012026,BIAS,PVS1,2210,2810,2210,2822,False
analysis_last/data/merged_results_backup.tsv,clingen_28012026,BIAS,PS1,5,398,5,398,True
analysis_last/data/merged_results_backup.tsv,clingen_28012026,BIAS,PS2,0,341,0,341,True
analysis_last/data/merged_results_backup.tsv,clingen_28012026,BIAS,PS3,790,3000,790,3029,False
analysis_last/data/merged_results_backup.tsv,clingen_28012026,BIAS,PS4,217,3466,217,3545,False
analysis_last/data/merged_results_backup.tsv,clingen_28012026,BIAS,PM1,475,2867,475,2885,False
analysis_last/data/merged_results_backup.tsv,clingen_28012026,BIAS,PM2,7198,8973,7198,9101,False
analysis_last/data/merged_results_backup.tsv,clingen_28012026,BIAS,PM3,0,2206,0,2206,True
analysis_last/data/merged_results_backup.tsv,clingen_28012026,BIAS,PM4,20,287,20,287,True
analysis_last/data/merged_results_backup.tsv,clingen_28012026,BIAS,PM5,364,1832,364,1836,False
analysis_last/data/merged_results_backup.tsv,clingen_28012026,BIAS,PM6,0,236,0,236,True
analysis_last/data/merged_results_backup.tsv,clingen_28012026,BIAS,PP1,0,1327,0,1327,True
analysis_last/data/merged_results_backup.tsv,clingen_28012026,BIAS,PP2,512,1288,512,1307,False
analysis_last/data/merged_results_backup.tsv,clingen_28012026,BIAS,PP3,3317,4504,3317,4575,False
analysis_last/data/merged_results_backup.tsv,clingen_28012026,BIAS,PP4,0,3759,0,3759,True
analysis_last/data/merged_results_backup.tsv,clingen_28012026,BIAS,PP5,0,3596,0,3603,False
analysis_last/data/merged_results_backup.tsv,clingen_28012026,BIAS,BA1,524,1056,524,1056,True
analysis_last/data/merged_results_backup.tsv,clingen_28012026,BIAS,BS1,298,1129,298,1150,False
analysis_last/data/merged_results_backup.tsv,clingen_28012026,BIAS,BS2,257,1774,257,1826,False
analysis_last/data/merged_results_backup.tsv,clingen_28012026,BIAS,BS3,0,277,0,277,True
analysis_last/data/merged_results_backup.tsv,clingen_28012026,BIAS,BS4,0,30,0,30,True
analysis_last/data/merged_results_backup.tsv,clingen_28012026,BIAS,BP1,14,387,14,422,False
analysis_last/data/merged_results_backup.tsv,clingen_28012026,BIAS,BP2,0,211,0,211,True
analysis_last/data/merged_results_backup.tsv,clingen_28012026,BIAS,BP3,0,26,0,26,True
analysis_last/data/merged_results_backup.tsv,clingen_28012026,BIAS,BP4,1740,5385,1740,5528,False
analysis_last/data/merged_results_backup.tsv,clingen_28012026,BIAS,BP5,0,228,0,228,True
analysis_last/data/merged_results_backup.tsv,clingen_28012026,BIAS,BP6,0,2121,0,2147,False
analysis_last/data/merged_results_backup.tsv,clingen_28012026,BIAS,BP7,807,1441,807,1451,False
analysis_last/data/merged_results_backup.tsv,clingen_28012026,CharGer_Local,PVS1,0,2475,0,2475,True
analysis_last/data/merged_results_backup.tsv,clingen_28012026,CharGer_Local,PS1,0,138,0,138,True
analysis_last/data/merged_results_backup.tsv,clingen_28012026,CharGer_Local,PS2,0,341,0,341,True
analysis_last/data/merged_results_backup.tsv,clingen_28012026,CharGer_Local,PS3,0,1372,0,1372,True
analysis_last/data/merged_results_backup.tsv,clingen_28012026,CharGer_Local,PS4,0,2074,0,2074,True
analysis_last/data/merged_results_backup.tsv,clingen_28012026,CharGer_Local,PM1,0,1308,0,1308,True
analysis_last/data/merged_results_backup.tsv,clingen_28012026,CharGer_Local,PM2,6463,10158,6463,10404,False
analysis_last/data/merged_results_backup.tsv,clingen_28012026,CharGer_Local,PM3,0,2206,0,2206,True
analysis_last/data/merged_results_backup.tsv,clingen_28012026,CharGer_Local,PM4,0,204,0,204,True
analysis_last/data/merged_results_backup.tsv,clingen_28012026,CharGer_Local,PM5,0,1203,0,1203,True
analysis_last/data/merged_results_backup.tsv,clingen_28012026,CharGer_Local,PM6,0,236,0,236,True
analysis_last/data/merged_results_backup.tsv,clingen_28012026,CharGer_Local,PP1,0,1327,0,1327,True
analysis_last/data/merged_results_backup.tsv,clingen_28012026,CharGer_Local,PP2,0,655,0,655,True
analysis_last/data/merged_results_backup.tsv,clingen_28012026,CharGer_Local,PP3,901,4237,901,4298,False
analysis_last/data/merged_results_backup.tsv,clingen_28012026,CharGer_Local,PP4,0,3759,0,3759,True
analysis_last/data/merged_results_backup.tsv,clingen_28012026,CharGer_Local,PP5,0,0,0,0,True
analysis_last/data/merged_results_backup.tsv,clingen_28012026,CharGer_Local,BA1,167,1005,167,1005,True
analysis_last/data/merged_results_backup.tsv,clingen_28012026,CharGer_Local,BS1,0,668,0,668,True
analysis_last/data/merged_results_backup.tsv,clingen_28012026,CharGer_Local,BS2,0,701,0,701,True
analysis_last/data/merged_results_backup.tsv,clingen_28012026,CharGer_Local,BS3,0,277,0,277,True
analysis_last/data/merged_results_backup.tsv,clingen_28012026,CharGer_Local,BS4,0,30,0,30,True
analysis_last/data/merged_results_backup.tsv,clingen_28012026,CharGer_Local,BP1,0,51,0,51,True
analysis_last/data/merged_results_backup.tsv,clingen_28012026,CharGer_Local,BP2,0,211,0,211,True
analysis_last/data/merged_results_backup.tsv,clingen_28012026,CharGer_Local,BP3,0,20,0,20,True
analysis_last/data/merged_results_backup.tsv,clingen_28012026,CharGer_Local,BP4,613,3014,613,3069,False
analysis_last/data/merged_results_backup.tsv,clingen_28012026,CharGer_Local,BP5,0,228,0,228,True
analysis_last/data/merged_results_backup.tsv,clingen_28012026,CharGer_Local,BP6,0,0,0,0,True
analysis_last/data/merged_results_backup.tsv,clingen_28012026,CharGer_Local,BP7,0,936,0,936,True
analysis_last/data/merged_results_backup.tsv,clingen_28012026,CharGer_Online,PVS1,0,2475,0,2475,True
analysis_last/data/merged_results_backup.tsv,clingen_28012026,CharGer_Online,PS1,28,1182,28,1184,False
analysis_last/data/merged_results_backup.tsv,clingen_28012026,CharGer_Online,PS2,0,341,0,341,True
analysis_last/data/merged_results_backup.tsv,clingen_28012026,CharGer_Online,PS3,0,1372,0,1372,True
analysis_last/data/merged_results_backup.tsv,clingen_28012026,CharGer_Online,PS4,0,2074,0,2074,True
analysis_last/data/merged_results_backup.tsv,clingen_28012026,CharGer_Online,PM1,0,1308,0,1308,True
analysis_last/data/merged_results_backup.tsv,clingen_28012026,CharGer_Online,PM2,6466,10976,6466,11224,False
analysis_last/data/merged_results_backup.tsv,clingen_28012026,CharGer_Online,PM3,0,2206,0,2206,True
analysis_last/data/merged_results_backup.tsv,clingen_28012026,CharGer_Online,PM4,0,204,0,204,True
analysis_last/data/merged_results_backup.tsv,clingen_28012026,CharGer_Online,PM5,0,1203,0,1203,True
analysis_last/data/merged_results_backup.tsv,clingen_28012026,CharGer_Online,PM6,0,236,0,236,True
analysis_last/data/merged_results_backup.tsv,clingen_28012026,CharGer_Online,PP1,0,1327,0,1327,True
analysis_last/data/merged_results_backup.tsv,clingen_28012026,CharGer_Online,PP2,0,655,0,655,True
analysis_last/data/merged_results_backup.tsv,clingen_28012026,CharGer_Online,PP3,32,3592,32,3592,True
analysis_last/data/merged_results_backup.tsv,clingen_28012026,CharGer_Online,PP4,0,3759,0,3759,True
analysis_last/data/merged_results_backup.tsv,clingen_28012026,CharGer_Online,PP5,0,0,0,0,True
analysis_last/data/merged_results_backup.tsv,clingen_28012026,CharGer_Online,BA1,0,1005,0,1005,True
analysis_last/data/merged_results_backup.tsv,clingen_28012026,CharGer_Online,BS1,0,668,0,668,True
analysis_last/data/merged_results_backup.tsv,clingen_28012026,CharGer_Online,BS2,0,701,0,701,True
analysis_last/data/merged_results_backup.tsv,clingen_28012026,CharGer_Online,BS3,0,277,0,277,True
analysis_last/data/merged_results_backup.tsv,clingen_28012026,CharGer_Online,BS4,0,30,0,30,True
analysis_last/data/merged_results_backup.tsv,clingen_28012026,CharGer_Online,BP1,0,51,0,51,True
analysis_last/data/merged_results_backup.tsv,clingen_28012026,CharGer_Online,BP2,0,211,0,211,True
analysis_last/data/merged_results_backup.tsv,clingen_28012026,CharGer_Online,BP3,0,20,0,20,True
analysis_last/data/merged_results_backup.tsv,clingen_28012026,CharGer_Online,BP4,45,2291,45,2293,False
analysis_last/data/merged_results_backup.tsv,clingen_28012026,CharGer_Online,BP5,0,228,0,228,True
analysis_last/data/merged_results_backup.tsv,clingen_28012026,CharGer_Online,BP6,0,0,0,0,True
analysis_last/data/merged_results_backup.tsv,clingen_28012026,CharGer_Online,BP7,0,936,0,936,True
analysis_last/data/merged_results_backup.tsv,clingen_28012026,DiabloACMG,PVS1,1133,2519,1133,2523,False
analysis_last/data/merged_results_backup.tsv,clingen_28012026,DiabloACMG,PS1,32,1511,32,1515,False
analysis_last/data/merged_results_backup.tsv,clingen_28012026,DiabloACMG,PS2,0,341,0,341,True
analysis_last/data/merged_results_backup.tsv,clingen_28012026,DiabloACMG,PS3,654,2779,654,2779,True
analysis_last/data/merged_results_backup.tsv,clingen_28012026,DiabloACMG,PS4,0,2074,0,2074,True
analysis_last/data/merged_results_backup.tsv,clingen_28012026,DiabloACMG,PM1,519,2971,519,3032,False
analysis_last/data/merged_results_backup.tsv,clingen_28012026,DiabloACMG,PM2,6459,10428,6459,10672,False
analysis_last/data/merged_results_backup.tsv,clingen_28012026,DiabloACMG,PM3,0,2206,0,2206,True
analysis_last/data/merged_results_backup.tsv,clingen_28012026,DiabloACMG,PM4,14,209,14,209,True
analysis_last/data/merged_results_backup.tsv,clingen_28012026,DiabloACMG,PM5,196,1480,196,1480,True
analysis_last/data/merged_results_backup.tsv,clingen_28012026,DiabloACMG,PM6,0,236,0,236,True
analysis_last/data/merged_results_backup.tsv,clingen_28012026,DiabloACMG,PP1,0,1327,0,1327,True
analysis_last/data/merged_results_backup.tsv,clingen_28012026,DiabloACMG,PP2,52,1595,52,1616,False
analysis_last/data/merged_results_backup.tsv,clingen_28012026,DiabloACMG,PP3,3263,5971,3263,6113,False
analysis_last/data/merged_results_backup.tsv,clingen_28012026,DiabloACMG,PP4,0,3759,0,3759,True
analysis_last/data/merged_results_backup.tsv,clingen_28012026,DiabloACMG,PP5,0,4074,0,4076,False
analysis_last/data/merged_results_backup.tsv,clingen_28012026,DiabloACMG,BA1,166,1005,166,1005,True
analysis_last/data/merged_results_backup.tsv,clingen_28012026,DiabloACMG,BS1,0,834,0,834,True
analysis_last/data/merged_results_backup.tsv,clingen_28012026,DiabloACMG,BS2,51,985,51,993,False
analysis_last/data/merged_results_backup.tsv,clingen_28012026,DiabloACMG,BS3,174,2316,174,2317,False
analysis_last/data/merged_results_backup.tsv,clingen_28012026,DiabloACMG,BS4,0,30,0,30,True
analysis_last/data/merged_results_backup.tsv,clingen_28012026,DiabloACMG,BP1,49,2752,49,2841,False
analysis_last/data/merged_results_backup.tsv,clingen_28012026,DiabloACMG,BP2,0,211,0,211,True
analysis_last/data/merged_results_backup.tsv,clingen_28012026,DiabloACMG,BP3,0,20,0,20,True
analysis_last/data/merged_results_backup.tsv,clingen_28012026,DiabloACMG,BP4,1180,3016,1180,3052,False
analysis_last/data/merged_results_backup.tsv,clingen_28012026,DiabloACMG,BP5,0,228,0,228,True
analysis_last/data/merged_results_backup.tsv,clingen_28012026,DiabloACMG,BP6,0,2288,0,2289,False
analysis_last/data/merged_results_backup.tsv,clingen_28012026,DiabloACMG,BP7,628,1258,628,1264,False
analysis_last/data/merged_results_backup.tsv,clingen_28012026,Exomiser,PVS1,17,2486,17,2486,True
analysis_last/data/merged_results_backup.tsv,clingen_28012026,Exomiser,PS1,0,139,0,139,True
analysis_last/data/merged_results_backup.tsv,clingen_28012026,Exomiser,PS2,0,341,0,341,True
analysis_last/data/merged_results_backup.tsv,clingen_28012026,Exomiser,PS3,0,1372,0,1372,True
analysis_last/data/merged_results_backup.tsv,clingen_28012026,Exomiser,PS4,0,2074,0,2074,True
analysis_last/data/merged_results_backup.tsv,clingen_28012026,Exomiser,PM1,4,1323,4,1323,True
analysis_last/data/merged_results_backup.tsv,clingen_28012026,Exomiser,PM2,70,7893,70,7893,True
analysis_last/data/merged_results_backup.tsv,clingen_28012026,Exomiser,PM3,0,2206,0,2206,True
analysis_last/data/merged_results_backup.tsv,clingen_28012026,Exomiser,PM4,4,204,4,204,True
analysis_last/data/merged_results_backup.tsv,clingen_28012026,Exomiser,PM5,4,1218,4,1218,True
analysis_last/data/merged_results_backup.tsv,clingen_28012026,Exomiser,PM6,0,236,0,236,True
analysis_last/data/merged_results_backup.tsv,clingen_28012026,Exomiser,PP1,0,1327,0,1327,True
analysis_last/data/merged_results_backup.tsv,clingen_28012026,Exomiser,PP2,0,655,0,655,True
analysis_last/data/merged_results_backup.tsv,clingen_28012026,Exomiser,PP3,36,3566,36,3566,True
analysis_last/data/merged_results_backup.tsv,clingen_28012026,Exomiser,PP4,0,3759,0,3759,True
analysis_last/data/merged_results_backup.tsv,clingen_28012026,Exomiser,PP5,0,84,0,84,True
analysis_last/data/merged_results_backup.tsv,clingen_28012026,Exomiser,BA1,0,1005,0,1005,True
analysis_last/data/merged_results_backup.tsv,clingen_28012026,Exomiser,BS1,0,668,0,668,True
analysis_last/data/merged_results_backup.tsv,clingen_28012026,Exomiser,BS2,0,701,0,701,True
analysis_last/data/merged_results_backup.tsv,clingen_28012026,Exomiser,BS3,0,277,0,277,True
analysis_last/data/merged_results_backup.tsv,clingen_28012026,Exomiser,BS4,0,30,0,30,True
analysis_last/data/merged_results_backup.tsv,clingen_28012026,Exomiser,BP1,0,51,0,51,True
analysis_last/data/merged_results_backup.tsv,clingen_28012026,Exomiser,BP2,0,211,0,211,True
analysis_last/data/merged_results_backup.tsv,clingen_28012026,Exomiser,BP3,0,20,0,20,True
analysis_last/data/merged_results_backup.tsv,clingen_28012026,Exomiser,BP4,1,2155,1,2155,True
analysis_last/data/merged_results_backup.tsv,clingen_28012026,Exomiser,BP5,0,228,0,228,True
analysis_last/data/merged_results_backup.tsv,clingen_28012026,Exomiser,BP6,0,1,0,1,True
analysis_last/data/merged_results_backup.tsv,clingen_28012026,Exomiser,BP7,0,936,0,936,True
analysis_last/data/merged_results_backup.tsv,clingen_28012026,Genebe,PVS1,2319,2769,2319,2778,False
analysis_last/data/merged_results_backup.tsv,clingen_28012026,Genebe,PS1,97,158,97,158,True
analysis_last/data/merged_results_backup.tsv,clingen_28012026,Genebe,PS2,268,342,268,342,True
analysis_last/data/merged_results_backup.tsv,clingen_28012026,Genebe,PS3,1248,1498,1248,1500,False
analysis_last/data/merged_results_backup.tsv,clingen_28012026,Genebe,PS4,1592,2080,1592,2080,True
analysis_last/data/merged_results_backup.tsv,clingen_28012026,Genebe,PM1,1234,1814,1234,1817,False
analysis_last/data/merged_results_backup.tsv,clingen_28012026,Genebe,PM2,7622,8075,7622,8092,False
analysis_last/data/merged_results_backup.tsv,clingen_28012026,Genebe,PM3,1433,2210,1433,2210,True
analysis_last/data/merged_results_backup.tsv,clingen_28012026,Genebe,PM4,46,291,46,291,True
analysis_last/data/merged_results_backup.tsv,clingen_28012026,Genebe,PM5,967,1444,967,1446,False
analysis_last/data/merged_results_backup.tsv,clingen_28012026,Genebe,PM6,188,239,188,239,True
analysis_last/data/merged_results_backup.tsv,clingen_28012026,Genebe,PP1,975,1330,975,1330,True
analysis_last/data/merged_results_backup.tsv,clingen_28012026,Genebe,PP2,639,1014,639,1014,True
analysis_last/data/merged_results_backup.tsv,clingen_28012026,Genebe,PP3,3481,3765,3481,3770,False
analysis_last/data/merged_results_backup.tsv,clingen_28012026,Genebe,PP4,2572,3763,2572,3763,True
analysis_last/data/merged_results_backup.tsv,clingen_28012026,Genebe,PP5,0,778,0,779,False
analysis_last/data/merged_results_backup.tsv,clingen_28012026,Genebe,BA1,864,1007,864,1007,True
analysis_last/data/merged_results_backup.tsv,clingen_28012026,Genebe,BS1,553,724,553,726,False
analysis_last/data/merged_results_backup.tsv,clingen_28012026,Genebe,BS2,649,849,649,858,False
analysis_last/data/merged_results_backup.tsv,clingen_28012026,Genebe,BS3,243,280,243,281,False
analysis_last/data/merged_results_backup.tsv,clingen_28012026,Genebe,BS4,28,30,28,31,False
analysis_last/data/merged_results_backup.tsv,clingen_28012026,Genebe,BP1,48,51,48,51,True
analysis_last/data/merged_results_backup.tsv,clingen_28012026,Genebe,BP2,187,211,187,211,True
analysis_last/data/merged_results_backup.tsv,clingen_28012026,Genebe,BP3,0,25,0,25,True
analysis_last/data/merged_results_backup.tsv,clingen_28012026,Genebe,BP4,2053,2356,2053,2370,False
analysis_last/data/merged_results_backup.tsv,clingen_28012026,Genebe,BP5,190,228,190,228,True
analysis_last/data/merged_results_backup.tsv,clingen_28012026,Genebe,BP6,0,249,0,249,True
analysis_last/data/merged_results_backup.tsv,clingen_28012026,Genebe,BP7,849,958,849,958,True
analysis_last/data/merged_results_backup.tsv,clingen_28012026,TAPES,PVS1,1362,2635,1362,2641,False
analysis_last/data/merged_results_backup.tsv,clingen_28012026,TAPES,PS1,1,141,1,141,True
analysis_last/data/merged_results_backup.tsv,clingen_28012026,TAPES,PS2,0,341,0,341,True
analysis_last/data/merged_results_backup.tsv,clingen_28012026,TAPES,PS3,45,1429,45,1429,True
analysis_last/data/merged_results_backup.tsv,clingen_28012026,TAPES,PS4,0,2075,0,2075,True
analysis_last/data/merged_results_backup.tsv,clingen_28012026,TAPES,PM1,1121,5055,1121,5181,False
analysis_last/data/merged_results_backup.tsv,clingen_28012026,TAPES,PM2,7684,9910,7684,10126,False
analysis_last/data/merged_results_backup.tsv,clingen_28012026,TAPES,PM3,0,2206,0,2206,True
analysis_last/data/merged_results_backup.tsv,clingen_28012026,TAPES,PM4,17,272,17,272,True
analysis_last/data/merged_results_backup.tsv,clingen_28012026,TAPES,PM5,0,1207,0,1207,True
analysis_last/data/merged_results_backup.tsv,clingen_28012026,TAPES,PM6,0,236,0,236,True
analysis_last/data/merged_results_backup.tsv,clingen_28012026,TAPES,PP1,0,1327,0,1327,True
analysis_last/data/merged_results_backup.tsv,clingen_28012026,TAPES,PP2,0,655,0,655,True
analysis_last/data/merged_results_backup.tsv,clingen_28012026,TAPES,PP3,3285,5939,3285,6085,False
analysis_last/data/merged_results_backup.tsv,clingen_28012026,TAPES,PP4,0,3759,0,3759,True
analysis_last/data/merged_results_backup.tsv,clingen_28012026,TAPES,PP5,0,2514,0,2538,False
analysis_last/data/merged_results_backup.tsv,clingen_28012026,TAPES,BA1,171,1006,171,1006,True
analysis_last/data/merged_results_backup.tsv,clingen_28012026,TAPES,BS1,108,1293,108,1296,False
analysis_last/data/merged_results_backup.tsv,clingen_28012026,TAPES,BS2,1,707,1,707,True
analysis_last/data/merged_results_backup.tsv,clingen_28012026,TAPES,BS3,4,485,4,485,True
analysis_last/data/merged_results_backup.tsv,clingen_28012026,TAPES,BS4,0,30,0,30,True
analysis_last/data/merged_results_backup.tsv,clingen_28012026,TAPES,BP1,0,51,0,51,True
analysis_last/data/merged_results_backup.tsv,clingen_28012026,TAPES,BP2,0,211,0,211,True
analysis_last/data/merged_results_backup.tsv,clingen_28012026,TAPES,BP3,0,59,0,59,True
analysis_last/data/merged_results_backup.tsv,clingen_28012026,TAPES,BP4,507,2626,507,2651,False
analysis_last/data/merged_results_backup.tsv,clingen_28012026,TAPES,BP5,0,228,0,228,True
analysis_last/data/merged_results_backup.tsv,clingen_28012026,TAPES,BP6,0,400,0,404,False
analysis_last/data/merged_results_backup.tsv,clingen_28012026,TAPES,BP7,0,936,0,936,True
analysis_last/data/merged_results_backup.tsv,clingen_28012026,Franklin,PVS1,1828,2664,1828,2672,False
analysis_last/data/merged_results_backup.tsv,clingen_28012026,Franklin,PS1,75,311,75,311,True
analysis_last/data/merged_results_backup.tsv,clingen_28012026,Franklin,PS2,250,374,250,374,True
analysis_last/data/merged_results_backup.tsv,clingen_28012026,Franklin,PS3,1023,1500,1023,1501,False
analysis_last/data/merged_results_backup.tsv,clingen_28012026,Franklin,PS4,1442,2314,1442,2314,True
analysis_last/data/merged_results_backup.tsv,clingen_28012026,Franklin,PM1,1084,3595,1084,3617,False
analysis_last/data/merged_results_backup.tsv,clingen_28012026,Franklin,PM2,6733,9437,6733,9636,False
analysis_last/data/merged_results_backup.tsv,clingen_28012026,Franklin,PM3,1417,2361,1417,2361,True
analysis_last/data/merged_results_backup.tsv,clingen_28012026,Franklin,PM4,37,266,37,266,True
analysis_last/data/merged_results_backup.tsv,clingen_28012026,Franklin,PM5,963,2767,963,2779,False
analysis_last/data/merged_results_backup.tsv,clingen_28012026,Franklin,PM6,157,246,157,246,True
analysis_last/data/merged_results_backup.tsv,clingen_28012026,Franklin,PP1,840,1388,840,1388,True
analysis_last/data/merged_results_backup.tsv,clingen_28012026,Franklin,PP2,601,3898,601,3986,False
analysis_last/data/merged_results_backup.tsv,clingen_28012026,Franklin,PP3,3441,4366,3441,4437,False
analysis_last/data/merged_results_backup.tsv,clingen_28012026,Franklin,PP4,2008,3762,2008,3762,True
analysis_last/data/merged_results_backup.tsv,clingen_28012026,Franklin,PP5,0,4050,0,4052,False
analysis_last/data/merged_results_backup.tsv,clingen_28012026,Franklin,BA1,180,1037,180,1037,True
analysis_last/data/merged_results_backup.tsv,clingen_28012026,Franklin,BS1,113,830,113,831,False
analysis_last/data/merged_results_backup.tsv,clingen_28012026,Franklin,BS2,454,1006,454,1016,False
analysis_last/data/merged_results_backup.tsv,clingen_28012026,Franklin,BS3,212,305,212,307,False
analysis_last/data/merged_results_backup.tsv,clingen_28012026,Franklin,BS4,17,31,17,32,False
analysis_last/data/merged_results_backup.tsv,clingen_28012026,Franklin,BP1,0,51,0,51,True
analysis_last/data/merged_results_backup.tsv,clingen_28012026,Franklin,BP2,77,211,77,211,True
analysis_last/data/merged_results_backup.tsv,clingen_28012026,Franklin,BP3,0,25,0,25,True
analysis_last/data/merged_results_backup.tsv,clingen_28012026,Franklin,BP4,505,2319,505,2329,False
analysis_last/data/merged_results_backup.tsv,clingen_28012026,Franklin,BP5,115,228,115,228,True
analysis_last/data/merged_results_backup.tsv,clingen_28012026,Franklin,BP6,0,1214,0,1215,False
analysis_last/data/merged_results_backup.tsv,clingen_28012026,Franklin,BP7,58,936,58,936,True
analysis_last/data/merged_results_backup.tsv,clingen_28012026,AutoGVP,PVS1,1131,2516,1131,2520,False
analysis_last/data/merged_results_backup.tsv,clingen_28012026,AutoGVP,PS1,7,153,7,153,True
analysis_last/data/merged_results_backup.tsv,clingen_28012026,AutoGVP,PS2,0,341,0,341,True
analysis_last/data/merged_results_backup.tsv,clingen_28012026,AutoGVP,PS3,0,1372,0,1372,True
analysis_last/data/merged_results_backup.tsv,clingen_28012026,AutoGVP,PS4,0,2075,0,2075,True
analysis_last/data/merged_results_backup.tsv,clingen_28012026,AutoGVP,PM1,1034,5557,1034,5732,False
analysis_last/data/merged_results_backup.tsv,clingen_28012026,AutoGVP,PM2,6358,9884,6358,10094,False
analysis_last/data/merged_results_backup.tsv,clingen_28012026,AutoGVP,PM3,0,2206,0,2206,True
analysis_last/data/merged_results_backup.tsv,clingen_28012026,AutoGVP,PM4,14,209,14,209,True
analysis_last/data/merged_results_backup.tsv,clingen_28012026,AutoGVP,PM5,142,1377,142,1377,True
analysis_last/data/merged_results_backup.tsv,clingen_28012026,AutoGVP,PM6,0,236,0,236,True
analysis_last/data/merged_results_backup.tsv,clingen_28012026,AutoGVP,PP1,0,1327,0,1327,True
analysis_last/data/merged_results_backup.tsv,clingen_28012026,AutoGVP,PP2,52,1595,52,1616,False
analysis_last/data/merged_results_backup.tsv,clingen_28012026,AutoGVP,PP3,3328,5985,3328,6113,False
analysis_last/data/merged_results_backup.tsv,clingen_28012026,AutoGVP,PP4,0,3759,0,3759,True
analysis_last/data/merged_results_backup.tsv,clingen_28012026,AutoGVP,PP5,0,2455,0,2461,False
analysis_last/data/merged_results_backup.tsv,clingen_28012026,AutoGVP,BA1,180,1005,180,1005,True
analysis_last/data/merged_results_backup.tsv,clingen_28012026,AutoGVP,BS1,41,1155,41,1155,True
analysis_last/data/merged_results_backup.tsv,clingen_28012026,AutoGVP,BS2,0,701,0,701,True
analysis_last/data/merged_results_backup.tsv,clingen_28012026,AutoGVP,BS3,0,277,0,277,True
analysis_last/data/merged_results_backup.tsv,clingen_28012026,AutoGVP,BS4,0,30,0,30,True
analysis_last/data/merged_results_backup.tsv,clingen_28012026,AutoGVP,BP1,49,2760,49,2849,False
analysis_last/data/merged_results_backup.tsv,clingen_28012026,AutoGVP,BP2,0,211,0,211,True
analysis_last/data/merged_results_backup.tsv,clingen_28012026,AutoGVP,BP3,0,20,0,20,True
analysis_last/data/merged_results_backup.tsv,clingen_28012026,AutoGVP,BP4,920,2638,920,2661,False
analysis_last/data/merged_results_backup.tsv,clingen_28012026,AutoGVP,BP5,0,228,0,228,True
analysis_last/data/merged_results_backup.tsv,clingen_28012026,AutoGVP,BP6,0,1181,0,1189,False
analysis_last/data/merged_results_backup.tsv,clingen_28012026,AutoGVP,BP7,629,1277,629,1285,False
analysis_last/data/merged_results_backup.tsv,clingen_28012026,VIP-HL,PVS1,23,2478,23,2478,True
analysis_last/data/merged_results_backup.tsv,clingen_28012026,VIP-HL,PS1,0,138,0,138,True
analysis_last/data/merged_results_backup.tsv,clingen_28012026,VIP-HL,PS2,0,341,0,341,True
analysis_last/data/merged_results_backup.tsv,clingen_28012026,VIP-HL,PS3,0,1372,0,1372,True
analysis_last/data/merged_results_backup.tsv,clingen_28012026,VIP-HL,PS4,0,2074,0,2074,True
analysis_last/data/merged_results_backup.tsv,clingen_28012026,VIP-HL,PM1,2,1315,2,1315,True
analysis_last/data/merged_results_backup.tsv,clingen_28012026,VIP-HL,PM2,79,7932,79,7936,False
analysis_last/data/merged_results_backup.tsv,clingen_28012026,VIP-HL,PM3,0,2206,0,2206,True
analysis_last/data/merged_results_backup.tsv,clingen_28012026,VIP-HL,PM4,0,204,0,204,True
analysis_last/data/merged_results_backup.tsv,clingen_28012026,VIP-HL,PM5,13,1212,13,1212,True
analysis_last/data/merged_results_backup.tsv,clingen_28012026,VIP-HL,PM6,0,236,0,236,True
analysis_last/data/merged_results_backup.tsv,clingen_28012026,VIP-HL,PP1,0,1327,0,1327,True
analysis_last/data/merged_results_backup.tsv,clingen_28012026,VIP-HL,PP2,0,655,0,655,True
analysis_last/data/merged_results_backup.tsv,clingen_28012026,VIP-HL,PP3,73,3564,73,3564,True
analysis_last/data/merged_results_backup.tsv,clingen_28012026,VIP-HL,PP4,0,3759,0,3759,True
analysis_last/data/merged_results_backup.tsv,clingen_28012026,VIP-HL,PP5,0,0,0,0,True
analysis_last/data/merged_results_backup.tsv,clingen_28012026,VIP-HL,BA1,26,1006,26,1006,True
analysis_last/data/merged_results_backup.tsv,clingen_28012026,VIP-HL,BS1,39,670,39,670,True
analysis_last/data/merged_results_backup.tsv,clingen_28012026,VIP-HL,BS2,0,714,0,714,True
analysis_last/data/merged_results_backup.tsv,clingen_28012026,VIP-HL,BS3,0,277,0,277,True
analysis_last/data/merged_results_backup.tsv,clingen_28012026,VIP-HL,BS4,0,30,0,30,True
analysis_last/data/merged_results_backup.tsv,clingen_28012026,VIP-HL,BP1,0,51,0,51,True
analysis_last/data/merged_results_backup.tsv,clingen_28012026,VIP-HL,BP2,0,211,0,211,True
analysis_last/data/merged_results_backup.tsv,clingen_28012026,VIP-HL,BP3,0,20,0,20,True
analysis_last/data/merged_results_backup.tsv,clingen_28012026,VIP-HL,BP4,18,2162,18,2162,True
analysis_last/data/merged_results_backup.tsv,clingen_28012026,VIP-HL,BP5,0,228,0,228,True
analysis_last/data/merged_results_backup.tsv,clingen_28012026,VIP-HL,BP6,0,0,0,0,True
analysis_last/data/merged_results_backup.tsv,clingen_28012026,VIP-HL,BP7,4,937,4,937,True
analysis_last/data/merged_results_backup.tsv,clingen_28012026,CancerSIGVAR,PVS1,252,2495,252,2495,True
analysis_last/data/merged_results_backup.tsv,clingen_28012026,CancerSIGVAR,PS1,4,145,4,145,True
analysis_last/data/merged_results_backup.tsv,clingen_28012026,CancerSIGVAR,PS2,0,341,0,341,True
analysis_last/data/merged_results_backup.tsv,clingen_28012026,CancerSIGVAR,PS3,0,1372,0,1372,True
analysis_last/data/merged_results_backup.tsv,clingen_28012026,CancerSIGVAR,PS4,0,2074,0,2074,True
analysis_last/data/merged_results_backup.tsv,clingen_28012026,CancerSIGVAR,PM1,0,1308,0,1308,True
analysis_last/data/merged_results_backup.tsv,clingen_28012026,CancerSIGVAR,PM2,652,8030,652,8035,False
analysis_last/data/merged_results_backup.tsv,clingen_28012026,CancerSIGVAR,PM3,0,2206,0,2206,True
analysis_last/data/merged_results_backup.tsv,clingen_28012026,CancerSIGVAR,PM4,3,215,3,215,True
analysis_last/data/merged_results_backup.tsv,clingen_28012026,CancerSIGVAR,PM5,22,1248,22,1248,True
analysis_last/data/merged_results_backup.tsv,clingen_28012026,CancerSIGVAR,PM6,0,236,0,236,True
analysis_last/data/merged_results_backup.tsv,clingen_28012026,CancerSIGVAR,PP1,0,1327,0,1327,True
analysis_last/data/merged_results_backup.tsv,clingen_28012026,CancerSIGVAR,PP2,0,655,0,655,True
analysis_last/data/merged_results_backup.tsv,clingen_28012026,CancerSIGVAR,PP3,152,3707,152,3707,True
analysis_last/data/merged_results_backup.tsv,clingen_28012026,CancerSIGVAR,PP4,0,3759,0,3759,True
analysis_last/data/merged_results_backup.tsv,clingen_28012026,CancerSIGVAR,PP5,0,166,0,166,True
analysis_last/data/merged_results_backup.tsv,clingen_28012026,CancerSIGVAR,BA1,13,1005,13,1005,True
analysis_last/data/merged_results_backup.tsv,clingen_28012026,CancerSIGVAR,BS1,3,697,3,697,True
analysis_last/data/merged_results_backup.tsv,clingen_28012026,CancerSIGVAR,BS2,0,701,0,701,True
analysis_last/data/merged_results_backup.tsv,clingen_28012026,CancerSIGVAR,BS3,0,277,0,277,True
analysis_last/data/merged_results_backup.tsv,clingen_28012026,CancerSIGVAR,BS4,0,30,0,30,True
analysis_last/data/merged_results_backup.tsv,clingen_28012026,CancerSIGVAR,BP1,0,51,0,51,True
analysis_last/data/merged_results_backup.tsv,clingen_28012026,CancerSIGVAR,BP2,22,233,22,233,True
analysis_last/data/merged_results_backup.tsv,clingen_28012026,CancerSIGVAR,BP3,0,20,0,20,True
analysis_last/data/merged_results_backup.tsv,clingen_28012026,CancerSIGVAR,BP4,55,2201,55,2201,True
analysis_last/data/merged_results_backup.tsv,clingen_28012026,CancerSIGVAR,BP5,0,228,0,228,True
analysis_last/data/merged_results_backup.tsv,clingen_28012026,CancerSIGVAR,BP6,0,96,0,96,True
analysis_last/data/merged_results_backup.tsv,clingen_28012026,CancerSIGVAR,BP7,33,948,33,948,True
analysis_last/data/merged_results_backup.tsv,clingen_28012026,CPSR,PVS1,660,2604,660,2608,False
analysis_last/data/merged_results_backup.tsv,clingen_28012026,CPSR,PS1,2,138,2,138,True
analysis_last/data/merged_results_backup.tsv,clingen_28012026,CPSR,PS2,0,341,0,341,True
analysis_last/data/merged_results_backup.tsv,clingen_28012026,CPSR,PS3,0,1372,0,1372,True
analysis_last/data/merged_results_backup.tsv,clingen_28012026,CPSR,PS4,0,2074,0,2074,True
analysis_last/data/merged_results_backup.tsv,clingen_28012026,CPSR,PM1,83,1383,83,1383,True
analysis_last/data/merged_results_backup.tsv,clingen_28012026,CPSR,PM2,2313,8536,2313,8635,False
analysis_last/data/merged_results_backup.tsv,clingen_28012026,CPSR,PM3,0,2206,0,2206,True
analysis_last/data/merged_results_backup.tsv,clingen_28012026,CPSR,PM4,5,226,5,226,True
analysis_last/data/merged_results_backup.tsv,clingen_28012026,CPSR,PM5,40,1261,40,1261,True
analysis_last/data/merged_results_backup.tsv,clingen_28012026,CPSR,PM6,73,528,73,528,True
analysis_last/data/merged_results_backup.tsv,clingen_28012026,CPSR,PP1,0,1327,0,1327,True
analysis_last/data/merged_results_backup.tsv,clingen_28012026,CPSR,PP2,71,718,71,720,False
analysis_last/data/merged_results_backup.tsv,clingen_28012026,CPSR,PP3,503,3914,503,3933,False
analysis_last/data/merged_results_backup.tsv,clingen_28012026,CPSR,PP4,0,3759,0,3759,True
analysis_last/data/merged_results_backup.tsv,clingen_28012026,CPSR,PP5,0,0,0,0,True
analysis_last/data/merged_results_backup.tsv,clingen_28012026,CPSR,BA1,116,1008,116,1008,True
analysis_last/data/merged_results_backup.tsv,clingen_28012026,CPSR,BS1,137,949,137,964,False
analysis_last/data/merged_results_backup.tsv,clingen_28012026,CPSR,BS2,0,701,0,701,True
analysis_last/data/merged_results_backup.tsv,clingen_28012026,CPSR,BS3,0,277,0,277,True
analysis_last/data/merged_results_backup.tsv,clingen_28012026,CPSR,BS4,0,30,0,30,True
analysis_last/data/merged_results_backup.tsv,clingen_28012026,CPSR,BP1,49,427,49,432,False
analysis_last/data/merged_results_backup.tsv,clingen_28012026,CPSR,BP2,0,211,0,211,True
analysis_last/data/merged_results_backup.tsv,clingen_28012026,CPSR,BP3,0,180,0,210,False
analysis_last/data/merged_results_backup.tsv,clingen_28012026,CPSR,BP4,101,2216,101,2216,True
analysis_last/data/merged_results_backup.tsv,clingen_28012026,CPSR,BP5,0,228,0,228,True
analysis_last/data/merged_results_backup.tsv,clingen_28012026,CPSR,BP6,0,0,0,0,True
analysis_last/data/merged_results_backup.tsv,clingen_28012026,CPSR,BP7,446,1220,446,1222,False
analysis_last/data/merged_results_fixed.tsv,clingen_28012026,InterVar_2018,PVS1,522,2481,522,2483,False
analysis_last/data/merged_results_fixed.tsv,clingen_28012026,InterVar_2018,PS1,4,143,4,143,True
analysis_last/data/merged_results_fixed.tsv,clingen_28012026,InterVar_2018,PS2,0,341,0,341,True
analysis_last/data/merged_results_fixed.tsv,clingen_28012026,InterVar_2018,PS3,0,1372,0,1372,True
analysis_last/data/merged_results_fixed.tsv,clingen_28012026,InterVar_2018,PS4,0,2074,0,2074,True
analysis_last/data/merged_results_fixed.tsv,clingen_28012026,InterVar_2018,PM1,985,4558,985,4666,False
analysis_last/data/merged_results_fixed.tsv,clingen_28012026,InterVar_2018,PM2,4673,9375,4673,9518,False
analysis_last/data/merged_results_fixed.tsv,clingen_28012026,InterVar_2018,PM3,0,2206,0,2206,True
analysis_last/data/merged_results_fixed.tsv,clingen_28012026,InterVar_2018,PM4,12,208,12,208,True
analysis_last/data/merged_results_fixed.tsv,clingen_28012026,InterVar_2018,PM5,56,1241,56,1241,True
analysis_last/data/merged_results_fixed.tsv,clingen_28012026,InterVar_2018,PM6,0,236,0,236,True
analysis_last/data/merged_results_fixed.tsv,clingen_28012026,InterVar_2018,PP1,0,1327,0,1327,True
analysis_last/data/merged_results_fixed.tsv,clingen_28012026,InterVar_2018,PP2,47,1037,47,1058,False
analysis_last/data/merged_results_fixed.tsv,clingen_28012026,InterVar_2018,PP3,2813,5195,2813,5306,False
analysis_last/data/merged_results_fixed.tsv,clingen_28012026,InterVar_2018,PP4,0,3759,0,3759,True
analysis_last/data/merged_results_fixed.tsv,clingen_28012026,InterVar_2018,PP5,0,1559,0,1568,False
analysis_last/data/merged_results_fixed.tsv,clingen_28012026,InterVar_2018,BA1,104,1005,104,1005,True
analysis_last/data/merged_results_fixed.tsv,clingen_28012026,InterVar_2018,BS1,59,1036,59,1039,False
analysis_last/data/merged_results_fixed.tsv,clingen_28012026,InterVar_2018,BS2,0,701,0,701,True
analysis_last/data/merged_results_fixed.tsv,clingen_28012026,InterVar_2018,BS3,0,277,0,277,True
analysis_last/data/merged_results_fixed.tsv,clingen_28012026,InterVar_2018,BS4,0,30,0,30,True
analysis_last/data/merged_results_fixed.tsv,clingen_28012026,InterVar_2018,BP1,44,965,44,980,False
analysis_last/data/merged_results_fixed.tsv,clingen_28012026,InterVar_2018,BP2,0,211,0,211,True
analysis_last/data/merged_results_fixed.tsv,clingen_28012026,InterVar_2018,BP3,0,20,0,20,True
analysis_last/data/merged_results_fixed.tsv,clingen_28012026,InterVar_2018,BP4,780,2581,780,2599,False
analysis_last/data/merged_results_fixed.tsv,clingen_28012026,InterVar_2018,BP5,0,228,0,228,True
analysis_last/data/merged_results_fixed.tsv,clingen_28012026,InterVar_2018,BP6,0,710,0,729,False
analysis_last/data/merged_results_fixed.tsv,clingen_28012026,InterVar_2018,BP7,508,1228,508,1235,False
analysis_last/data/merged_results_fixed.tsv,clingen_28012026,InterVar_2025,PVS1,1132,2516,1132,2520,False
analysis_last/data/merged_results_fixed.tsv,clingen_28012026,InterVar_2025,PS1,7,153,7,153,True
analysis_last/data/merged_results_fixed.tsv,clingen_28012026,InterVar_2025,PS2,0,341,0,341,True
analysis_last/data/merged_results_fixed.tsv,clingen_28012026,InterVar_2025,PS3,0,1372,0,1372,True
analysis_last/data/merged_results_fixed.tsv,clingen_28012026,InterVar_2025,PS4,0,2075,0,2075,True
analysis_last/data/merged_results_fixed.tsv,clingen_28012026,InterVar_2025,PM1,1034,5555,1034,5730,False
analysis_last/data/merged_results_fixed.tsv,clingen_28012026,InterVar_2025,PM2,423,8132,423,8144,False
analysis_last/data/merged_results_fixed.tsv,clingen_28012026,InterVar_2025,PM3,0,2206,0,2206,True
analysis_last/data/merged_results_fixed.tsv,clingen_28012026,InterVar_2025,PM4,14,209,14,209,True
analysis_last/data/merged_results_fixed.tsv,clingen_28012026,InterVar_2025,PM5,142,1377,142,1377,True
analysis_last/data/merged_results_fixed.tsv,clingen_28012026,InterVar_2025,PM6,0,236,0,236,True
analysis_last/data/merged_results_fixed.tsv,clingen_28012026,InterVar_2025,PP1,0,1327,0,1327,True
analysis_last/data/merged_results_fixed.tsv,clingen_28012026,InterVar_2025,PP2,52,1595,52,1616,False
analysis_last/data/merged_results_fixed.tsv,clingen_28012026,InterVar_2025,PP3,3325,5976,3325,6104,False
analysis_last/data/merged_results_fixed.tsv,clingen_28012026,InterVar_2025,PP4,0,3759,0,3759,True
analysis_last/data/merged_results_fixed.tsv,clingen_28012026,InterVar_2025,PP5,0,3764,0,3764,True
analysis_last/data/merged_results_fixed.tsv,clingen_28012026,InterVar_2025,BA1,138,1005,138,1005,True
analysis_last/data/merged_results_fixed.tsv,clingen_28012026,InterVar_2025,BS1,514,8628,514,8860,False
analysis_last/data/merged_results_fixed.tsv,clingen_28012026,InterVar_2025,BS2,0,701,0,701,True
analysis_last/data/merged_results_fixed.tsv,clingen_28012026,InterVar_2025,BS3,0,277,0,277,True
analysis_last/data/merged_results_fixed.tsv,clingen_28012026,InterVar_2025,BS4,0,30,0,30,True
analysis_last/data/merged_results_fixed.tsv,clingen_28012026,InterVar_2025,BP1,49,2760,49,2849,False
analysis_last/data/merged_results_fixed.tsv,clingen_28012026,InterVar_2025,BP2,0,211,0,211,True
analysis_last/data/merged_results_fixed.tsv,clingen_28012026,InterVar_2025,BP3,0,20,0,20,True
analysis_last/data/merged_results_fixed.tsv,clingen_28012026,InterVar_2025,BP4,919,2638,919,2661,False
analysis_last/data/merged_results_fixed.tsv,clingen_28012026,InterVar_2025,BP5,0,228,0,228,True
analysis_last/data/merged_results_fixed.tsv,clingen_28012026,InterVar_2025,BP6,0,2080,0,2081,False
analysis_last/data/merged_results_fixed.tsv,clingen_28012026,InterVar_2025,BP7,629,1277,629,1285,False
analysis_last/data/merged_results_fixed.tsv,clingen_28012026,BIAS,PVS1,2210,2810,2210,2822,False
analysis_last/data/merged_results_fixed.tsv,clingen_28012026,BIAS,PS1,5,398,5,398,True
analysis_last/data/merged_results_fixed.tsv,clingen_28012026,BIAS,PS2,0,341,0,341,True
analysis_last/data/merged_results_fixed.tsv,clingen_28012026,BIAS,PS3,790,3000,790,3029,False
analysis_last/data/merged_results_fixed.tsv,clingen_28012026,BIAS,PS4,217,3466,217,3545,False
analysis_last/data/merged_results_fixed.tsv,clingen_28012026,BIAS,PM1,475,2867,475,2885,False
analysis_last/data/merged_results_fixed.tsv,clingen_28012026,BIAS,PM2,7198,8973,7198,9101,False
analysis_last/data/merged_results_fixed.tsv,clingen_28012026,BIAS,PM3,0,2206,0,2206,True
analysis_last/data/merged_results_fixed.tsv,clingen_28012026,BIAS,PM4,20,287,20,287,True
analysis_last/data/merged_results_fixed.tsv,clingen_28012026,BIAS,PM5,364,1832,364,1836,False
analysis_last/data/merged_results_fixed.tsv,clingen_28012026,BIAS,PM6,0,236,0,236,True
analysis_last/data/merged_results_fixed.tsv,clingen_28012026,BIAS,PP1,0,1327,0,1327,True
analysis_last/data/merged_results_fixed.tsv,clingen_28012026,BIAS,PP2,512,1288,512,1307,False
analysis_last/data/merged_results_fixed.tsv,clingen_28012026,BIAS,PP3,3317,4504,3317,4575,False
analysis_last/data/merged_results_fixed.tsv,clingen_28012026,BIAS,PP4,0,3759,0,3759,True
analysis_last/data/merged_results_fixed.tsv,clingen_28012026,BIAS,PP5,0,3596,0,3603,False
analysis_last/data/merged_results_fixed.tsv,clingen_28012026,BIAS,BA1,524,1056,524,1056,True
analysis_last/data/merged_results_fixed.tsv,clingen_28012026,BIAS,BS1,298,1129,298,1150,False
analysis_last/data/merged_results_fixed.tsv,clingen_28012026,BIAS,BS2,257,1774,257,1826,False
analysis_last/data/merged_results_fixed.tsv,clingen_28012026,BIAS,BS3,0,277,0,277,True
analysis_last/data/merged_results_fixed.tsv,clingen_28012026,BIAS,BS4,0,30,0,30,True
analysis_last/data/merged_results_fixed.tsv,clingen_28012026,BIAS,BP1,14,387,14,422,False
analysis_last/data/merged_results_fixed.tsv,clingen_28012026,BIAS,BP2,0,211,0,211,True
analysis_last/data/merged_results_fixed.tsv,clingen_28012026,BIAS,BP3,0,26,0,26,True
analysis_last/data/merged_results_fixed.tsv,clingen_28012026,BIAS,BP4,1740,5385,1740,5528,False
analysis_last/data/merged_results_fixed.tsv,clingen_28012026,BIAS,BP5,0,228,0,228,True
analysis_last/data/merged_results_fixed.tsv,clingen_28012026,BIAS,BP6,0,2121,0,2147,False
analysis_last/data/merged_results_fixed.tsv,clingen_28012026,BIAS,BP7,807,1441,807,1451,False
analysis_last/data/merged_results_fixed.tsv,clingen_28012026,CharGer_Local,PVS1,0,2475,0,2475,True
analysis_last/data/merged_results_fixed.tsv,clingen_28012026,CharGer_Local,PS1,0,138,0,138,True
analysis_last/data/merged_results_fixed.tsv,clingen_28012026,CharGer_Local,PS2,0,341,0,341,True
analysis_last/data/merged_results_fixed.tsv,clingen_28012026,CharGer_Local,PS3,0,1372,0,1372,True
analysis_last/data/merged_results_fixed.tsv,clingen_28012026,CharGer_Local,PS4,0,2074,0,2074,True
analysis_last/data/merged_results_fixed.tsv,clingen_28012026,CharGer_Local,PM1,0,1308,0,1308,True
analysis_last/data/merged_results_fixed.tsv,clingen_28012026,CharGer_Local,PM2,6463,10158,6463,10404,False
analysis_last/data/merged_results_fixed.tsv,clingen_28012026,CharGer_Local,PM3,0,2206,0,2206,True
analysis_last/data/merged_results_fixed.tsv,clingen_28012026,CharGer_Local,PM4,0,204,0,204,True
analysis_last/data/merged_results_fixed.tsv,clingen_28012026,CharGer_Local,PM5,0,1203,0,1203,True
analysis_last/data/merged_results_fixed.tsv,clingen_28012026,CharGer_Local,PM6,0,236,0,236,True
analysis_last/data/merged_results_fixed.tsv,clingen_28012026,CharGer_Local,PP1,0,1327,0,1327,True
analysis_last/data/merged_results_fixed.tsv,clingen_28012026,CharGer_Local,PP2,0,655,0,655,True
analysis_last/data/merged_results_fixed.tsv,clingen_28012026,CharGer_Local,PP3,901,4237,901,4298,False
analysis_last/data/merged_results_fixed.tsv,clingen_28012026,CharGer_Local,PP4,0,3759,0,3759,True
analysis_last/data/merged_results_fixed.tsv,clingen_28012026,CharGer_Local,PP5,0,0,0,0,True
analysis_last/data/merged_results_fixed.tsv,clingen_28012026,CharGer_Local,BA1,167,1005,167,1005,True
analysis_last/data/merged_results_fixed.tsv,clingen_28012026,CharGer_Local,BS1,0,668,0,668,True
analysis_last/data/merged_results_fixed.tsv,clingen_28012026,CharGer_Local,BS2,0,701,0,701,True
analysis_last/data/merged_results_fixed.tsv,clingen_28012026,CharGer_Local,BS3,0,277,0,277,True
analysis_last/data/merged_results_fixed.tsv,clingen_28012026,CharGer_Local,BS4,0,30,0,30,True
analysis_last/data/merged_results_fixed.tsv,clingen_28012026,CharGer_Local,BP1,0,51,0,51,True
analysis_last/data/merged_results_fixed.tsv,clingen_28012026,CharGer_Local,BP2,0,211,0,211,True
analysis_last/data/merged_results_fixed.tsv,clingen_28012026,CharGer_Local,BP3,0,20,0,20,True
analysis_last/data/merged_results_fixed.tsv,clingen_28012026,CharGer_Local,BP4,613,3014,613,3069,False
analysis_last/data/merged_results_fixed.tsv,clingen_28012026,CharGer_Local,BP5,0,228,0,228,True
analysis_last/data/merged_results_fixed.tsv,clingen_28012026,CharGer_Local,BP6,0,0,0,0,True
analysis_last/data/merged_results_fixed.tsv,clingen_28012026,CharGer_Local,BP7,0,936,0,936,True
analysis_last/data/merged_results_fixed.tsv,clingen_28012026,CharGer_Online,PVS1,0,2475,0,2475,True
analysis_last/data/merged_results_fixed.tsv,clingen_28012026,CharGer_Online,PS1,28,1182,28,1184,False
analysis_last/data/merged_results_fixed.tsv,clingen_28012026,CharGer_Online,PS2,0,341,0,341,True
analysis_last/data/merged_results_fixed.tsv,clingen_28012026,CharGer_Online,PS3,0,1372,0,1372,True
analysis_last/data/merged_results_fixed.tsv,clingen_28012026,CharGer_Online,PS4,0,2074,0,2074,True
analysis_last/data/merged_results_fixed.tsv,clingen_28012026,CharGer_Online,PM1,0,1308,0,1308,True
analysis_last/data/merged_results_fixed.tsv,clingen_28012026,CharGer_Online,PM2,6466,10976,6466,11224,False
analysis_last/data/merged_results_fixed.tsv,clingen_28012026,CharGer_Online,PM3,0,2206,0,2206,True
analysis_last/data/merged_results_fixed.tsv,clingen_28012026,CharGer_Online,PM4,0,204,0,204,True
analysis_last/data/merged_results_fixed.tsv,clingen_28012026,CharGer_Online,PM5,0,1203,0,1203,True
analysis_last/data/merged_results_fixed.tsv,clingen_28012026,CharGer_Online,PM6,0,236,0,236,True
analysis_last/data/merged_results_fixed.tsv,clingen_28012026,CharGer_Online,PP1,0,1327,0,1327,True
analysis_last/data/merged_results_fixed.tsv,clingen_28012026,CharGer_Online,PP2,0,655,0,655,True
analysis_last/data/merged_results_fixed.tsv,clingen_28012026,CharGer_Online,PP3,32,3592,32,3592,True
analysis_last/data/merged_results_fixed.tsv,clingen_28012026,CharGer_Online,PP4,0,3759,0,3759,True
analysis_last/data/merged_results_fixed.tsv,clingen_28012026,CharGer_Online,PP5,0,0,0,0,True
analysis_last/data/merged_results_fixed.tsv,clingen_28012026,CharGer_Online,BA1,0,1005,0,1005,True
analysis_last/data/merged_results_fixed.tsv,clingen_28012026,CharGer_Online,BS1,0,668,0,668,True
analysis_last/data/merged_results_fixed.tsv,clingen_28012026,CharGer_Online,BS2,0,701,0,701,True
analysis_last/data/merged_results_fixed.tsv,clingen_28012026,CharGer_Online,BS3,0,277,0,277,True
analysis_last/data/merged_results_fixed.tsv,clingen_28012026,CharGer_Online,BS4,0,30,0,30,True
analysis_last/data/merged_results_fixed.tsv,clingen_28012026,CharGer_Online,BP1,0,51,0,51,True
analysis_last/data/merged_results_fixed.tsv,clingen_28012026,CharGer_Online,BP2,0,211,0,211,True
analysis_last/data/merged_results_fixed.tsv,clingen_28012026,CharGer_Online,BP3,0,20,0,20,True
analysis_last/data/merged_results_fixed.tsv,clingen_28012026,CharGer_Online,BP4,45,2291,45,2293,False
analysis_last/data/merged_results_fixed.tsv,clingen_28012026,CharGer_Online,BP5,0,228,0,228,True
analysis_last/data/merged_results_fixed.tsv,clingen_28012026,CharGer_Online,BP6,0,0,0,0,True
analysis_last/data/merged_results_fixed.tsv,clingen_28012026,CharGer_Online,BP7,0,936,0,936,True
analysis_last/data/merged_results_fixed.tsv,clingen_28012026,DiabloACMG,PVS1,1133,2519,1133,2523,False
analysis_last/data/merged_results_fixed.tsv,clingen_28012026,DiabloACMG,PS1,32,1511,32,1515,False
analysis_last/data/merged_results_fixed.tsv,clingen_28012026,DiabloACMG,PS2,0,341,0,341,True
analysis_last/data/merged_results_fixed.tsv,clingen_28012026,DiabloACMG,PS3,654,2779,654,2779,True
analysis_last/data/merged_results_fixed.tsv,clingen_28012026,DiabloACMG,PS4,0,2074,0,2074,True
analysis_last/data/merged_results_fixed.tsv,clingen_28012026,DiabloACMG,PM1,519,2971,519,3032,False
analysis_last/data/merged_results_fixed.tsv,clingen_28012026,DiabloACMG,PM2,6459,10428,6459,10672,False
analysis_last/data/merged_results_fixed.tsv,clingen_28012026,DiabloACMG,PM3,0,2206,0,2206,True
analysis_last/data/merged_results_fixed.tsv,clingen_28012026,DiabloACMG,PM4,14,209,14,209,True
analysis_last/data/merged_results_fixed.tsv,clingen_28012026,DiabloACMG,PM5,196,1480,196,1480,True
analysis_last/data/merged_results_fixed.tsv,clingen_28012026,DiabloACMG,PM6,0,236,0,236,True
analysis_last/data/merged_results_fixed.tsv,clingen_28012026,DiabloACMG,PP1,0,1327,0,1327,True
analysis_last/data/merged_results_fixed.tsv,clingen_28012026,DiabloACMG,PP2,52,1595,52,1616,False
analysis_last/data/merged_results_fixed.tsv,clingen_28012026,DiabloACMG,PP3,3263,5971,3263,6113,False
analysis_last/data/merged_results_fixed.tsv,clingen_28012026,DiabloACMG,PP4,0,3759,0,3759,True
analysis_last/data/merged_results_fixed.tsv,clingen_28012026,DiabloACMG,PP5,0,4074,0,4076,False
analysis_last/data/merged_results_fixed.tsv,clingen_28012026,DiabloACMG,BA1,166,1005,166,1005,True
analysis_last/data/merged_results_fixed.tsv,clingen_28012026,DiabloACMG,BS1,0,834,0,834,True
analysis_last/data/merged_results_fixed.tsv,clingen_28012026,DiabloACMG,BS2,51,985,51,993,False
analysis_last/data/merged_results_fixed.tsv,clingen_28012026,DiabloACMG,BS3,174,2316,174,2317,False
analysis_last/data/merged_results_fixed.tsv,clingen_28012026,DiabloACMG,BS4,0,30,0,30,True
analysis_last/data/merged_results_fixed.tsv,clingen_28012026,DiabloACMG,BP1,49,2752,49,2841,False
analysis_last/data/merged_results_fixed.tsv,clingen_28012026,DiabloACMG,BP2,0,211,0,211,True
analysis_last/data/merged_results_fixed.tsv,clingen_28012026,DiabloACMG,BP3,0,20,0,20,True
analysis_last/data/merged_results_fixed.tsv,clingen_28012026,DiabloACMG,BP4,1180,3016,1180,3052,False
analysis_last/data/merged_results_fixed.tsv,clingen_28012026,DiabloACMG,BP5,0,228,0,228,True
analysis_last/data/merged_results_fixed.tsv,clingen_28012026,DiabloACMG,BP6,0,2288,0,2289,False
analysis_last/data/merged_results_fixed.tsv,clingen_28012026,DiabloACMG,BP7,628,1258,628,1264,False
analysis_last/data/merged_results_fixed.tsv,clingen_28012026,Exomiser,PVS1,17,2486,17,2486,True
analysis_last/data/merged_results_fixed.tsv,clingen_28012026,Exomiser,PS1,0,139,0,139,True
analysis_last/data/merged_results_fixed.tsv,clingen_28012026,Exomiser,PS2,0,341,0,341,True
analysis_last/data/merged_results_fixed.tsv,clingen_28012026,Exomiser,PS3,0,1372,0,1372,True
analysis_last/data/merged_results_fixed.tsv,clingen_28012026,Exomiser,PS4,0,2074,0,2074,True
analysis_last/data/merged_results_fixed.tsv,clingen_28012026,Exomiser,PM1,4,1323,4,1323,True
analysis_last/data/merged_results_fixed.tsv,clingen_28012026,Exomiser,PM2,70,7893,70,7893,True
analysis_last/data/merged_results_fixed.tsv,clingen_28012026,Exomiser,PM3,0,2206,0,2206,True
analysis_last/data/merged_results_fixed.tsv,clingen_28012026,Exomiser,PM4,4,204,4,204,True
analysis_last/data/merged_results_fixed.tsv,clingen_28012026,Exomiser,PM5,4,1218,4,1218,True
analysis_last/data/merged_results_fixed.tsv,clingen_28012026,Exomiser,PM6,0,236,0,236,True
analysis_last/data/merged_results_fixed.tsv,clingen_28012026,Exomiser,PP1,0,1327,0,1327,True
analysis_last/data/merged_results_fixed.tsv,clingen_28012026,Exomiser,PP2,0,655,0,655,True
analysis_last/data/merged_results_fixed.tsv,clingen_28012026,Exomiser,PP3,36,3566,36,3566,True
analysis_last/data/merged_results_fixed.tsv,clingen_28012026,Exomiser,PP4,0,3759,0,3759,True
analysis_last/data/merged_results_fixed.tsv,clingen_28012026,Exomiser,PP5,0,84,0,84,True
analysis_last/data/merged_results_fixed.tsv,clingen_28012026,Exomiser,BA1,0,1005,0,1005,True
analysis_last/data/merged_results_fixed.tsv,clingen_28012026,Exomiser,BS1,0,668,0,668,True
analysis_last/data/merged_results_fixed.tsv,clingen_28012026,Exomiser,BS2,0,701,0,701,True
analysis_last/data/merged_results_fixed.tsv,clingen_28012026,Exomiser,BS3,0,277,0,277,True
analysis_last/data/merged_results_fixed.tsv,clingen_28012026,Exomiser,BS4,0,30,0,30,True
analysis_last/data/merged_results_fixed.tsv,clingen_28012026,Exomiser,BP1,0,51,0,51,True
analysis_last/data/merged_results_fixed.tsv,clingen_28012026,Exomiser,BP2,0,211,0,211,True
analysis_last/data/merged_results_fixed.tsv,clingen_28012026,Exomiser,BP3,0,20,0,20,True
analysis_last/data/merged_results_fixed.tsv,clingen_28012026,Exomiser,BP4,1,2155,1,2155,True
analysis_last/data/merged_results_fixed.tsv,clingen_28012026,Exomiser,BP5,0,228,0,228,True
analysis_last/data/merged_results_fixed.tsv,clingen_28012026,Exomiser,BP6,0,1,0,1,True
analysis_last/data/merged_results_fixed.tsv,clingen_28012026,Exomiser,BP7,0,936,0,936,True
analysis_last/data/merged_results_fixed.tsv,clingen_28012026,Genebe,PVS1,2319,2769,2319,2778,False
analysis_last/data/merged_results_fixed.tsv,clingen_28012026,Genebe,PS1,97,158,97,158,True
analysis_last/data/merged_results_fixed.tsv,clingen_28012026,Genebe,PS2,268,342,268,342,True
analysis_last/data/merged_results_fixed.tsv,clingen_28012026,Genebe,PS3,1248,1498,1248,1500,False
analysis_last/data/merged_results_fixed.tsv,clingen_28012026,Genebe,PS4,1592,2080,1592,2080,True
analysis_last/data/merged_results_fixed.tsv,clingen_28012026,Genebe,PM1,1234,1814,1234,1817,False
analysis_last/data/merged_results_fixed.tsv,clingen_28012026,Genebe,PM2,7622,8075,7622,8092,False
analysis_last/data/merged_results_fixed.tsv,clingen_28012026,Genebe,PM3,1433,2210,1433,2210,True
analysis_last/data/merged_results_fixed.tsv,clingen_28012026,Genebe,PM4,46,291,46,291,True
analysis_last/data/merged_results_fixed.tsv,clingen_28012026,Genebe,PM5,967,1444,967,1446,False
analysis_last/data/merged_results_fixed.tsv,clingen_28012026,Genebe,PM6,188,239,188,239,True
analysis_last/data/merged_results_fixed.tsv,clingen_28012026,Genebe,PP1,975,1330,975,1330,True
analysis_last/data/merged_results_fixed.tsv,clingen_28012026,Genebe,PP2,639,1014,639,1014,True
analysis_last/data/merged_results_fixed.tsv,clingen_28012026,Genebe,PP3,3481,3765,3481,3770,False
analysis_last/data/merged_results_fixed.tsv,clingen_28012026,Genebe,PP4,2572,3763,2572,3763,True
analysis_last/data/merged_results_fixed.tsv,clingen_28012026,Genebe,PP5,0,778,0,779,False
analysis_last/data/merged_results_fixed.tsv,clingen_28012026,Genebe,BA1,864,1007,864,1007,True
analysis_last/data/merged_results_fixed.tsv,clingen_28012026,Genebe,BS1,553,724,553,726,False
analysis_last/data/merged_results_fixed.tsv,clingen_28012026,Genebe,BS2,649,849,649,858,False
analysis_last/data/merged_results_fixed.tsv,clingen_28012026,Genebe,BS3,243,280,243,281,False
analysis_last/data/merged_results_fixed.tsv,clingen_28012026,Genebe,BS4,28,30,28,31,False
analysis_last/data/merged_results_fixed.tsv,clingen_28012026,Genebe,BP1,48,51,48,51,True
analysis_last/data/merged_results_fixed.tsv,clingen_28012026,Genebe,BP2,187,211,187,211,True
analysis_last/data/merged_results_fixed.tsv,clingen_28012026,Genebe,BP3,0,25,0,25,True
analysis_last/data/merged_results_fixed.tsv,clingen_28012026,Genebe,BP4,2053,2356,2053,2370,False
analysis_last/data/merged_results_fixed.tsv,clingen_28012026,Genebe,BP5,190,228,190,228,True
analysis_last/data/merged_results_fixed.tsv,clingen_28012026,Genebe,BP6,0,249,0,249,True
analysis_last/data/merged_results_fixed.tsv,clingen_28012026,Genebe,BP7,849,958,849,958,True
analysis_last/data/merged_results_fixed.tsv,clingen_28012026,TAPES,PVS1,1362,2635,1362,2641,False
analysis_last/data/merged_results_fixed.tsv,clingen_28012026,TAPES,PS1,1,141,1,141,True
analysis_last/data/merged_results_fixed.tsv,clingen_28012026,TAPES,PS2,0,341,0,341,True
analysis_last/data/merged_results_fixed.tsv,clingen_28012026,TAPES,PS3,45,1429,45,1429,True
analysis_last/data/merged_results_fixed.tsv,clingen_28012026,TAPES,PS4,0,2075,0,2075,True
analysis_last/data/merged_results_fixed.tsv,clingen_28012026,TAPES,PM1,1121,5055,1121,5181,False
analysis_last/data/merged_results_fixed.tsv,clingen_28012026,TAPES,PM2,7684,9910,7684,10126,False
analysis_last/data/merged_results_fixed.tsv,clingen_28012026,TAPES,PM3,0,2206,0,2206,True
analysis_last/data/merged_results_fixed.tsv,clingen_28012026,TAPES,PM4,17,272,17,272,True
analysis_last/data/merged_results_fixed.tsv,clingen_28012026,TAPES,PM5,0,1207,0,1207,True
analysis_last/data/merged_results_fixed.tsv,clingen_28012026,TAPES,PM6,0,236,0,236,True
analysis_last/data/merged_results_fixed.tsv,clingen_28012026,TAPES,PP1,0,1327,0,1327,True
analysis_last/data/merged_results_fixed.tsv,clingen_28012026,TAPES,PP2,0,655,0,655,True
analysis_last/data/merged_results_fixed.tsv,clingen_28012026,TAPES,PP3,3285,5939,3285,6085,False
analysis_last/data/merged_results_fixed.tsv,clingen_28012026,TAPES,PP4,0,3759,0,3759,True
analysis_last/data/merged_results_fixed.tsv,clingen_28012026,TAPES,PP5,0,2514,0,2538,False
analysis_last/data/merged_results_fixed.tsv,clingen_28012026,TAPES,BA1,171,1006,171,1006,True
analysis_last/data/merged_results_fixed.tsv,clingen_28012026,TAPES,BS1,108,1293,108,1296,False
analysis_last/data/merged_results_fixed.tsv,clingen_28012026,TAPES,BS2,1,707,1,707,True
analysis_last/data/merged_results_fixed.tsv,clingen_28012026,TAPES,BS3,4,485,4,485,True
analysis_last/data/merged_results_fixed.tsv,clingen_28012026,TAPES,BS4,0,30,0,30,True
analysis_last/data/merged_results_fixed.tsv,clingen_28012026,TAPES,BP1,0,51,0,51,True
analysis_last/data/merged_results_fixed.tsv,clingen_28012026,TAPES,BP2,0,211,0,211,True
analysis_last/data/merged_results_fixed.tsv,clingen_28012026,TAPES,BP3,0,59,0,59,True
analysis_last/data/merged_results_fixed.tsv,clingen_28012026,TAPES,BP4,507,2626,507,2651,False
analysis_last/data/merged_results_fixed.tsv,clingen_28012026,TAPES,BP5,0,228,0,228,True
analysis_last/data/merged_results_fixed.tsv,clingen_28012026,TAPES,BP6,0,400,0,404,False
analysis_last/data/merged_results_fixed.tsv,clingen_28012026,TAPES,BP7,0,936,0,936,True
analysis_last/data/merged_results_fixed.tsv,clingen_28012026,Franklin,PVS1,1828,2664,1828,2672,False
analysis_last/data/merged_results_fixed.tsv,clingen_28012026,Franklin,PS1,75,311,75,311,True
analysis_last/data/merged_results_fixed.tsv,clingen_28012026,Franklin,PS2,250,374,250,374,True
analysis_last/data/merged_results_fixed.tsv,clingen_28012026,Franklin,PS3,1023,1500,1023,1501,False
analysis_last/data/merged_results_fixed.tsv,clingen_28012026,Franklin,PS4,1442,2314,1442,2314,True
analysis_last/data/merged_results_fixed.tsv,clingen_28012026,Franklin,PM1,1084,3595,1084,3617,False
analysis_last/data/merged_results_fixed.tsv,clingen_28012026,Franklin,PM2,6733,9437,6733,9636,False
analysis_last/data/merged_results_fixed.tsv,clingen_28012026,Franklin,PM3,1417,2361,1417,2361,True
analysis_last/data/merged_results_fixed.tsv,clingen_28012026,Franklin,PM4,37,266,37,266,True
analysis_last/data/merged_results_fixed.tsv,clingen_28012026,Franklin,PM5,963,2767,963,2779,False
analysis_last/data/merged_results_fixed.tsv,clingen_28012026,Franklin,PM6,157,246,157,246,True
analysis_last/data/merged_results_fixed.tsv,clingen_28012026,Franklin,PP1,840,1388,840,1388,True
analysis_last/data/merged_results_fixed.tsv,clingen_28012026,Franklin,PP2,601,3898,601,3986,False
analysis_last/data/merged_results_fixed.tsv,clingen_28012026,Franklin,PP3,3441,4366,3441,4437,False
analysis_last/data/merged_results_fixed.tsv,clingen_28012026,Franklin,PP4,2008,3762,2008,3762,True
analysis_last/data/merged_results_fixed.tsv,clingen_28012026,Franklin,PP5,0,4050,0,4052,False
analysis_last/data/merged_results_fixed.tsv,clingen_28012026,Franklin,BA1,180,1037,180,1037,True
analysis_last/data/merged_results_fixed.tsv,clingen_28012026,Franklin,BS1,113,830,113,831,False
analysis_last/data/merged_results_fixed.tsv,clingen_28012026,Franklin,BS2,454,1006,454,1016,False
analysis_last/data/merged_results_fixed.tsv,clingen_28012026,Franklin,BS3,212,305,212,307,False
analysis_last/data/merged_results_fixed.tsv,clingen_28012026,Franklin,BS4,17,31,17,32,False
analysis_last/data/merged_results_fixed.tsv,clingen_28012026,Franklin,BP1,0,51,0,51,True
analysis_last/data/merged_results_fixed.tsv,clingen_28012026,Franklin,BP2,77,211,77,211,True
analysis_last/data/merged_results_fixed.tsv,clingen_28012026,Franklin,BP3,0,25,0,25,True
analysis_last/data/merged_results_fixed.tsv,clingen_28012026,Franklin,BP4,505,2319,505,2329,False
analysis_last/data/merged_results_fixed.tsv,clingen_28012026,Franklin,BP5,115,228,115,228,True
analysis_last/data/merged_results_fixed.tsv,clingen_28012026,Franklin,BP6,0,1214,0,1215,False
analysis_last/data/merged_results_fixed.tsv,clingen_28012026,Franklin,BP7,58,936,58,936,True
analysis_last/data/merged_results_fixed.tsv,clingen_28012026,AutoGVP,PVS1,1131,2516,1131,2520,False
analysis_last/data/merged_results_fixed.tsv,clingen_28012026,AutoGVP,PS1,7,153,7,153,True
analysis_last/data/merged_results_fixed.tsv,clingen_28012026,AutoGVP,PS2,0,341,0,341,True
analysis_last/data/merged_results_fixed.tsv,clingen_28012026,AutoGVP,PS3,0,1372,0,1372,True
analysis_last/data/merged_results_fixed.tsv,clingen_28012026,AutoGVP,PS4,0,2075,0,2075,True
analysis_last/data/merged_results_fixed.tsv,clingen_28012026,AutoGVP,PM1,1034,5557,1034,5732,False
analysis_last/data/merged_results_fixed.tsv,clingen_28012026,AutoGVP,PM2,6358,9884,6358,10094,False
analysis_last/data/merged_results_fixed.tsv,clingen_28012026,AutoGVP,PM3,0,2206,0,2206,True
analysis_last/data/merged_results_fixed.tsv,clingen_28012026,AutoGVP,PM4,14,209,14,209,True
analysis_last/data/merged_results_fixed.tsv,clingen_28012026,AutoGVP,PM5,142,1377,142,1377,True
analysis_last/data/merged_results_fixed.tsv,clingen_28012026,AutoGVP,PM6,0,236,0,236,True
analysis_last/data/merged_results_fixed.tsv,clingen_28012026,AutoGVP,PP1,0,1327,0,1327,True
analysis_last/data/merged_results_fixed.tsv,clingen_28012026,AutoGVP,PP2,52,1595,52,1616,False
analysis_last/data/merged_results_fixed.tsv,clingen_28012026,AutoGVP,PP3,3328,5985,3328,6113,False
analysis_last/data/merged_results_fixed.tsv,clingen_28012026,AutoGVP,PP4,0,3759,0,3759,True
analysis_last/data/merged_results_fixed.tsv,clingen_28012026,AutoGVP,PP5,0,2455,0,2461,False
analysis_last/data/merged_results_fixed.tsv,clingen_28012026,AutoGVP,BA1,180,1005,180,1005,True
analysis_last/data/merged_results_fixed.tsv,clingen_28012026,AutoGVP,BS1,41,1155,41,1155,True
analysis_last/data/merged_results_fixed.tsv,clingen_28012026,AutoGVP,BS2,0,701,0,701,True
analysis_last/data/merged_results_fixed.tsv,clingen_28012026,AutoGVP,BS3,0,277,0,277,True
analysis_last/data/merged_results_fixed.tsv,clingen_28012026,AutoGVP,BS4,0,30,0,30,True
analysis_last/data/merged_results_fixed.tsv,clingen_28012026,AutoGVP,BP1,49,2760,49,2849,False
analysis_last/data/merged_results_fixed.tsv,clingen_28012026,AutoGVP,BP2,0,211,0,211,True
analysis_last/data/merged_results_fixed.tsv,clingen_28012026,AutoGVP,BP3,0,20,0,20,True
analysis_last/data/merged_results_fixed.tsv,clingen_28012026,AutoGVP,BP4,920,2638,920,2661,False
analysis_last/data/merged_results_fixed.tsv,clingen_28012026,AutoGVP,BP5,0,228,0,228,True
analysis_last/data/merged_results_fixed.tsv,clingen_28012026,AutoGVP,BP6,0,1181,0,1189,False
analysis_last/data/merged_results_fixed.tsv,clingen_28012026,AutoGVP,BP7,629,1277,629,1285,False
analysis_last/data/merged_results_fixed.tsv,clingen_28012026,VIP-HL,PVS1,23,2478,23,2478,True
analysis_last/data/merged_results_fixed.tsv,clingen_28012026,VIP-HL,PS1,0,138,0,138,True
analysis_last/data/merged_results_fixed.tsv,clingen_28012026,VIP-HL,PS2,0,341,0,341,True
analysis_last/data/merged_results_fixed.tsv,clingen_28012026,VIP-HL,PS3,0,1372,0,1372,True
analysis_last/data/merged_results_fixed.tsv,clingen_28012026,VIP-HL,PS4,0,2074,0,2074,True
analysis_last/data/merged_results_fixed.tsv,clingen_28012026,VIP-HL,PM1,2,1315,2,1315,True
analysis_last/data/merged_results_fixed.tsv,clingen_28012026,VIP-HL,PM2,79,7932,79,7936,False
analysis_last/data/merged_results_fixed.tsv,clingen_28012026,VIP-HL,PM3,0,2206,0,2206,True
analysis_last/data/merged_results_fixed.tsv,clingen_28012026,VIP-HL,PM4,0,204,0,204,True
analysis_last/data/merged_results_fixed.tsv,clingen_28012026,VIP-HL,PM5,13,1212,13,1212,True
analysis_last/data/merged_results_fixed.tsv,clingen_28012026,VIP-HL,PM6,0,236,0,236,True
analysis_last/data/merged_results_fixed.tsv,clingen_28012026,VIP-HL,PP1,0,1327,0,1327,True
analysis_last/data/merged_results_fixed.tsv,clingen_28012026,VIP-HL,PP2,0,655,0,655,True
analysis_last/data/merged_results_fixed.tsv,clingen_28012026,VIP-HL,PP3,73,3564,73,3564,True
analysis_last/data/merged_results_fixed.tsv,clingen_28012026,VIP-HL,PP4,0,3759,0,3759,True
analysis_last/data/merged_results_fixed.tsv,clingen_28012026,VIP-HL,PP5,0,0,0,0,True
analysis_last/data/merged_results_fixed.tsv,clingen_28012026,VIP-HL,BA1,26,1006,26,1006,True
analysis_last/data/merged_results_fixed.tsv,clingen_28012026,VIP-HL,BS1,39,670,39,670,True
analysis_last/data/merged_results_fixed.tsv,clingen_28012026,VIP-HL,BS2,0,714,0,714,True
analysis_last/data/merged_results_fixed.tsv,clingen_28012026,VIP-HL,BS3,0,277,0,277,True
analysis_last/data/merged_results_fixed.tsv,clingen_28012026,VIP-HL,BS4,0,30,0,30,True
analysis_last/data/merged_results_fixed.tsv,clingen_28012026,VIP-HL,BP1,0,51,0,51,True
analysis_last/data/merged_results_fixed.tsv,clingen_28012026,VIP-HL,BP2,0,211,0,211,True
analysis_last/data/merged_results_fixed.tsv,clingen_28012026,VIP-HL,BP3,0,20,0,20,True
analysis_last/data/merged_results_fixed.tsv,clingen_28012026,VIP-HL,BP4,18,2162,18,2162,True
analysis_last/data/merged_results_fixed.tsv,clingen_28012026,VIP-HL,BP5,0,228,0,228,True
analysis_last/data/merged_results_fixed.tsv,clingen_28012026,VIP-HL,BP6,0,0,0,0,True
analysis_last/data/merged_results_fixed.tsv,clingen_28012026,VIP-HL,BP7,4,937,4,937,True
analysis_last/data/merged_results_fixed.tsv,clingen_28012026,CancerSIGVAR,PVS1,252,2495,252,2495,True
analysis_last/data/merged_results_fixed.tsv,clingen_28012026,CancerSIGVAR,PS1,4,145,4,145,True
analysis_last/data/merged_results_fixed.tsv,clingen_28012026,CancerSIGVAR,PS2,0,341,0,341,True
analysis_last/data/merged_results_fixed.tsv,clingen_28012026,CancerSIGVAR,PS3,0,1372,0,1372,True
analysis_last/data/merged_results_fixed.tsv,clingen_28012026,CancerSIGVAR,PS4,0,2074,0,2074,True
analysis_last/data/merged_results_fixed.tsv,clingen_28012026,CancerSIGVAR,PM1,0,1308,0,1308,True
analysis_last/data/merged_results_fixed.tsv,clingen_28012026,CancerSIGVAR,PM2,652,8030,652,8035,False
analysis_last/data/merged_results_fixed.tsv,clingen_28012026,CancerSIGVAR,PM3,0,2206,0,2206,True
analysis_last/data/merged_results_fixed.tsv,clingen_28012026,CancerSIGVAR,PM4,3,215,3,215,True
analysis_last/data/merged_results_fixed.tsv,clingen_28012026,CancerSIGVAR,PM5,22,1248,22,1248,True
analysis_last/data/merged_results_fixed.tsv,clingen_28012026,CancerSIGVAR,PM6,0,236,0,236,True
analysis_last/data/merged_results_fixed.tsv,clingen_28012026,CancerSIGVAR,PP1,0,1327,0,1327,True
analysis_last/data/merged_results_fixed.tsv,clingen_28012026,CancerSIGVAR,PP2,0,655,0,655,True
analysis_last/data/merged_results_fixed.tsv,clingen_28012026,CancerSIGVAR,PP3,152,3707,152,3707,True
analysis_last/data/merged_results_fixed.tsv,clingen_28012026,CancerSIGVAR,PP4,0,3759,0,3759,True
analysis_last/data/merged_results_fixed.tsv,clingen_28012026,CancerSIGVAR,PP5,0,166,0,166,True
analysis_last/data/merged_results_fixed.tsv,clingen_28012026,CancerSIGVAR,BA1,13,1005,13,1005,True
analysis_last/data/merged_results_fixed.tsv,clingen_28012026,CancerSIGVAR,BS1,3,697,3,697,True
analysis_last/data/merged_results_fixed.tsv,clingen_28012026,CancerSIGVAR,BS2,0,701,0,701,True
analysis_last/data/merged_results_fixed.tsv,clingen_28012026,CancerSIGVAR,BS3,0,277,0,277,True
analysis_last/data/merged_results_fixed.tsv,clingen_28012026,CancerSIGVAR,BS4,0,30,0,30,True
analysis_last/data/merged_results_fixed.tsv,clingen_28012026,CancerSIGVAR,BP1,0,51,0,51,True
analysis_last/data/merged_results_fixed.tsv,clingen_28012026,CancerSIGVAR,BP2,22,233,22,233,True
analysis_last/data/merged_results_fixed.tsv,clingen_28012026,CancerSIGVAR,BP3,0,20,0,20,True
analysis_last/data/merged_results_fixed.tsv,clingen_28012026,CancerSIGVAR,BP4,55,2201,55,2201,True
analysis_last/data/merged_results_fixed.tsv,clingen_28012026,CancerSIGVAR,BP5,0,228,0,228,True
analysis_last/data/merged_results_fixed.tsv,clingen_28012026,CancerSIGVAR,BP6,0,96,0,96,True
analysis_last/data/merged_results_fixed.tsv,clingen_28012026,CancerSIGVAR,BP7,33,948,33,948,True
analysis_last/data/merged_results_fixed.tsv,clingen_28012026,CPSR,PVS1,660,2604,660,2608,False
analysis_last/data/merged_results_fixed.tsv,clingen_28012026,CPSR,PS1,2,138,2,138,True
analysis_last/data/merged_results_fixed.tsv,clingen_28012026,CPSR,PS2,0,341,0,341,True
analysis_last/data/merged_results_fixed.tsv,clingen_28012026,CPSR,PS3,0,1372,0,1372,True
analysis_last/data/merged_results_fixed.tsv,clingen_28012026,CPSR,PS4,0,2074,0,2074,True
analysis_last/data/merged_results_fixed.tsv,clingen_28012026,CPSR,PM1,83,1383,83,1383,True
analysis_last/data/merged_results_fixed.tsv,clingen_28012026,CPSR,PM2,2313,8536,2313,8635,False
analysis_last/data/merged_results_fixed.tsv,clingen_28012026,CPSR,PM3,0,2206,0,2206,True
analysis_last/data/merged_results_fixed.tsv,clingen_28012026,CPSR,PM4,5,226,5,226,True
analysis_last/data/merged_results_fixed.tsv,clingen_28012026,CPSR,PM5,40,1261,40,1261,True
analysis_last/data/merged_results_fixed.tsv,clingen_28012026,CPSR,PM6,73,528,73,528,True
analysis_last/data/merged_results_fixed.tsv,clingen_28012026,CPSR,PP1,0,1327,0,1327,True
analysis_last/data/merged_results_fixed.tsv,clingen_28012026,CPSR,PP2,71,718,71,720,False
analysis_last/data/merged_results_fixed.tsv,clingen_28012026,CPSR,PP3,503,3914,503,3933,False
analysis_last/data/merged_results_fixed.tsv,clingen_28012026,CPSR,PP4,0,3759,0,3759,True
analysis_last/data/merged_results_fixed.tsv,clingen_28012026,CPSR,PP5,0,0,0,0,True
analysis_last/data/merged_results_fixed.tsv,clingen_28012026,CPSR,BA1,116,1008,116,1008,True
analysis_last/data/merged_results_fixed.tsv,clingen_28012026,CPSR,BS1,137,949,137,964,False
analysis_last/data/merged_results_fixed.tsv,clingen_28012026,CPSR,BS2,0,701,0,701,True
analysis_last/data/merged_results_fixed.tsv,clingen_28012026,CPSR,BS3,0,277,0,277,True
analysis_last/data/merged_results_fixed.tsv,clingen_28012026,CPSR,BS4,0,30,0,30,True
analysis_last/data/merged_results_fixed.tsv,clingen_28012026,CPSR,BP1,49,427,49,432,False
analysis_last/data/merged_results_fixed.tsv,clingen_28012026,CPSR,BP2,0,211,0,211,True
analysis_last/data/merged_results_fixed.tsv,clingen_28012026,CPSR,BP3,0,180,0,210,False
analysis_last/data/merged_results_fixed.tsv,clingen_28012026,CPSR,BP4,101,2216,101,2216,True
analysis_last/data/merged_results_fixed.tsv,clingen_28012026,CPSR,BP5,0,228,0,228,True
analysis_last/data/merged_results_fixed.tsv,clingen_28012026,CPSR,BP6,0,0,0,0,True
analysis_last/data/merged_results_fixed.tsv,clingen_28012026,CPSR,BP7,446,1220,446,1222,False
analysis_last/data/merged_results_with_genebe_gene.tsv,clingen_28012026,InterVar_2018,PVS1,522,2481,522,2483,False
analysis_last/data/merged_results_with_genebe_gene.tsv,clingen_28012026,InterVar_2018,PS1,4,143,4,143,True
analysis_last/data/merged_results_with_genebe_gene.tsv,clingen_28012026,InterVar_2018,PS2,0,341,0,341,True
analysis_last/data/merged_results_with_genebe_gene.tsv,clingen_28012026,InterVar_2018,PS3,0,1372,0,1372,True
analysis_last/data/merged_results_with_genebe_gene.tsv,clingen_28012026,InterVar_2018,PS4,0,2074,0,2074,True
analysis_last/data/merged_results_with_genebe_gene.tsv,clingen_28012026,InterVar_2018,PM1,985,4558,985,4666,False
analysis_last/data/merged_results_with_genebe_gene.tsv,clingen_28012026,InterVar_2018,PM2,4673,9375,4673,9518,False
analysis_last/data/merged_results_with_genebe_gene.tsv,clingen_28012026,InterVar_2018,PM3,0,2206,0,2206,True
analysis_last/data/merged_results_with_genebe_gene.tsv,clingen_28012026,InterVar_2018,PM4,12,208,12,208,True
analysis_last/data/merged_results_with_genebe_gene.tsv,clingen_28012026,InterVar_2018,PM5,56,1241,56,1241,True
analysis_last/data/merged_results_with_genebe_gene.tsv,clingen_28012026,InterVar_2018,PM6,0,236,0,236,True
analysis_last/data/merged_results_with_genebe_gene.tsv,clingen_28012026,InterVar_2018,PP1,0,1327,0,1327,True
analysis_last/data/merged_results_with_genebe_gene.tsv,clingen_28012026,InterVar_2018,PP2,47,1037,47,1058,False
analysis_last/data/merged_results_with_genebe_gene.tsv,clingen_28012026,InterVar_2018,PP3,2813,5195,2813,5306,False
analysis_last/data/merged_results_with_genebe_gene.tsv,clingen_28012026,InterVar_2018,PP4,0,3759,0,3759,True
analysis_last/data/merged_results_with_genebe_gene.tsv,clingen_28012026,InterVar_2018,PP5,0,1559,0,1568,False
analysis_last/data/merged_results_with_genebe_gene.tsv,clingen_28012026,InterVar_2018,BA1,104,1005,104,1005,True
analysis_last/data/merged_results_with_genebe_gene.tsv,clingen_28012026,InterVar_2018,BS1,59,1036,59,1039,False
analysis_last/data/merged_results_with_genebe_gene.tsv,clingen_28012026,InterVar_2018,BS2,0,701,0,701,True
analysis_last/data/merged_results_with_genebe_gene.tsv,clingen_28012026,InterVar_2018,BS3,0,277,0,277,True
analysis_last/data/merged_results_with_genebe_gene.tsv,clingen_28012026,InterVar_2018,BS4,0,30,0,30,True
analysis_last/data/merged_results_with_genebe_gene.tsv,clingen_28012026,InterVar_2018,BP1,44,965,44,980,False
analysis_last/data/merged_results_with_genebe_gene.tsv,clingen_28012026,InterVar_2018,BP2,0,211,0,211,True
analysis_last/data/merged_results_with_genebe_gene.tsv,clingen_28012026,InterVar_2018,BP3,0,20,0,20,True
analysis_last/data/merged_results_with_genebe_gene.tsv,clingen_28012026,InterVar_2018,BP4,780,2581,780,2599,False
analysis_last/data/merged_results_with_genebe_gene.tsv,clingen_28012026,InterVar_2018,BP5,0,228,0,228,True
analysis_last/data/merged_results_with_genebe_gene.tsv,clingen_28012026,InterVar_2018,BP6,0,710,0,729,False
analysis_last/data/merged_results_with_genebe_gene.tsv,clingen_28012026,InterVar_2018,BP7,508,1228,508,1235,False
analysis_last/data/merged_results_with_genebe_gene.tsv,clingen_28012026,InterVar_2025,PVS1,1132,2516,1132,2520,False
analysis_last/data/merged_results_with_genebe_gene.tsv,clingen_28012026,InterVar_2025,PS1,7,153,7,153,True
analysis_last/data/merged_results_with_genebe_gene.tsv,clingen_28012026,InterVar_2025,PS2,0,341,0,341,True
analysis_last/data/merged_results_with_genebe_gene.tsv,clingen_28012026,InterVar_2025,PS3,0,1372,0,1372,True
analysis_last/data/merged_results_with_genebe_gene.tsv,clingen_28012026,InterVar_2025,PS4,0,2075,0,2075,True
analysis_last/data/merged_results_with_genebe_gene.tsv,clingen_28012026,InterVar_2025,PM1,1034,5555,1034,5730,False
analysis_last/data/merged_results_with_genebe_gene.tsv,clingen_28012026,InterVar_2025,PM2,423,8132,423,8144,False
analysis_last/data/merged_results_with_genebe_gene.tsv,clingen_28012026,InterVar_2025,PM3,0,2206,0,2206,True
analysis_last/data/merged_results_with_genebe_gene.tsv,clingen_28012026,InterVar_2025,PM4,14,209,14,209,True
analysis_last/data/merged_results_with_genebe_gene.tsv,clingen_28012026,InterVar_2025,PM5,142,1377,142,1377,True
analysis_last/data/merged_results_with_genebe_gene.tsv,clingen_28012026,InterVar_2025,PM6,0,236,0,236,True
analysis_last/data/merged_results_with_genebe_gene.tsv,clingen_28012026,InterVar_2025,PP1,0,1327,0,1327,True
analysis_last/data/merged_results_with_genebe_gene.tsv,clingen_28012026,InterVar_2025,PP2,52,1595,52,1616,False
analysis_last/data/merged_results_with_genebe_gene.tsv,clingen_28012026,InterVar_2025,PP3,3325,5976,3325,6104,False
analysis_last/data/merged_results_with_genebe_gene.tsv,clingen_28012026,InterVar_2025,PP4,0,3759,0,3759,True
analysis_last/data/merged_results_with_genebe_gene.tsv,clingen_28012026,InterVar_2025,PP5,0,3764,0,3764,True
analysis_last/data/merged_results_with_genebe_gene.tsv,clingen_28012026,InterVar_2025,BA1,138,1005,138,1005,True
analysis_last/data/merged_results_with_genebe_gene.tsv,clingen_28012026,InterVar_2025,BS1,514,8628,514,8860,False
analysis_last/data/merged_results_with_genebe_gene.tsv,clingen_28012026,InterVar_2025,BS2,0,701,0,701,True
analysis_last/data/merged_results_with_genebe_gene.tsv,clingen_28012026,InterVar_2025,BS3,0,277,0,277,True
analysis_last/data/merged_results_with_genebe_gene.tsv,clingen_28012026,InterVar_2025,BS4,0,30,0,30,True
analysis_last/data/merged_results_with_genebe_gene.tsv,clingen_28012026,InterVar_2025,BP1,49,2760,49,2849,False
analysis_last/data/merged_results_with_genebe_gene.tsv,clingen_28012026,InterVar_2025,BP2,0,211,0,211,True
analysis_last/data/merged_results_with_genebe_gene.tsv,clingen_28012026,InterVar_2025,BP3,0,20,0,20,True
analysis_last/data/merged_results_with_genebe_gene.tsv,clingen_28012026,InterVar_2025,BP4,919,2638,919,2661,False
analysis_last/data/merged_results_with_genebe_gene.tsv,clingen_28012026,InterVar_2025,BP5,0,228,0,228,True
analysis_last/data/merged_results_with_genebe_gene.tsv,clingen_28012026,InterVar_2025,BP6,0,2080,0,2081,False
analysis_last/data/merged_results_with_genebe_gene.tsv,clingen_28012026,InterVar_2025,BP7,629,1277,629,1285,False
analysis_last/data/merged_results_with_genebe_gene.tsv,clingen_28012026,BIAS,PVS1,2210,2810,2210,2822,False
analysis_last/data/merged_results_with_genebe_gene.tsv,clingen_28012026,BIAS,PS1,5,398,5,398,True
analysis_last/data/merged_results_with_genebe_gene.tsv,clingen_28012026,BIAS,PS2,0,341,0,341,True
analysis_last/data/merged_results_with_genebe_gene.tsv,clingen_28012026,BIAS,PS3,790,3000,790,3029,False
analysis_last/data/merged_results_with_genebe_gene.tsv,clingen_28012026,BIAS,PS4,217,3466,217,3545,False
analysis_last/data/merged_results_with_genebe_gene.tsv,clingen_28012026,BIAS,PM1,475,2867,475,2885,False
analysis_last/data/merged_results_with_genebe_gene.tsv,clingen_28012026,BIAS,PM2,7198,8973,7198,9101,False
analysis_last/data/merged_results_with_genebe_gene.tsv,clingen_28012026,BIAS,PM3,0,2206,0,2206,True
analysis_last/data/merged_results_with_genebe_gene.tsv,clingen_28012026,BIAS,PM4,20,287,20,287,True
analysis_last/data/merged_results_with_genebe_gene.tsv,clingen_28012026,BIAS,PM5,364,1832,364,1836,False
analysis_last/data/merged_results_with_genebe_gene.tsv,clingen_28012026,BIAS,PM6,0,236,0,236,True
analysis_last/data/merged_results_with_genebe_gene.tsv,clingen_28012026,BIAS,PP1,0,1327,0,1327,True
analysis_last/data/merged_results_with_genebe_gene.tsv,clingen_28012026,BIAS,PP2,512,1288,512,1307,False
analysis_last/data/merged_results_with_genebe_gene.tsv,clingen_28012026,BIAS,PP3,3317,4504,3317,4575,False
analysis_last/data/merged_results_with_genebe_gene.tsv,clingen_28012026,BIAS,PP4,0,3759,0,3759,True
analysis_last/data/merged_results_with_genebe_gene.tsv,clingen_28012026,BIAS,PP5,0,3596,0,3603,False
analysis_last/data/merged_results_with_genebe_gene.tsv,clingen_28012026,BIAS,BA1,524,1056,524,1056,True
analysis_last/data/merged_results_with_genebe_gene.tsv,clingen_28012026,BIAS,BS1,298,1129,298,1150,False
analysis_last/data/merged_results_with_genebe_gene.tsv,clingen_28012026,BIAS,BS2,257,1774,257,1826,False
analysis_last/data/merged_results_with_genebe_gene.tsv,clingen_28012026,BIAS,BS3,0,277,0,277,True
analysis_last/data/merged_results_with_genebe_gene.tsv,clingen_28012026,BIAS,BS4,0,30,0,30,True
analysis_last/data/merged_results_with_genebe_gene.tsv,clingen_28012026,BIAS,BP1,14,387,14,422,False
analysis_last/data/merged_results_with_genebe_gene.tsv,clingen_28012026,BIAS,BP2,0,211,0,211,True
analysis_last/data/merged_results_with_genebe_gene.tsv,clingen_28012026,BIAS,BP3,0,26,0,26,True
analysis_last/data/merged_results_with_genebe_gene.tsv,clingen_28012026,BIAS,BP4,1740,5385,1740,5528,False
analysis_last/data/merged_results_with_genebe_gene.tsv,clingen_28012026,BIAS,BP5,0,228,0,228,True
analysis_last/data/merged_results_with_genebe_gene.tsv,clingen_28012026,BIAS,BP6,0,2121,0,2147,False
analysis_last/data/merged_results_with_genebe_gene.tsv,clingen_28012026,BIAS,BP7,807,1441,807,1451,False
analysis_last/data/merged_results_with_genebe_gene.tsv,clingen_28012026,CharGer_Local,PVS1,0,2475,0,2475,True
analysis_last/data/merged_results_with_genebe_gene.tsv,clingen_28012026,CharGer_Local,PS1,0,138,0,138,True
analysis_last/data/merged_results_with_genebe_gene.tsv,clingen_28012026,CharGer_Local,PS2,0,341,0,341,True
analysis_last/data/merged_results_with_genebe_gene.tsv,clingen_28012026,CharGer_Local,PS3,0,1372,0,1372,True
analysis_last/data/merged_results_with_genebe_gene.tsv,clingen_28012026,CharGer_Local,PS4,0,2074,0,2074,True
analysis_last/data/merged_results_with_genebe_gene.tsv,clingen_28012026,CharGer_Local,PM1,0,1308,0,1308,True
analysis_last/data/merged_results_with_genebe_gene.tsv,clingen_28012026,CharGer_Local,PM2,6463,10158,6463,10404,False
analysis_last/data/merged_results_with_genebe_gene.tsv,clingen_28012026,CharGer_Local,PM3,0,2206,0,2206,True
analysis_last/data/merged_results_with_genebe_gene.tsv,clingen_28012026,CharGer_Local,PM4,0,204,0,204,True
analysis_last/data/merged_results_with_genebe_gene.tsv,clingen_28012026,CharGer_Local,PM5,0,1203,0,1203,True
analysis_last/data/merged_results_with_genebe_gene.tsv,clingen_28012026,CharGer_Local,PM6,0,236,0,236,True
analysis_last/data/merged_results_with_genebe_gene.tsv,clingen_28012026,CharGer_Local,PP1,0,1327,0,1327,True
analysis_last/data/merged_results_with_genebe_gene.tsv,clingen_28012026,CharGer_Local,PP2,0,655,0,655,True
analysis_last/data/merged_results_with_genebe_gene.tsv,clingen_28012026,CharGer_Local,PP3,901,4237,901,4298,False
analysis_last/data/merged_results_with_genebe_gene.tsv,clingen_28012026,CharGer_Local,PP4,0,3759,0,3759,True
analysis_last/data/merged_results_with_genebe_gene.tsv,clingen_28012026,CharGer_Local,PP5,0,0,0,0,True
analysis_last/data/merged_results_with_genebe_gene.tsv,clingen_28012026,CharGer_Local,BA1,167,1005,167,1005,True
analysis_last/data/merged_results_with_genebe_gene.tsv,clingen_28012026,CharGer_Local,BS1,0,668,0,668,True
analysis_last/data/merged_results_with_genebe_gene.tsv,clingen_28012026,CharGer_Local,BS2,0,701,0,701,True
analysis_last/data/merged_results_with_genebe_gene.tsv,clingen_28012026,CharGer_Local,BS3,0,277,0,277,True
analysis_last/data/merged_results_with_genebe_gene.tsv,clingen_28012026,CharGer_Local,BS4,0,30,0,30,True
analysis_last/data/merged_results_with_genebe_gene.tsv,clingen_28012026,CharGer_Local,BP1,0,51,0,51,True
analysis_last/data/merged_results_with_genebe_gene.tsv,clingen_28012026,CharGer_Local,BP2,0,211,0,211,True
analysis_last/data/merged_results_with_genebe_gene.tsv,clingen_28012026,CharGer_Local,BP3,0,20,0,20,True
analysis_last/data/merged_results_with_genebe_gene.tsv,clingen_28012026,CharGer_Local,BP4,613,3014,613,3069,False
analysis_last/data/merged_results_with_genebe_gene.tsv,clingen_28012026,CharGer_Local,BP5,0,228,0,228,True
analysis_last/data/merged_results_with_genebe_gene.tsv,clingen_28012026,CharGer_Local,BP6,0,0,0,0,True
analysis_last/data/merged_results_with_genebe_gene.tsv,clingen_28012026,CharGer_Local,BP7,0,936,0,936,True
analysis_last/data/merged_results_with_genebe_gene.tsv,clingen_28012026,CharGer_Online,PVS1,0,2475,0,2475,True
analysis_last/data/merged_results_with_genebe_gene.tsv,clingen_28012026,CharGer_Online,PS1,28,1182,28,1184,False
analysis_last/data/merged_results_with_genebe_gene.tsv,clingen_28012026,CharGer_Online,PS2,0,341,0,341,True
analysis_last/data/merged_results_with_genebe_gene.tsv,clingen_28012026,CharGer_Online,PS3,0,1372,0,1372,True
analysis_last/data/merged_results_with_genebe_gene.tsv,clingen_28012026,CharGer_Online,PS4,0,2074,0,2074,True
analysis_last/data/merged_results_with_genebe_gene.tsv,clingen_28012026,CharGer_Online,PM1,0,1308,0,1308,True
analysis_last/data/merged_results_with_genebe_gene.tsv,clingen_28012026,CharGer_Online,PM2,6466,10976,6466,11224,False
analysis_last/data/merged_results_with_genebe_gene.tsv,clingen_28012026,CharGer_Online,PM3,0,2206,0,2206,True
analysis_last/data/merged_results_with_genebe_gene.tsv,clingen_28012026,CharGer_Online,PM4,0,204,0,204,True
analysis_last/data/merged_results_with_genebe_gene.tsv,clingen_28012026,CharGer_Online,PM5,0,1203,0,1203,True
analysis_last/data/merged_results_with_genebe_gene.tsv,clingen_28012026,CharGer_Online,PM6,0,236,0,236,True
analysis_last/data/merged_results_with_genebe_gene.tsv,clingen_28012026,CharGer_Online,PP1,0,1327,0,1327,True
analysis_last/data/merged_results_with_genebe_gene.tsv,clingen_28012026,CharGer_Online,PP2,0,655,0,655,True
analysis_last/data/merged_results_with_genebe_gene.tsv,clingen_28012026,CharGer_Online,PP3,32,3592,32,3592,True
analysis_last/data/merged_results_with_genebe_gene.tsv,clingen_28012026,CharGer_Online,PP4,0,3759,0,3759,True
analysis_last/data/merged_results_with_genebe_gene.tsv,clingen_28012026,CharGer_Online,PP5,0,0,0,0,True
analysis_last/data/merged_results_with_genebe_gene.tsv,clingen_28012026,CharGer_Online,BA1,0,1005,0,1005,True
analysis_last/data/merged_results_with_genebe_gene.tsv,clingen_28012026,CharGer_Online,BS1,0,668,0,668,True
analysis_last/data/merged_results_with_genebe_gene.tsv,clingen_28012026,CharGer_Online,BS2,0,701,0,701,True
analysis_last/data/merged_results_with_genebe_gene.tsv,clingen_28012026,CharGer_Online,BS3,0,277,0,277,True
analysis_last/data/merged_results_with_genebe_gene.tsv,clingen_28012026,CharGer_Online,BS4,0,30,0,30,True
analysis_last/data/merged_results_with_genebe_gene.tsv,clingen_28012026,CharGer_Online,BP1,0,51,0,51,True
analysis_last/data/merged_results_with_genebe_gene.tsv,clingen_28012026,CharGer_Online,BP2,0,211,0,211,True
analysis_last/data/merged_results_with_genebe_gene.tsv,clingen_28012026,CharGer_Online,BP3,0,20,0,20,True
analysis_last/data/merged_results_with_genebe_gene.tsv,clingen_28012026,CharGer_Online,BP4,45,2291,45,2293,False
analysis_last/data/merged_results_with_genebe_gene.tsv,clingen_28012026,CharGer_Online,BP5,0,228,0,228,True
analysis_last/data/merged_results_with_genebe_gene.tsv,clingen_28012026,CharGer_Online,BP6,0,0,0,0,True
analysis_last/data/merged_results_with_genebe_gene.tsv,clingen_28012026,CharGer_Online,BP7,0,936,0,936,True
analysis_last/data/merged_results_with_genebe_gene.tsv,clingen_28012026,DiabloACMG,PVS1,1133,2519,1133,2523,False
analysis_last/data/merged_results_with_genebe_gene.tsv,clingen_28012026,DiabloACMG,PS1,32,1511,32,1515,False
analysis_last/data/merged_results_with_genebe_gene.tsv,clingen_28012026,DiabloACMG,PS2,0,341,0,341,True
analysis_last/data/merged_results_with_genebe_gene.tsv,clingen_28012026,DiabloACMG,PS3,654,2779,654,2779,True
analysis_last/data/merged_results_with_genebe_gene.tsv,clingen_28012026,DiabloACMG,PS4,0,2074,0,2074,True
analysis_last/data/merged_results_with_genebe_gene.tsv,clingen_28012026,DiabloACMG,PM1,519,2971,519,3032,False
analysis_last/data/merged_results_with_genebe_gene.tsv,clingen_28012026,DiabloACMG,PM2,6459,10428,6459,10672,False
analysis_last/data/merged_results_with_genebe_gene.tsv,clingen_28012026,DiabloACMG,PM3,0,2206,0,2206,True
analysis_last/data/merged_results_with_genebe_gene.tsv,clingen_28012026,DiabloACMG,PM4,14,209,14,209,True
analysis_last/data/merged_results_with_genebe_gene.tsv,clingen_28012026,DiabloACMG,PM5,196,1480,196,1480,True
analysis_last/data/merged_results_with_genebe_gene.tsv,clingen_28012026,DiabloACMG,PM6,0,236,0,236,True
analysis_last/data/merged_results_with_genebe_gene.tsv,clingen_28012026,DiabloACMG,PP1,0,1327,0,1327,True
analysis_last/data/merged_results_with_genebe_gene.tsv,clingen_28012026,DiabloACMG,PP2,52,1595,52,1616,False
analysis_last/data/merged_results_with_genebe_gene.tsv,clingen_28012026,DiabloACMG,PP3,3263,5971,3263,6113,False
analysis_last/data/merged_results_with_genebe_gene.tsv,clingen_28012026,DiabloACMG,PP4,0,3759,0,3759,True
analysis_last/data/merged_results_with_genebe_gene.tsv,clingen_28012026,DiabloACMG,PP5,0,4074,0,4076,False
analysis_last/data/merged_results_with_genebe_gene.tsv,clingen_28012026,DiabloACMG,BA1,166,1005,166,1005,True
analysis_last/data/merged_results_with_genebe_gene.tsv,clingen_28012026,DiabloACMG,BS1,0,834,0,834,True
analysis_last/data/merged_results_with_genebe_gene.tsv,clingen_28012026,DiabloACMG,BS2,51,985,51,993,False
analysis_last/data/merged_results_with_genebe_gene.tsv,clingen_28012026,DiabloACMG,BS3,174,2316,174,2317,False
analysis_last/data/merged_results_with_genebe_gene.tsv,clingen_28012026,DiabloACMG,BS4,0,30,0,30,True
analysis_last/data/merged_results_with_genebe_gene.tsv,clingen_28012026,DiabloACMG,BP1,49,2752,49,2841,False
analysis_last/data/merged_results_with_genebe_gene.tsv,clingen_28012026,DiabloACMG,BP2,0,211,0,211,True
analysis_last/data/merged_results_with_genebe_gene.tsv,clingen_28012026,DiabloACMG,BP3,0,20,0,20,True
analysis_last/data/merged_results_with_genebe_gene.tsv,clingen_28012026,DiabloACMG,BP4,1180,3016,1180,3052,False
analysis_last/data/merged_results_with_genebe_gene.tsv,clingen_28012026,DiabloACMG,BP5,0,228,0,228,True
analysis_last/data/merged_results_with_genebe_gene.tsv,clingen_28012026,DiabloACMG,BP6,0,2288,0,2289,False
analysis_last/data/merged_results_with_genebe_gene.tsv,clingen_28012026,DiabloACMG,BP7,628,1258,628,1264,False
analysis_last/data/merged_results_with_genebe_gene.tsv,clingen_28012026,Exomiser,PVS1,17,2486,17,2486,True
analysis_last/data/merged_results_with_genebe_gene.tsv,clingen_28012026,Exomiser,PS1,0,139,0,139,True
analysis_last/data/merged_results_with_genebe_gene.tsv,clingen_28012026,Exomiser,PS2,0,341,0,341,True
analysis_last/data/merged_results_with_genebe_gene.tsv,clingen_28012026,Exomiser,PS3,0,1372,0,1372,True
analysis_last/data/merged_results_with_genebe_gene.tsv,clingen_28012026,Exomiser,PS4,0,2074,0,2074,True
analysis_last/data/merged_results_with_genebe_gene.tsv,clingen_28012026,Exomiser,PM1,4,1323,4,1323,True
analysis_last/data/merged_results_with_genebe_gene.tsv,clingen_28012026,Exomiser,PM2,70,7893,70,7893,True
analysis_last/data/merged_results_with_genebe_gene.tsv,clingen_28012026,Exomiser,PM3,0,2206,0,2206,True
analysis_last/data/merged_results_with_genebe_gene.tsv,clingen_28012026,Exomiser,PM4,4,204,4,204,True
analysis_last/data/merged_results_with_genebe_gene.tsv,clingen_28012026,Exomiser,PM5,4,1218,4,1218,True
analysis_last/data/merged_results_with_genebe_gene.tsv,clingen_28012026,Exomiser,PM6,0,236,0,236,True
analysis_last/data/merged_results_with_genebe_gene.tsv,clingen_28012026,Exomiser,PP1,0,1327,0,1327,True
analysis_last/data/merged_results_with_genebe_gene.tsv,clingen_28012026,Exomiser,PP2,0,655,0,655,True
analysis_last/data/merged_results_with_genebe_gene.tsv,clingen_28012026,Exomiser,PP3,36,3566,36,3566,True
analysis_last/data/merged_results_with_genebe_gene.tsv,clingen_28012026,Exomiser,PP4,0,3759,0,3759,True
analysis_last/data/merged_results_with_genebe_gene.tsv,clingen_28012026,Exomiser,PP5,0,84,0,84,True
analysis_last/data/merged_results_with_genebe_gene.tsv,clingen_28012026,Exomiser,BA1,0,1005,0,1005,True
analysis_last/data/merged_results_with_genebe_gene.tsv,clingen_28012026,Exomiser,BS1,0,668,0,668,True
analysis_last/data/merged_results_with_genebe_gene.tsv,clingen_28012026,Exomiser,BS2,0,701,0,701,True
analysis_last/data/merged_results_with_genebe_gene.tsv,clingen_28012026,Exomiser,BS3,0,277,0,277,True
analysis_last/data/merged_results_with_genebe_gene.tsv,clingen_28012026,Exomiser,BS4,0,30,0,30,True
analysis_last/data/merged_results_with_genebe_gene.tsv,clingen_28012026,Exomiser,BP1,0,51,0,51,True
analysis_last/data/merged_results_with_genebe_gene.tsv,clingen_28012026,Exomiser,BP2,0,211,0,211,True
analysis_last/data/merged_results_with_genebe_gene.tsv,clingen_28012026,Exomiser,BP3,0,20,0,20,True
analysis_last/data/merged_results_with_genebe_gene.tsv,clingen_28012026,Exomiser,BP4,1,2155,1,2155,True
analysis_last/data/merged_results_with_genebe_gene.tsv,clingen_28012026,Exomiser,BP5,0,228,0,228,True
analysis_last/data/merged_results_with_genebe_gene.tsv,clingen_28012026,Exomiser,BP6,0,1,0,1,True
analysis_last/data/merged_results_with_genebe_gene.tsv,clingen_28012026,Exomiser,BP7,0,936,0,936,True
analysis_last/data/merged_results_with_genebe_gene.tsv,clingen_28012026,Genebe,PVS1,2319,2769,2319,2778,False
analysis_last/data/merged_results_with_genebe_gene.tsv,clingen_28012026,Genebe,PS1,97,158,97,158,True
analysis_last/data/merged_results_with_genebe_gene.tsv,clingen_28012026,Genebe,PS2,268,342,268,342,True
analysis_last/data/merged_results_with_genebe_gene.tsv,clingen_28012026,Genebe,PS3,1248,1498,1248,1500,False
analysis_last/data/merged_results_with_genebe_gene.tsv,clingen_28012026,Genebe,PS4,1592,2080,1592,2080,True
analysis_last/data/merged_results_with_genebe_gene.tsv,clingen_28012026,Genebe,PM1,1234,1814,1234,1817,False
analysis_last/data/merged_results_with_genebe_gene.tsv,clingen_28012026,Genebe,PM2,7622,8075,7622,8092,False
analysis_last/data/merged_results_with_genebe_gene.tsv,clingen_28012026,Genebe,PM3,1433,2210,1433,2210,True
analysis_last/data/merged_results_with_genebe_gene.tsv,clingen_28012026,Genebe,PM4,46,291,46,291,True
analysis_last/data/merged_results_with_genebe_gene.tsv,clingen_28012026,Genebe,PM5,967,1444,967,1446,False
analysis_last/data/merged_results_with_genebe_gene.tsv,clingen_28012026,Genebe,PM6,188,239,188,239,True
analysis_last/data/merged_results_with_genebe_gene.tsv,clingen_28012026,Genebe,PP1,975,1330,975,1330,True
analysis_last/data/merged_results_with_genebe_gene.tsv,clingen_28012026,Genebe,PP2,639,1014,639,1014,True
analysis_last/data/merged_results_with_genebe_gene.tsv,clingen_28012026,Genebe,PP3,3481,3765,3481,3770,False
analysis_last/data/merged_results_with_genebe_gene.tsv,clingen_28012026,Genebe,PP4,2572,3763,2572,3763,True
analysis_last/data/merged_results_with_genebe_gene.tsv,clingen_28012026,Genebe,PP5,0,778,0,779,False
analysis_last/data/merged_results_with_genebe_gene.tsv,clingen_28012026,Genebe,BA1,864,1007,864,1007,True
analysis_last/data/merged_results_with_genebe_gene.tsv,clingen_28012026,Genebe,BS1,553,724,553,726,False
analysis_last/data/merged_results_with_genebe_gene.tsv,clingen_28012026,Genebe,BS2,649,849,649,858,False
analysis_last/data/merged_results_with_genebe_gene.tsv,clingen_28012026,Genebe,BS3,243,280,243,281,False
analysis_last/data/merged_results_with_genebe_gene.tsv,clingen_28012026,Genebe,BS4,28,30,28,31,False
analysis_last/data/merged_results_with_genebe_gene.tsv,clingen_28012026,Genebe,BP1,48,51,48,51,True
analysis_last/data/merged_results_with_genebe_gene.tsv,clingen_28012026,Genebe,BP2,187,211,187,211,True
analysis_last/data/merged_results_with_genebe_gene.tsv,clingen_28012026,Genebe,BP3,0,25,0,25,True
analysis_last/data/merged_results_with_genebe_gene.tsv,clingen_28012026,Genebe,BP4,2053,2356,2053,2370,False
analysis_last/data/merged_results_with_genebe_gene.tsv,clingen_28012026,Genebe,BP5,190,228,190,228,True
analysis_last/data/merged_results_with_genebe_gene.tsv,clingen_28012026,Genebe,BP6,0,249,0,249,True
analysis_last/data/merged_results_with_genebe_gene.tsv,clingen_28012026,Genebe,BP7,849,958,849,958,True
analysis_last/data/merged_results_with_genebe_gene.tsv,clingen_28012026,TAPES,PVS1,1362,2635,1362,2641,False
analysis_last/data/merged_results_with_genebe_gene.tsv,clingen_28012026,TAPES,PS1,1,141,1,141,True
analysis_last/data/merged_results_with_genebe_gene.tsv,clingen_28012026,TAPES,PS2,0,341,0,341,True
analysis_last/data/merged_results_with_genebe_gene.tsv,clingen_28012026,TAPES,PS3,45,1429,45,1429,True
analysis_last/data/merged_results_with_genebe_gene.tsv,clingen_28012026,TAPES,PS4,0,2075,0,2075,True
analysis_last/data/merged_results_with_genebe_gene.tsv,clingen_28012026,TAPES,PM1,1121,5055,1121,5181,False
analysis_last/data/merged_results_with_genebe_gene.tsv,clingen_28012026,TAPES,PM2,7684,9910,7684,10126,False
analysis_last/data/merged_results_with_genebe_gene.tsv,clingen_28012026,TAPES,PM3,0,2206,0,2206,True
analysis_last/data/merged_results_with_genebe_gene.tsv,clingen_28012026,TAPES,PM4,17,272,17,272,True
analysis_last/data/merged_results_with_genebe_gene.tsv,clingen_28012026,TAPES,PM5,0,1207,0,1207,True
analysis_last/data/merged_results_with_genebe_gene.tsv,clingen_28012026,TAPES,PM6,0,236,0,236,True
analysis_last/data/merged_results_with_genebe_gene.tsv,clingen_28012026,TAPES,PP1,0,1327,0,1327,True
analysis_last/data/merged_results_with_genebe_gene.tsv,clingen_28012026,TAPES,PP2,0,655,0,655,True
analysis_last/data/merged_results_with_genebe_gene.tsv,clingen_28012026,TAPES,PP3,3285,5939,3285,6085,False
analysis_last/data/merged_results_with_genebe_gene.tsv,clingen_28012026,TAPES,PP4,0,3759,0,3759,True
analysis_last/data/merged_results_with_genebe_gene.tsv,clingen_28012026,TAPES,PP5,0,2514,0,2538,False
analysis_last/data/merged_results_with_genebe_gene.tsv,clingen_28012026,TAPES,BA1,171,1006,171,1006,True
analysis_last/data/merged_results_with_genebe_gene.tsv,clingen_28012026,TAPES,BS1,108,1293,108,1296,False
analysis_last/data/merged_results_with_genebe_gene.tsv,clingen_28012026,TAPES,BS2,1,707,1,707,True
analysis_last/data/merged_results_with_genebe_gene.tsv,clingen_28012026,TAPES,BS3,4,485,4,485,True
analysis_last/data/merged_results_with_genebe_gene.tsv,clingen_28012026,TAPES,BS4,0,30,0,30,True
analysis_last/data/merged_results_with_genebe_gene.tsv,clingen_28012026,TAPES,BP1,0,51,0,51,True
analysis_last/data/merged_results_with_genebe_gene.tsv,clingen_28012026,TAPES,BP2,0,211,0,211,True
analysis_last/data/merged_results_with_genebe_gene.tsv,clingen_28012026,TAPES,BP3,0,59,0,59,True
analysis_last/data/merged_results_with_genebe_gene.tsv,clingen_28012026,TAPES,BP4,507,2626,507,2651,False
analysis_last/data/merged_results_with_genebe_gene.tsv,clingen_28012026,TAPES,BP5,0,228,0,228,True
analysis_last/data/merged_results_with_genebe_gene.tsv,clingen_28012026,TAPES,BP6,0,400,0,404,False
analysis_last/data/merged_results_with_genebe_gene.tsv,clingen_28012026,TAPES,BP7,0,936,0,936,True
analysis_last/data/merged_results_with_genebe_gene.tsv,clingen_28012026,Franklin,PVS1,1828,2664,1828,2672,False
analysis_last/data/merged_results_with_genebe_gene.tsv,clingen_28012026,Franklin,PS1,75,311,75,311,True
analysis_last/data/merged_results_with_genebe_gene.tsv,clingen_28012026,Franklin,PS2,250,374,250,374,True
analysis_last/data/merged_results_with_genebe_gene.tsv,clingen_28012026,Franklin,PS3,1023,1500,1023,1501,False
analysis_last/data/merged_results_with_genebe_gene.tsv,clingen_28012026,Franklin,PS4,1442,2314,1442,2314,True
analysis_last/data/merged_results_with_genebe_gene.tsv,clingen_28012026,Franklin,PM1,1084,3595,1084,3617,False
analysis_last/data/merged_results_with_genebe_gene.tsv,clingen_28012026,Franklin,PM2,6733,9437,6733,9636,False
analysis_last/data/merged_results_with_genebe_gene.tsv,clingen_28012026,Franklin,PM3,1417,2361,1417,2361,True
analysis_last/data/merged_results_with_genebe_gene.tsv,clingen_28012026,Franklin,PM4,37,266,37,266,True
analysis_last/data/merged_results_with_genebe_gene.tsv,clingen_28012026,Franklin,PM5,963,2767,963,2779,False
analysis_last/data/merged_results_with_genebe_gene.tsv,clingen_28012026,Franklin,PM6,157,246,157,246,True
analysis_last/data/merged_results_with_genebe_gene.tsv,clingen_28012026,Franklin,PP1,840,1388,840,1388,True
analysis_last/data/merged_results_with_genebe_gene.tsv,clingen_28012026,Franklin,PP2,601,3898,601,3986,False
analysis_last/data/merged_results_with_genebe_gene.tsv,clingen_28012026,Franklin,PP3,3441,4366,3441,4437,False
analysis_last/data/merged_results_with_genebe_gene.tsv,clingen_28012026,Franklin,PP4,2008,3762,2008,3762,True
analysis_last/data/merged_results_with_genebe_gene.tsv,clingen_28012026,Franklin,PP5,0,4050,0,4052,False
analysis_last/data/merged_results_with_genebe_gene.tsv,clingen_28012026,Franklin,BA1,180,1037,180,1037,True
analysis_last/data/merged_results_with_genebe_gene.tsv,clingen_28012026,Franklin,BS1,113,830,113,831,False
analysis_last/data/merged_results_with_genebe_gene.tsv,clingen_28012026,Franklin,BS2,454,1006,454,1016,False
analysis_last/data/merged_results_with_genebe_gene.tsv,clingen_28012026,Franklin,BS3,212,305,212,307,False
analysis_last/data/merged_results_with_genebe_gene.tsv,clingen_28012026,Franklin,BS4,17,31,17,32,False
analysis_last/data/merged_results_with_genebe_gene.tsv,clingen_28012026,Franklin,BP1,0,51,0,51,True
analysis_last/data/merged_results_with_genebe_gene.tsv,clingen_28012026,Franklin,BP2,77,211,77,211,True
analysis_last/data/merged_results_with_genebe_gene.tsv,clingen_28012026,Franklin,BP3,0,25,0,25,True
analysis_last/data/merged_results_with_genebe_gene.tsv,clingen_28012026,Franklin,BP4,505,2319,505,2329,False
analysis_last/data/merged_results_with_genebe_gene.tsv,clingen_28012026,Franklin,BP5,115,228,115,228,True
analysis_last/data/merged_results_with_genebe_gene.tsv,clingen_28012026,Franklin,BP6,0,1214,0,1215,False
analysis_last/data/merged_results_with_genebe_gene.tsv,clingen_28012026,Franklin,BP7,58,936,58,936,True
analysis_last/data/merged_results_with_genebe_gene.tsv,clingen_28012026,AutoGVP,PVS1,1131,2516,1131,2520,False
analysis_last/data/merged_results_with_genebe_gene.tsv,clingen_28012026,AutoGVP,PS1,7,153,7,153,True
analysis_last/data/merged_results_with_genebe_gene.tsv,clingen_28012026,AutoGVP,PS2,0,341,0,341,True
analysis_last/data/merged_results_with_genebe_gene.tsv,clingen_28012026,AutoGVP,PS3,0,1372,0,1372,True
analysis_last/data/merged_results_with_genebe_gene.tsv,clingen_28012026,AutoGVP,PS4,0,2075,0,2075,True
analysis_last/data/merged_results_with_genebe_gene.tsv,clingen_28012026,AutoGVP,PM1,1034,5557,1034,5732,False
analysis_last/data/merged_results_with_genebe_gene.tsv,clingen_28012026,AutoGVP,PM2,6358,9884,6358,10094,False
analysis_last/data/merged_results_with_genebe_gene.tsv,clingen_28012026,AutoGVP,PM3,0,2206,0,2206,True
analysis_last/data/merged_results_with_genebe_gene.tsv,clingen_28012026,AutoGVP,PM4,14,209,14,209,True
analysis_last/data/merged_results_with_genebe_gene.tsv,clingen_28012026,AutoGVP,PM5,142,1377,142,1377,True
analysis_last/data/merged_results_with_genebe_gene.tsv,clingen_28012026,AutoGVP,PM6,0,236,0,236,True
analysis_last/data/merged_results_with_genebe_gene.tsv,clingen_28012026,AutoGVP,PP1,0,1327,0,1327,True
analysis_last/data/merged_results_with_genebe_gene.tsv,clingen_28012026,AutoGVP,PP2,52,1595,52,1616,False
analysis_last/data/merged_results_with_genebe_gene.tsv,clingen_28012026,AutoGVP,PP3,3328,5985,3328,6113,False
analysis_last/data/merged_results_with_genebe_gene.tsv,clingen_28012026,AutoGVP,PP4,0,3759,0,3759,True
analysis_last/data/merged_results_with_genebe_gene.tsv,clingen_28012026,AutoGVP,PP5,0,2455,0,2461,False
analysis_last/data/merged_results_with_genebe_gene.tsv,clingen_28012026,AutoGVP,BA1,180,1005,180,1005,True
analysis_last/data/merged_results_with_genebe_gene.tsv,clingen_28012026,AutoGVP,BS1,41,1155,41,1155,True
analysis_last/data/merged_results_with_genebe_gene.tsv,clingen_28012026,AutoGVP,BS2,0,701,0,701,True
analysis_last/data/merged_results_with_genebe_gene.tsv,clingen_28012026,AutoGVP,BS3,0,277,0,277,True
analysis_last/data/merged_results_with_genebe_gene.tsv,clingen_28012026,AutoGVP,BS4,0,30,0,30,True
analysis_last/data/merged_results_with_genebe_gene.tsv,clingen_28012026,AutoGVP,BP1,49,2760,49,2849,False
analysis_last/data/merged_results_with_genebe_gene.tsv,clingen_28012026,AutoGVP,BP2,0,211,0,211,True
analysis_last/data/merged_results_with_genebe_gene.tsv,clingen_28012026,AutoGVP,BP3,0,20,0,20,True
analysis_last/data/merged_results_with_genebe_gene.tsv,clingen_28012026,AutoGVP,BP4,920,2638,920,2661,False
analysis_last/data/merged_results_with_genebe_gene.tsv,clingen_28012026,AutoGVP,BP5,0,228,0,228,True
analysis_last/data/merged_results_with_genebe_gene.tsv,clingen_28012026,AutoGVP,BP6,0,1181,0,1189,False
analysis_last/data/merged_results_with_genebe_gene.tsv,clingen_28012026,AutoGVP,BP7,629,1277,629,1285,False
analysis_last/data/merged_results_with_genebe_gene.tsv,clingen_28012026,VIP-HL,PVS1,23,2478,23,2478,True
analysis_last/data/merged_results_with_genebe_gene.tsv,clingen_28012026,VIP-HL,PS1,0,138,0,138,True
analysis_last/data/merged_results_with_genebe_gene.tsv,clingen_28012026,VIP-HL,PS2,0,341,0,341,True
analysis_last/data/merged_results_with_genebe_gene.tsv,clingen_28012026,VIP-HL,PS3,0,1372,0,1372,True
analysis_last/data/merged_results_with_genebe_gene.tsv,clingen_28012026,VIP-HL,PS4,0,2074,0,2074,True
analysis_last/data/merged_results_with_genebe_gene.tsv,clingen_28012026,VIP-HL,PM1,2,1315,2,1315,True
analysis_last/data/merged_results_with_genebe_gene.tsv,clingen_28012026,VIP-HL,PM2,79,7932,79,7936,False
analysis_last/data/merged_results_with_genebe_gene.tsv,clingen_28012026,VIP-HL,PM3,0,2206,0,2206,True
analysis_last/data/merged_results_with_genebe_gene.tsv,clingen_28012026,VIP-HL,PM4,0,204,0,204,True
analysis_last/data/merged_results_with_genebe_gene.tsv,clingen_28012026,VIP-HL,PM5,13,1212,13,1212,True
analysis_last/data/merged_results_with_genebe_gene.tsv,clingen_28012026,VIP-HL,PM6,0,236,0,236,True
analysis_last/data/merged_results_with_genebe_gene.tsv,clingen_28012026,VIP-HL,PP1,0,1327,0,1327,True
analysis_last/data/merged_results_with_genebe_gene.tsv,clingen_28012026,VIP-HL,PP2,0,655,0,655,True
analysis_last/data/merged_results_with_genebe_gene.tsv,clingen_28012026,VIP-HL,PP3,73,3564,73,3564,True
analysis_last/data/merged_results_with_genebe_gene.tsv,clingen_28012026,VIP-HL,PP4,0,3759,0,3759,True
analysis_last/data/merged_results_with_genebe_gene.tsv,clingen_28012026,VIP-HL,PP5,0,0,0,0,True
analysis_last/data/merged_results_with_genebe_gene.tsv,clingen_28012026,VIP-HL,BA1,26,1006,26,1006,True
analysis_last/data/merged_results_with_genebe_gene.tsv,clingen_28012026,VIP-HL,BS1,39,670,39,670,True
analysis_last/data/merged_results_with_genebe_gene.tsv,clingen_28012026,VIP-HL,BS2,0,714,0,714,True
analysis_last/data/merged_results_with_genebe_gene.tsv,clingen_28012026,VIP-HL,BS3,0,277,0,277,True
analysis_last/data/merged_results_with_genebe_gene.tsv,clingen_28012026,VIP-HL,BS4,0,30,0,30,True
analysis_last/data/merged_results_with_genebe_gene.tsv,clingen_28012026,VIP-HL,BP1,0,51,0,51,True
analysis_last/data/merged_results_with_genebe_gene.tsv,clingen_28012026,VIP-HL,BP2,0,211,0,211,True
analysis_last/data/merged_results_with_genebe_gene.tsv,clingen_28012026,VIP-HL,BP3,0,20,0,20,True
analysis_last/data/merged_results_with_genebe_gene.tsv,clingen_28012026,VIP-HL,BP4,18,2162,18,2162,True
analysis_last/data/merged_results_with_genebe_gene.tsv,clingen_28012026,VIP-HL,BP5,0,228,0,228,True
analysis_last/data/merged_results_with_genebe_gene.tsv,clingen_28012026,VIP-HL,BP6,0,0,0,0,True
analysis_last/data/merged_results_with_genebe_gene.tsv,clingen_28012026,VIP-HL,BP7,4,937,4,937,True
analysis_last/data/merged_results_with_genebe_gene.tsv,clingen_28012026,CancerSIGVAR,PVS1,252,2495,252,2495,True
analysis_last/data/merged_results_with_genebe_gene.tsv,clingen_28012026,CancerSIGVAR,PS1,4,145,4,145,True
analysis_last/data/merged_results_with_genebe_gene.tsv,clingen_28012026,CancerSIGVAR,PS2,0,341,0,341,True
analysis_last/data/merged_results_with_genebe_gene.tsv,clingen_28012026,CancerSIGVAR,PS3,0,1372,0,1372,True
analysis_last/data/merged_results_with_genebe_gene.tsv,clingen_28012026,CancerSIGVAR,PS4,0,2074,0,2074,True
analysis_last/data/merged_results_with_genebe_gene.tsv,clingen_28012026,CancerSIGVAR,PM1,0,1308,0,1308,True
analysis_last/data/merged_results_with_genebe_gene.tsv,clingen_28012026,CancerSIGVAR,PM2,652,8030,652,8035,False
analysis_last/data/merged_results_with_genebe_gene.tsv,clingen_28012026,CancerSIGVAR,PM3,0,2206,0,2206,True
analysis_last/data/merged_results_with_genebe_gene.tsv,clingen_28012026,CancerSIGVAR,PM4,3,215,3,215,True
analysis_last/data/merged_results_with_genebe_gene.tsv,clingen_28012026,CancerSIGVAR,PM5,22,1248,22,1248,True
analysis_last/data/merged_results_with_genebe_gene.tsv,clingen_28012026,CancerSIGVAR,PM6,0,236,0,236,True
analysis_last/data/merged_results_with_genebe_gene.tsv,clingen_28012026,CancerSIGVAR,PP1,0,1327,0,1327,True
analysis_last/data/merged_results_with_genebe_gene.tsv,clingen_28012026,CancerSIGVAR,PP2,0,655,0,655,True
analysis_last/data/merged_results_with_genebe_gene.tsv,clingen_28012026,CancerSIGVAR,PP3,152,3707,152,3707,True
analysis_last/data/merged_results_with_genebe_gene.tsv,clingen_28012026,CancerSIGVAR,PP4,0,3759,0,3759,True
analysis_last/data/merged_results_with_genebe_gene.tsv,clingen_28012026,CancerSIGVAR,PP5,0,166,0,166,True
analysis_last/data/merged_results_with_genebe_gene.tsv,clingen_28012026,CancerSIGVAR,BA1,13,1005,13,1005,True
analysis_last/data/merged_results_with_genebe_gene.tsv,clingen_28012026,CancerSIGVAR,BS1,3,697,3,697,True
analysis_last/data/merged_results_with_genebe_gene.tsv,clingen_28012026,CancerSIGVAR,BS2,0,701,0,701,True
analysis_last/data/merged_results_with_genebe_gene.tsv,clingen_28012026,CancerSIGVAR,BS3,0,277,0,277,True
analysis_last/data/merged_results_with_genebe_gene.tsv,clingen_28012026,CancerSIGVAR,BS4,0,30,0,30,True
analysis_last/data/merged_results_with_genebe_gene.tsv,clingen_28012026,CancerSIGVAR,BP1,0,51,0,51,True
analysis_last/data/merged_results_with_genebe_gene.tsv,clingen_28012026,CancerSIGVAR,BP2,22,233,22,233,True
analysis_last/data/merged_results_with_genebe_gene.tsv,clingen_28012026,CancerSIGVAR,BP3,0,20,0,20,True
analysis_last/data/merged_results_with_genebe_gene.tsv,clingen_28012026,CancerSIGVAR,BP4,55,2201,55,2201,True
analysis_last/data/merged_results_with_genebe_gene.tsv,clingen_28012026,CancerSIGVAR,BP5,0,228,0,228,True
analysis_last/data/merged_results_with_genebe_gene.tsv,clingen_28012026,CancerSIGVAR,BP6,0,96,0,96,True
analysis_last/data/merged_results_with_genebe_gene.tsv,clingen_28012026,CancerSIGVAR,BP7,33,948,33,948,True
analysis_last/data/merged_results_with_genebe_gene.tsv,clingen_28012026,CPSR,PVS1,660,2604,660,2608,False
analysis_last/data/merged_results_with_genebe_gene.tsv,clingen_28012026,CPSR,PS1,2,138,2,138,True
analysis_last/data/merged_results_with_genebe_gene.tsv,clingen_28012026,CPSR,PS2,0,341,0,341,True
analysis_last/data/merged_results_with_genebe_gene.tsv,clingen_28012026,CPSR,PS3,0,1372,0,1372,True
analysis_last/data/merged_results_with_genebe_gene.tsv,clingen_28012026,CPSR,PS4,0,2074,0,2074,True
analysis_last/data/merged_results_with_genebe_gene.tsv,clingen_28012026,CPSR,PM1,83,1383,83,1383,True
analysis_last/data/merged_results_with_genebe_gene.tsv,clingen_28012026,CPSR,PM2,2313,8536,2313,8635,False
analysis_last/data/merged_results_with_genebe_gene.tsv,clingen_28012026,CPSR,PM3,0,2206,0,2206,True
analysis_last/data/merged_results_with_genebe_gene.tsv,clingen_28012026,CPSR,PM4,5,226,5,226,True
analysis_last/data/merged_results_with_genebe_gene.tsv,clingen_28012026,CPSR,PM5,40,1261,40,1261,True
analysis_last/data/merged_results_with_genebe_gene.tsv,clingen_28012026,CPSR,PM6,73,528,73,528,True
analysis_last/data/merged_results_with_genebe_gene.tsv,clingen_28012026,CPSR,PP1,0,1327,0,1327,True
analysis_last/data/merged_results_with_genebe_gene.tsv,clingen_28012026,CPSR,PP2,71,718,71,720,False
analysis_last/data/merged_results_with_genebe_gene.tsv,clingen_28012026,CPSR,PP3,503,3914,503,3933,False
analysis_last/data/merged_results_with_genebe_gene.tsv,clingen_28012026,CPSR,PP4,0,3759,0,3759,True
analysis_last/data/merged_results_with_genebe_gene.tsv,clingen_28012026,CPSR,PP5,0,0,0,0,True
analysis_last/data/merged_results_with_genebe_gene.tsv,clingen_28012026,CPSR,BA1,116,1008,116,1008,True
analysis_last/data/merged_results_with_genebe_gene.tsv,clingen_28012026,CPSR,BS1,137,949,137,964,False
analysis_last/data/merged_results_with_genebe_gene.tsv,clingen_28012026,CPSR,BS2,0,701,0,701,True
analysis_last/data/merged_results_with_genebe_gene.tsv,clingen_28012026,CPSR,BS3,0,277,0,277,True
analysis_last/data/merged_results_with_genebe_gene.tsv,clingen_28012026,CPSR,BS4,0,30,0,30,True
analysis_last/data/merged_results_with_genebe_gene.tsv,clingen_28012026,CPSR,BP1,49,427,49,432,False
analysis_last/data/merged_results_with_genebe_gene.tsv,clingen_28012026,CPSR,BP2,0,211,0,211,True
analysis_last/data/merged_results_with_genebe_gene.tsv,clingen_28012026,CPSR,BP3,0,180,0,210,False
analysis_last/data/merged_results_with_genebe_gene.tsv,clingen_28012026,CPSR,BP4,101,2216,101,2216,True
analysis_last/data/merged_results_with_genebe_gene.tsv,clingen_28012026,CPSR,BP5,0,228,0,228,True
analysis_last/data/merged_results_with_genebe_gene.tsv,clingen_28012026,CPSR,BP6,0,0,0,0,True
analysis_last/data/merged_results_with_genebe_gene.tsv,clingen_28012026,CPSR,BP7,446,1220,446,1222,False
datasets/foxl2/analysis/results/foxl2_merged_results.tsv,foxl2,InterVar_2018,PVS1,0,184,0,184,True
datasets/foxl2/analysis/results/foxl2_merged_results.tsv,foxl2,InterVar_2018,PS1,0,104,0,104,True
datasets/foxl2/analysis/results/foxl2_merged_results.tsv,foxl2,InterVar_2018,PS2,0,83,0,83,True
datasets/foxl2/analysis/results/foxl2_merged_results.tsv,foxl2,InterVar_2018,PS3,0,17,0,17,True
datasets/foxl2/analysis/results/foxl2_merged_results.tsv,foxl2,InterVar_2018,PS4,0,73,0,73,True
datasets/foxl2/analysis/results/foxl2_merged_results.tsv,foxl2,InterVar_2018,PM1,52,72,52,72,True
datasets/foxl2/analysis/results/foxl2_merged_results.tsv,foxl2,InterVar_2018,PM2,98,288,98,288,True
datasets/foxl2/analysis/results/foxl2_merged_results.tsv,foxl2,InterVar_2018,PM3,0,0,0,0,True
datasets/foxl2/analysis/results/foxl2_merged_results.tsv,foxl2,InterVar_2018,PM4,1,21,1,21,True
datasets/foxl2/analysis/results/foxl2_merged_results.tsv,foxl2,InterVar_2018,PM5,0,25,0,25,True
datasets/foxl2/analysis/results/foxl2_merged_results.tsv,foxl2,InterVar_2018,PM6,0,38,0,38,True
datasets/foxl2/analysis/results/foxl2_merged_results.tsv,foxl2,InterVar_2018,PP1,0,61,0,61,True
datasets/foxl2/analysis/results/foxl2_merged_results.tsv,foxl2,InterVar_2018,PP2,0,0,0,0,True
datasets/foxl2/analysis/results/foxl2_merged_results.tsv,foxl2,InterVar_2018,PP3,45,107,45,107,True
datasets/foxl2/analysis/results/foxl2_merged_results.tsv,foxl2,InterVar_2018,PP4,0,287,0,287,True
datasets/foxl2/analysis/results/foxl2_merged_results.tsv,foxl2,InterVar_2018,PP5,0,22,0,22,True
datasets/foxl2/analysis/results/foxl2_merged_results.tsv,foxl2,InterVar_2018,BA1,0,0,0,0,True
datasets/foxl2/analysis/results/foxl2_merged_results.tsv,foxl2,InterVar_2018,BS1,0,0,0,0,True
datasets/foxl2/analysis/results/foxl2_merged_results.tsv,foxl2,InterVar_2018,BS2,0,0,0,0,True
datasets/foxl2/analysis/results/foxl2_merged_results.tsv,foxl2,InterVar_2018,BS3,0,0,0,0,True
datasets/foxl2/analysis/results/foxl2_merged_results.tsv,foxl2,InterVar_2018,BS4,0,0,0,0,True
datasets/foxl2/analysis/results/foxl2_merged_results.tsv,foxl2,InterVar_2018,BP1,0,0,0,0,True
datasets/foxl2/analysis/results/foxl2_merged_results.tsv,foxl2,InterVar_2018,BP2,0,0,0,0,True
datasets/foxl2/analysis/results/foxl2_merged_results.tsv,foxl2,InterVar_2018,BP3,0,0,0,0,True
datasets/foxl2/analysis/results/foxl2_merged_results.tsv,foxl2,InterVar_2018,BP4,1,2,1,2,True
datasets/foxl2/analysis/results/foxl2_merged_results.tsv,foxl2,InterVar_2018,BP5,0,0,0,0,True
datasets/foxl2/analysis/results/foxl2_merged_results.tsv,foxl2,InterVar_2018,BP6,0,0,0,0,True
datasets/foxl2/analysis/results/foxl2_merged_results.tsv,foxl2,InterVar_2018,BP7,0,0,0,0,True
datasets/foxl2/analysis/results/foxl2_merged_results.tsv,foxl2,InterVar_2025,PVS1,46,184,46,184,True
datasets/foxl2/analysis/results/foxl2_merged_results.tsv,foxl2,InterVar_2025,PS1,0,104,0,104,True
datasets/foxl2/analysis/results/foxl2_merged_results.tsv,foxl2,InterVar_2025,PS2,0,83,0,83,True
datasets/foxl2/analysis/results/foxl2_merged_results.tsv,foxl2,InterVar_2025,PS3,0,17,0,17,True
datasets/foxl2/analysis/results/foxl2_merged_results.tsv,foxl2,InterVar_2025,PS4,0,73,0,73,True
datasets/foxl2/analysis/results/foxl2_merged_results.tsv,foxl2,InterVar_2025,PM1,70,83,70,83,True
datasets/foxl2/analysis/results/foxl2_merged_results.tsv,foxl2,InterVar_2025,PM2,0,288,0,288,True
datasets/foxl2/analysis/results/foxl2_merged_results.tsv,foxl2,InterVar_2025,PM3,0,0,0,0,True
datasets/foxl2/analysis/results/foxl2_merged_results.tsv,foxl2,InterVar_2025,PM4,1,21,1,21,True
datasets/foxl2/analysis/results/foxl2_merged_results.tsv,foxl2,InterVar_2025,PM5,4,28,4,28,True
datasets/foxl2/analysis/results/foxl2_merged_results.tsv,foxl2,InterVar_2025,PM6,0,38,0,38,True
datasets/foxl2/analysis/results/foxl2_merged_results.tsv,foxl2,InterVar_2025,PP1,0,61,0,61,True
datasets/foxl2/analysis/results/foxl2_merged_results.tsv,foxl2,InterVar_2025,PP2,0,0,0,0,True
datasets/foxl2/analysis/results/foxl2_merged_results.tsv,foxl2,InterVar_2025,PP3,60,122,60,122,True
datasets/foxl2/analysis/results/foxl2_merged_results.tsv,foxl2,InterVar_2025,PP4,0,287,0,287,True
datasets/foxl2/analysis/results/foxl2_merged_results.tsv,foxl2,InterVar_2025,PP5,0,53,0,53,True
datasets/foxl2/analysis/results/foxl2_merged_results.tsv,foxl2,InterVar_2025,BA1,0,0,0,0,True
datasets/foxl2/analysis/results/foxl2_merged_results.tsv,foxl2,InterVar_2025,BS1,0,130,0,130,True
datasets/foxl2/analysis/results/foxl2_merged_results.tsv,foxl2,InterVar_2025,BS2,0,0,0,0,True
datasets/foxl2/analysis/results/foxl2_merged_results.tsv,foxl2,InterVar_2025,BS3,0,0,0,0,True
datasets/foxl2/analysis/results/foxl2_merged_results.tsv,foxl2,InterVar_2025,BS4,0,0,0,0,True
datasets/foxl2/analysis/results/foxl2_merged_results.tsv,foxl2,InterVar_2025,BP1,0,0,0,0,True
datasets/foxl2/analysis/results/foxl2_merged_results.tsv,foxl2,InterVar_2025,BP2,0,0,0,0,True
datasets/foxl2/analysis/results/foxl2_merged_results.tsv,foxl2,InterVar_2025,BP3,0,0,0,0,True
datasets/foxl2/analysis/results/foxl2_merged_results.tsv,foxl2,InterVar_2025,BP4,1,2,1,2,True
datasets/foxl2/analysis/results/foxl2_merged_results.tsv,foxl2,InterVar_2025,BP5,0,0,0,0,True
datasets/foxl2/analysis/results/foxl2_merged_results.tsv,foxl2,InterVar_2025,BP6,0,0,0,0,True
datasets/foxl2/analysis/results/foxl2_merged_results.tsv,foxl2,InterVar_2025,BP7,0,0,0,0,True
datasets/foxl2/analysis/results/foxl2_merged_results.tsv,foxl2,BIAS,PVS1,184,187,184,187,True
datasets/foxl2/analysis/results/foxl2_merged_results.tsv,foxl2,BIAS,PS1,14,131,14,131,True
datasets/foxl2/analysis/results/foxl2_merged_results.tsv,foxl2,BIAS,PS2,0,83,0,83,True
datasets/foxl2/analysis/results/foxl2_merged_results.tsv,foxl2,BIAS,PS3,9,43,9,43,True
datasets/foxl2/analysis/results/foxl2_merged_results.tsv,foxl2,BIAS,PS4,0,73,0,73,True
datasets/foxl2/analysis/results/foxl2_merged_results.tsv,foxl2,BIAS,PM1,0,70,0,70,True
datasets/foxl2/analysis/results/foxl2_merged_results.tsv,foxl2,BIAS,PM2,288,288,288,288,True
datasets/foxl2/analysis/results/foxl2_merged_results.tsv,foxl2,BIAS,PM3,0,0,0,0,True
datasets/foxl2/analysis/results/foxl2_merged_results.tsv,foxl2,BIAS,PM4,10,21,10,21,True
datasets/foxl2/analysis/results/foxl2_merged_results.tsv,foxl2,BIAS,PM5,5,31,5,31,True
datasets/foxl2/analysis/results/foxl2_merged_results.tsv,foxl2,BIAS,PM6,0,38,0,38,True
datasets/foxl2/analysis/results/foxl2_merged_results.tsv,foxl2,BIAS,PP1,0,61,0,61,True
datasets/foxl2/analysis/results/foxl2_merged_results.tsv,foxl2,BIAS,PP2,0,0,0,0,True
datasets/foxl2/analysis/results/foxl2_merged_results.tsv,foxl2,BIAS,PP3,62,76,62,76,True
datasets/foxl2/analysis/results/foxl2_merged_results.tsv,foxl2,BIAS,PP4,0,287,0,287,True
datasets/foxl2/analysis/results/foxl2_merged_results.tsv,foxl2,BIAS,PP5,0,31,0,31,True
datasets/foxl2/analysis/results/foxl2_merged_results.tsv,foxl2,BIAS,BA1,0,0,0,0,True
datasets/foxl2/analysis/results/foxl2_merged_results.tsv,foxl2,BIAS,BS1,0,0,0,0,True
datasets/foxl2/analysis/results/foxl2_merged_results.tsv,foxl2,BIAS,BS2,0,0,0,0,True
datasets/foxl2/analysis/results/foxl2_merged_results.tsv,foxl2,BIAS,BS3,0,0,0,0,True
datasets/foxl2/analysis/results/foxl2_merged_results.tsv,foxl2,BIAS,BS4,0,0,0,0,True
datasets/foxl2/analysis/results/foxl2_merged_results.tsv,foxl2,BIAS,BP1,0,0,0,0,True
datasets/foxl2/analysis/results/foxl2_merged_results.tsv,foxl2,BIAS,BP2,0,0,0,0,True
datasets/foxl2/analysis/results/foxl2_merged_results.tsv,foxl2,BIAS,BP3,0,5,0,5,True
datasets/foxl2/analysis/results/foxl2_merged_results.tsv,foxl2,BIAS,BP4,2,36,2,36,True
datasets/foxl2/analysis/results/foxl2_merged_results.tsv,foxl2,BIAS,BP5,0,0,0,0,True
datasets/foxl2/analysis/results/foxl2_merged_results.tsv,foxl2,BIAS,BP6,0,0,0,0,True
datasets/foxl2/analysis/results/foxl2_merged_results.tsv,foxl2,BIAS,BP7,0,0,0,0,True
datasets/foxl2/analysis/results/foxl2_merged_results.tsv,foxl2,CharGer_Local,PVS1,0,184,0,184,True
datasets/foxl2/analysis/results/foxl2_merged_results.tsv,foxl2,CharGer_Local,PS1,0,102,0,102,True
datasets/foxl2/analysis/results/foxl2_merged_results.tsv,foxl2,CharGer_Local,PS2,0,83,0,83,True
datasets/foxl2/analysis/results/foxl2_merged_results.tsv,foxl2,CharGer_Local,PS3,0,17,0,17,True
datasets/foxl2/analysis/results/foxl2_merged_results.tsv,foxl2,CharGer_Local,PS4,0,73,0,73,True
datasets/foxl2/analysis/results/foxl2_merged_results.tsv,foxl2,CharGer_Local,PM1,0,70,0,70,True
datasets/foxl2/analysis/results/foxl2_merged_results.tsv,foxl2,CharGer_Local,PM2,0,288,0,288,True
datasets/foxl2/analysis/results/foxl2_merged_results.tsv,foxl2,CharGer_Local,PM3,0,0,0,0,True
datasets/foxl2/analysis/results/foxl2_merged_results.tsv,foxl2,CharGer_Local,PM4,0,21,0,21,True
datasets/foxl2/analysis/results/foxl2_merged_results.tsv,foxl2,CharGer_Local,PM5,0,24,0,24,True
datasets/foxl2/analysis/results/foxl2_merged_results.tsv,foxl2,CharGer_Local,PM6,0,38,0,38,True
datasets/foxl2/analysis/results/foxl2_merged_results.tsv,foxl2,CharGer_Local,PP1,0,61,0,61,True
datasets/foxl2/analysis/results/foxl2_merged_results.tsv,foxl2,CharGer_Local,PP2,0,0,0,0,True
datasets/foxl2/analysis/results/foxl2_merged_results.tsv,foxl2,CharGer_Local,PP3,3,64,3,64,True
datasets/foxl2/analysis/results/foxl2_merged_results.tsv,foxl2,CharGer_Local,PP4,0,287,0,287,True
datasets/foxl2/analysis/results/foxl2_merged_results.tsv,foxl2,CharGer_Local,PP5,0,5,0,5,True
datasets/foxl2/analysis/results/foxl2_merged_results.tsv,foxl2,CharGer_Local,BA1,0,130,0,130,True
datasets/foxl2/analysis/results/foxl2_merged_results.tsv,foxl2,CharGer_Local,BS1,0,0,0,0,True
datasets/foxl2/analysis/results/foxl2_merged_results.tsv,foxl2,CharGer_Local,BS2,0,0,0,0,True
datasets/foxl2/analysis/results/foxl2_merged_results.tsv,foxl2,CharGer_Local,BS3,0,0,0,0,True
datasets/foxl2/analysis/results/foxl2_merged_results.tsv,foxl2,CharGer_Local,BS4,0,0,0,0,True
datasets/foxl2/analysis/results/foxl2_merged_results.tsv,foxl2,CharGer_Local,BP1,0,0,0,0,True
datasets/foxl2/analysis/results/foxl2_merged_results.tsv,foxl2,CharGer_Local,BP2,0,0,0,0,True
datasets/foxl2/analysis/results/foxl2_merged_results.tsv,foxl2,CharGer_Local,BP3,0,0,0,0,True
datasets/foxl2/analysis/results/foxl2_merged_results.tsv,foxl2,CharGer_Local,BP4,1,2,1,2,True
datasets/foxl2/analysis/results/foxl2_merged_results.tsv,foxl2,CharGer_Local,BP5,0,0,0,0,True
datasets/foxl2/analysis/results/foxl2_merged_results.tsv,foxl2,CharGer_Local,BP6,0,0,0,0,True
datasets/foxl2/analysis/results/foxl2_merged_results.tsv,foxl2,CharGer_Local,BP7,0,0,0,0,True
datasets/foxl2/analysis/results/foxl2_merged_results.tsv,foxl2,CharGer_Online,PVS1,0,184,0,184,True
datasets/foxl2/analysis/results/foxl2_merged_results.tsv,foxl2,CharGer_Online,PS1,9,109,9,109,True
datasets/foxl2/analysis/results/foxl2_merged_results.tsv,foxl2,CharGer_Online,PS2,0,83,0,83,True
datasets/foxl2/analysis/results/foxl2_merged_results.tsv,foxl2,CharGer_Online,PS3,0,17,0,17,True
datasets/foxl2/analysis/results/foxl2_merged_results.tsv,foxl2,CharGer_Online,PS4,0,73,0,73,True
datasets/foxl2/analysis/results/foxl2_merged_results.tsv,foxl2,CharGer_Online,PM1,0,70,0,70,True
datasets/foxl2/analysis/results/foxl2_merged_results.tsv,foxl2,CharGer_Online,PM2,0,288,0,288,True
datasets/foxl2/analysis/results/foxl2_merged_results.tsv,foxl2,CharGer_Online,PM3,0,0,0,0,True
datasets/foxl2/analysis/results/foxl2_merged_results.tsv,foxl2,CharGer_Online,PM4,0,21,0,21,True
datasets/foxl2/analysis/results/foxl2_merged_results.tsv,foxl2,CharGer_Online,PM5,0,24,0,24,True
datasets/foxl2/analysis/results/foxl2_merged_results.tsv,foxl2,CharGer_Online,PM6,0,38,0,38,True
datasets/foxl2/analysis/results/foxl2_merged_results.tsv,foxl2,CharGer_Online,PP1,0,61,0,61,True
datasets/foxl2/analysis/results/foxl2_merged_results.tsv,foxl2,CharGer_Online,PP2,0,0,0,0,True
datasets/foxl2/analysis/results/foxl2_merged_results.tsv,foxl2,CharGer_Online,PP3,0,62,0,62,True
datasets/foxl2/analysis/results/foxl2_merged_results.tsv,foxl2,CharGer_Online,PP4,0,287,0,287,True
datasets/foxl2/analysis/results/foxl2_merged_results.tsv,foxl2,CharGer_Online,PP5,0,5,0,5,True
datasets/foxl2/analysis/results/foxl2_merged_results.tsv,foxl2,CharGer_Online,BA1,0,130,0,130,True
datasets/foxl2/analysis/results/foxl2_merged_results.tsv,foxl2,CharGer_Online,BS1,0,0,0,0,True
datasets/foxl2/analysis/results/foxl2_merged_results.tsv,foxl2,CharGer_Online,BS2,0,0,0,0,True
datasets/foxl2/analysis/results/foxl2_merged_results.tsv,foxl2,CharGer_Online,BS3,0,0,0,0,True
datasets/foxl2/analysis/results/foxl2_merged_results.tsv,foxl2,CharGer_Online,BS4,0,0,0,0,True
datasets/foxl2/analysis/results/foxl2_merged_results.tsv,foxl2,CharGer_Online,BP1,0,0,0,0,True
datasets/foxl2/analysis/results/foxl2_merged_results.tsv,foxl2,CharGer_Online,BP2,0,0,0,0,True
datasets/foxl2/analysis/results/foxl2_merged_results.tsv,foxl2,CharGer_Online,BP3,0,0,0,0,True
datasets/foxl2/analysis/results/foxl2_merged_results.tsv,foxl2,CharGer_Online,BP4,0,2,0,2,True
datasets/foxl2/analysis/results/foxl2_merged_results.tsv,foxl2,CharGer_Online,BP5,0,0,0,0,True
datasets/foxl2/analysis/results/foxl2_merged_results.tsv,foxl2,CharGer_Online,BP6,0,0,0,0,True
datasets/foxl2/analysis/results/foxl2_merged_results.tsv,foxl2,CharGer_Online,BP7,0,0,0,0,True
datasets/foxl2/analysis/results/foxl2_merged_results.tsv,foxl2,DiabloACMG,PVS1,53,184,53,184,True
datasets/foxl2/analysis/results/foxl2_merged_results.tsv,foxl2,DiabloACMG,PS1,0,126,0,126,True
datasets/foxl2/analysis/results/foxl2_merged_results.tsv,foxl2,DiabloACMG,PS2,0,83,0,83,True
datasets/foxl2/analysis/results/foxl2_merged_results.tsv,foxl2,DiabloACMG,PS3,3,21,3,21,True
datasets/foxl2/analysis/results/foxl2_merged_results.tsv,foxl2,DiabloACMG,PS4,0,73,0,73,True
datasets/foxl2/analysis/results/foxl2_merged_results.tsv,foxl2,DiabloACMG,PM1,0,70,0,70,True
datasets/foxl2/analysis/results/foxl2_merged_results.tsv,foxl2,DiabloACMG,PM2,139,288,139,288,True
datasets/foxl2/analysis/results/foxl2_merged_results.tsv,foxl2,DiabloACMG,PM3,0,0,0,0,True
datasets/foxl2/analysis/results/foxl2_merged_results.tsv,foxl2,DiabloACMG,PM4,3,21,3,21,True
datasets/foxl2/analysis/results/foxl2_merged_results.tsv,foxl2,DiabloACMG,PM5,5,28,5,28,True
datasets/foxl2/analysis/results/foxl2_merged_results.tsv,foxl2,DiabloACMG,PM6,0,38,0,38,True
datasets/foxl2/analysis/results/foxl2_merged_results.tsv,foxl2,DiabloACMG,PP1,0,61,0,61,True
datasets/foxl2/analysis/results/foxl2_merged_results.tsv,foxl2,DiabloACMG,PP2,0,0,0,0,True
datasets/foxl2/analysis/results/foxl2_merged_results.tsv,foxl2,DiabloACMG,PP3,62,120,62,120,True
datasets/foxl2/analysis/results/foxl2_merged_results.tsv,foxl2,DiabloACMG,PP4,0,287,0,287,True
datasets/foxl2/analysis/results/foxl2_merged_results.tsv,foxl2,DiabloACMG,PP5,0,56,0,56,True
datasets/foxl2/analysis/results/foxl2_merged_results.tsv,foxl2,DiabloACMG,BA1,0,0,0,0,True
datasets/foxl2/analysis/results/foxl2_merged_results.tsv,foxl2,DiabloACMG,BS1,0,0,0,0,True
datasets/foxl2/analysis/results/foxl2_merged_results.tsv,foxl2,DiabloACMG,BS2,0,0,0,0,True
datasets/foxl2/analysis/results/foxl2_merged_results.tsv,foxl2,DiabloACMG,BS3,0,0,0,0,True
datasets/foxl2/analysis/results/foxl2_merged_results.tsv,foxl2,DiabloACMG,BS4,0,0,0,0,True
datasets/foxl2/analysis/results/foxl2_merged_results.tsv,foxl2,DiabloACMG,BP1,0,0,0,0,True
datasets/foxl2/analysis/results/foxl2_merged_results.tsv,foxl2,DiabloACMG,BP2,0,0,0,0,True
datasets/foxl2/analysis/results/foxl2_merged_results.tsv,foxl2,DiabloACMG,BP3,0,1,0,1,True
datasets/foxl2/analysis/results/foxl2_merged_results.tsv,foxl2,DiabloACMG,BP4,1,3,1,3,True
datasets/foxl2/analysis/results/foxl2_merged_results.tsv,foxl2,DiabloACMG,BP5,0,0,0,0,True
datasets/foxl2/analysis/results/foxl2_merged_results.tsv,foxl2,DiabloACMG,BP6,0,0,0,0,True
datasets/foxl2/analysis/results/foxl2_merged_results.tsv,foxl2,DiabloACMG,BP7,0,0,0,0,True
datasets/foxl2/analysis/results/foxl2_merged_results.tsv,foxl2,Exomiser,PVS1,0,184,0,184,True
datasets/foxl2/analysis/results/foxl2_merged_results.tsv,foxl2,Exomiser,PS1,0,102,0,102,True
datasets/foxl2/analysis/results/foxl2_merged_results.tsv,foxl2,Exomiser,PS2,0,83,0,83,True
datasets/foxl2/analysis/results/foxl2_merged_results.tsv,foxl2,Exomiser,PS3,0,17,0,17,True
datasets/foxl2/analysis/results/foxl2_merged_results.tsv,foxl2,Exomiser,PS4,0,73,0,73,True
datasets/foxl2/analysis/results/foxl2_merged_results.tsv,foxl2,Exomiser,PM1,0,70,0,70,True
datasets/foxl2/analysis/results/foxl2_merged_results.tsv,foxl2,Exomiser,PM2,1,288,1,288,True
datasets/foxl2/analysis/results/foxl2_merged_results.tsv,foxl2,Exomiser,PM3,0,0,0,0,True
datasets/foxl2/analysis/results/foxl2_merged_results.tsv,foxl2,Exomiser,PM4,0,21,0,21,True
datasets/foxl2/analysis/results/foxl2_merged_results.tsv,foxl2,Exomiser,PM5,0,24,0,24,True
datasets/foxl2/analysis/results/foxl2_merged_results.tsv,foxl2,Exomiser,PM6,0,38,0,38,True
datasets/foxl2/analysis/results/foxl2_merged_results.tsv,foxl2,Exomiser,PP1,0,61,0,61,True
datasets/foxl2/analysis/results/foxl2_merged_results.tsv,foxl2,Exomiser,PP2,0,0,0,0,True
datasets/foxl2/analysis/results/foxl2_merged_results.tsv,foxl2,Exomiser,PP3,0,62,0,62,True
datasets/foxl2/analysis/results/foxl2_merged_results.tsv,foxl2,Exomiser,PP4,1,287,1,287,True
datasets/foxl2/analysis/results/foxl2_merged_results.tsv,foxl2,Exomiser,PP5,0,5,0,5,True
datasets/foxl2/analysis/results/foxl2_merged_results.tsv,foxl2,Exomiser,BA1,0,0,0,0,True
datasets/foxl2/analysis/results/foxl2_merged_results.tsv,foxl2,Exomiser,BS1,0,0,0,0,True
datasets/foxl2/analysis/results/foxl2_merged_results.tsv,foxl2,Exomiser,BS2,0,0,0,0,True
datasets/foxl2/analysis/results/foxl2_merged_results.tsv,foxl2,Exomiser,BS3,0,0,0,0,True
datasets/foxl2/analysis/results/foxl2_merged_results.tsv,foxl2,Exomiser,BS4,0,0,0,0,True
datasets/foxl2/analysis/results/foxl2_merged_results.tsv,foxl2,Exomiser,BP1,0,0,0,0,True
datasets/foxl2/analysis/results/foxl2_merged_results.tsv,foxl2,Exomiser,BP2,0,0,0,0,True
datasets/foxl2/analysis/results/foxl2_merged_results.tsv,foxl2,Exomiser,BP3,0,0,0,0,True
datasets/foxl2/analysis/results/foxl2_merged_results.tsv,foxl2,Exomiser,BP4,0,2,0,2,True
datasets/foxl2/analysis/results/foxl2_merged_results.tsv,foxl2,Exomiser,BP5,0,0,0,0,True
datasets/foxl2/analysis/results/foxl2_merged_results.tsv,foxl2,Exomiser,BP6,0,0,0,0,True
datasets/foxl2/analysis/results/foxl2_merged_results.tsv,foxl2,Exomiser,BP7,0,0,0,0,True
datasets/foxl2/analysis/results/foxl2_merged_results.tsv,foxl2,Genebe,PVS1,184,184,184,184,True
datasets/foxl2/analysis/results/foxl2_merged_results.tsv,foxl2,Genebe,PS1,0,104,0,104,True
datasets/foxl2/analysis/results/foxl2_merged_results.tsv,foxl2,Genebe,PS2,0,83,0,83,True
datasets/foxl2/analysis/results/foxl2_merged_results.tsv,foxl2,Genebe,PS3,3,25,3,25,True
datasets/foxl2/analysis/results/foxl2_merged_results.tsv,foxl2,Genebe,PS4,0,73,0,73,True
datasets/foxl2/analysis/results/foxl2_merged_results.tsv,foxl2,Genebe,PM1,70,83,70,83,True
datasets/foxl2/analysis/results/foxl2_merged_results.tsv,foxl2,Genebe,PM2,236,288,236,288,True
datasets/foxl2/analysis/results/foxl2_merged_results.tsv,foxl2,Genebe,PM3,0,0,0,0,True
datasets/foxl2/analysis/results/foxl2_merged_results.tsv,foxl2,Genebe,PM4,16,21,16,21,True
datasets/foxl2/analysis/results/foxl2_merged_results.tsv,foxl2,Genebe,PM5,12,37,12,37,True
datasets/foxl2/analysis/results/foxl2_merged_results.tsv,foxl2,Genebe,PM6,0,38,0,38,True
datasets/foxl2/analysis/results/foxl2_merged_results.tsv,foxl2,Genebe,PP1,0,61,0,61,True
datasets/foxl2/analysis/results/foxl2_merged_results.tsv,foxl2,Genebe,PP2,0,90,0,90,True
datasets/foxl2/analysis/results/foxl2_merged_results.tsv,foxl2,Genebe,PP3,62,81,62,81,True
datasets/foxl2/analysis/results/foxl2_merged_results.tsv,foxl2,Genebe,PP4,0,287,0,287,True
datasets/foxl2/analysis/results/foxl2_merged_results.tsv,foxl2,Genebe,PP5,5,121,5,121,True
datasets/foxl2/analysis/results/foxl2_merged_results.tsv,foxl2,Genebe,BA1,0,0,0,0,True
datasets/foxl2/analysis/results/foxl2_merged_results.tsv,foxl2,Genebe,BS1,0,0,0,0,True
datasets/foxl2/analysis/results/foxl2_merged_results.tsv,foxl2,Genebe,BS2,0,0,0,0,True
datasets/foxl2/analysis/results/foxl2_merged_results.tsv,foxl2,Genebe,BS3,0,0,0,0,True
datasets/foxl2/analysis/results/foxl2_merged_results.tsv,foxl2,Genebe,BS4,0,0,0,0,True
datasets/foxl2/analysis/results/foxl2_merged_results.tsv,foxl2,Genebe,BP1,0,0,0,0,True
datasets/foxl2/analysis/results/foxl2_merged_results.tsv,foxl2,Genebe,BP2,0,0,0,0,True
datasets/foxl2/analysis/results/foxl2_merged_results.tsv,foxl2,Genebe,BP3,0,5,0,5,True
datasets/foxl2/analysis/results/foxl2_merged_results.tsv,foxl2,Genebe,BP4,2,2,2,2,True
datasets/foxl2/analysis/results/foxl2_merged_results.tsv,foxl2,Genebe,BP5,0,0,0,0,True
datasets/foxl2/analysis/results/foxl2_merged_results.tsv,foxl2,Genebe,BP6,0,0,0,0,True
datasets/foxl2/analysis/results/foxl2_merged_results.tsv,foxl2,Genebe,BP7,0,2,0,2,True
datasets/foxl2/analysis/results/foxl2_merged_results.tsv,foxl2,TAPES,PVS1,0,184,0,184,True
datasets/foxl2/analysis/results/foxl2_merged_results.tsv,foxl2,TAPES,PS1,0,102,0,102,True
datasets/foxl2/analysis/results/foxl2_merged_results.tsv,foxl2,TAPES,PS2,0,83,0,83,True
datasets/foxl2/analysis/results/foxl2_merged_results.tsv,foxl2,TAPES,PS3,0,17,0,17,True
datasets/foxl2/analysis/results/foxl2_merged_results.tsv,foxl2,TAPES,PS4,0,73,0,73,True
datasets/foxl2/analysis/results/foxl2_merged_results.tsv,foxl2,TAPES,PM1,70,73,70,73,True
datasets/foxl2/analysis/results/foxl2_merged_results.tsv,foxl2,TAPES,PM2,288,288,288,288,True
datasets/foxl2/analysis/results/foxl2_merged_results.tsv,foxl2,TAPES,PM3,0,0,0,0,True
datasets/foxl2/analysis/results/foxl2_merged_results.tsv,foxl2,TAPES,PM4,12,21,12,21,True
datasets/foxl2/analysis/results/foxl2_merged_results.tsv,foxl2,TAPES,PM5,0,24,0,24,True
datasets/foxl2/analysis/results/foxl2_merged_results.tsv,foxl2,TAPES,PM6,0,38,0,38,True
datasets/foxl2/analysis/results/foxl2_merged_results.tsv,foxl2,TAPES,PP1,0,61,0,61,True
datasets/foxl2/analysis/results/foxl2_merged_results.tsv,foxl2,TAPES,PP2,0,0,0,0,True
datasets/foxl2/analysis/results/foxl2_merged_results.tsv,foxl2,TAPES,PP3,62,120,62,120,True
datasets/foxl2/analysis/results/foxl2_merged_results.tsv,foxl2,TAPES,PP4,0,287,0,287,True
datasets/foxl2/analysis/results/foxl2_merged_results.tsv,foxl2,TAPES,PP5,5,63,5,63,True
datasets/foxl2/analysis/results/foxl2_merged_results.tsv,foxl2,TAPES,BA1,0,0,0,0,True
datasets/foxl2/analysis/results/foxl2_merged_results.tsv,foxl2,TAPES,BS1,0,0,0,0,True
datasets/foxl2/analysis/results/foxl2_merged_results.tsv,foxl2,TAPES,BS2,0,0,0,0,True
datasets/foxl2/analysis/results/foxl2_merged_results.tsv,foxl2,TAPES,BS3,0,0,0,0,True
datasets/foxl2/analysis/results/foxl2_merged_results.tsv,foxl2,TAPES,BS4,0,0,0,0,True
datasets/foxl2/analysis/results/foxl2_merged_results.tsv,foxl2,TAPES,BP1,0,0,0,0,True
datasets/foxl2/analysis/results/foxl2_merged_results.tsv,foxl2,TAPES,BP2,0,0,0,0,True
datasets/foxl2/analysis/results/foxl2_merged_results.tsv,foxl2,TAPES,BP3,0,8,0,8,True
datasets/foxl2/analysis/results/foxl2_merged_results.tsv,foxl2,TAPES,BP4,1,2,1,2,True
datasets/foxl2/analysis/results/foxl2_merged_results.tsv,foxl2,TAPES,BP5,0,0,0,0,True
datasets/foxl2/analysis/results/foxl2_merged_results.tsv,foxl2,TAPES,BP6,0,0,0,0,True
datasets/foxl2/analysis/results/foxl2_merged_results.tsv,foxl2,TAPES,BP7,0,0,0,0,True
datasets/foxl2/analysis/results/foxl2_merged_results.tsv,foxl2,Franklin,PVS1,184,184,184,184,True
datasets/foxl2/analysis/results/foxl2_merged_results.tsv,foxl2,Franklin,PS1,0,108,0,108,True
datasets/foxl2/analysis/results/foxl2_merged_results.tsv,foxl2,Franklin,PS2,8,99,8,99,True
datasets/foxl2/analysis/results/foxl2_merged_results.tsv,foxl2,Franklin,PS3,1,20,1,20,True
datasets/foxl2/analysis/results/foxl2_merged_results.tsv,foxl2,Franklin,PS4,24,132,24,132,True
datasets/foxl2/analysis/results/foxl2_merged_results.tsv,foxl2,Franklin,PM1,69,90,69,90,True
datasets/foxl2/analysis/results/foxl2_merged_results.tsv,foxl2,Franklin,PM2,288,288,288,288,True
datasets/foxl2/analysis/results/foxl2_merged_results.tsv,foxl2,Franklin,PM3,0,0,0,0,True
datasets/foxl2/analysis/results/foxl2_merged_results.tsv,foxl2,Franklin,PM4,16,21,16,21,True
datasets/foxl2/analysis/results/foxl2_merged_results.tsv,foxl2,Franklin,PM5,17,42,17,42,True
datasets/foxl2/analysis/results/foxl2_merged_results.tsv,foxl2,Franklin,PM6,0,38,0,38,True
datasets/foxl2/analysis/results/foxl2_merged_results.tsv,foxl2,Franklin,PP1,5,62,5,62,True
datasets/foxl2/analysis/results/foxl2_merged_results.tsv,foxl2,Franklin,PP2,0,83,0,83,True
datasets/foxl2/analysis/results/foxl2_merged_results.tsv,foxl2,Franklin,PP3,62,76,62,76,True
datasets/foxl2/analysis/results/foxl2_merged_results.tsv,foxl2,Franklin,PP4,0,287,0,287,True
datasets/foxl2/analysis/results/foxl2_merged_results.tsv,foxl2,Franklin,PP5,5,131,5,131,True
datasets/foxl2/analysis/results/foxl2_merged_results.tsv,foxl2,Franklin,BA1,0,0,0,0,True
datasets/foxl2/analysis/results/foxl2_merged_results.tsv,foxl2,Franklin,BS1,0,0,0,0,True
datasets/foxl2/analysis/results/foxl2_merged_results.tsv,foxl2,Franklin,BS2,0,0,0,0,True
datasets/foxl2/analysis/results/foxl2_merged_results.tsv,foxl2,Franklin,BS3,0,0,0,0,True
datasets/foxl2/analysis/results/foxl2_merged_results.tsv,foxl2,Franklin,BS4,0,0,0,0,True
datasets/foxl2/analysis/results/foxl2_merged_results.tsv,foxl2,Franklin,BP1,0,0,0,0,True
datasets/foxl2/analysis/results/foxl2_merged_results.tsv,foxl2,Franklin,BP2,0,0,0,0,True
datasets/foxl2/analysis/results/foxl2_merged_results.tsv,foxl2,Franklin,BP3,0,5,0,5,True
datasets/foxl2/analysis/results/foxl2_merged_results.tsv,foxl2,Franklin,BP4,0,2,0,2,True
datasets/foxl2/analysis/results/foxl2_merged_results.tsv,foxl2,Franklin,BP5,0,0,0,0,True
datasets/foxl2/analysis/results/foxl2_merged_results.tsv,foxl2,Franklin,BP6,0,0,0,0,True
datasets/foxl2/analysis/results/foxl2_merged_results.tsv,foxl2,Franklin,BP7,0,0,0,0,True
datasets/foxl2/analysis/results/foxl2_merged_results.tsv,foxl2,AutoGVP,PVS1,46,184,46,184,True
datasets/foxl2/analysis/results/foxl2_merged_results.tsv,foxl2,AutoGVP,PS1,0,104,0,104,True
datasets/foxl2/analysis/results/foxl2_merged_results.tsv,foxl2,AutoGVP,PS2,0,83,0,83,True
datasets/foxl2/analysis/results/foxl2_merged_results.tsv,foxl2,AutoGVP,PS3,0,17,0,17,True
datasets/foxl2/analysis/results/foxl2_merged_results.tsv,foxl2,AutoGVP,PS4,0,73,0,73,True
datasets/foxl2/analysis/results/foxl2_merged_results.tsv,foxl2,AutoGVP,PM1,70,83,70,83,True
datasets/foxl2/analysis/results/foxl2_merged_results.tsv,foxl2,AutoGVP,PM2,130,288,130,288,True
datasets/foxl2/analysis/results/foxl2_merged_results.tsv,foxl2,AutoGVP,PM3,0,0,0,0,True
datasets/foxl2/analysis/results/foxl2_merged_results.tsv,foxl2,AutoGVP,PM4,1,21,1,21,True
datasets/foxl2/analysis/results/foxl2_merged_results.tsv,foxl2,AutoGVP,PM5,4,28,4,28,True
datasets/foxl2/analysis/results/foxl2_merged_results.tsv,foxl2,AutoGVP,PM6,0,38,0,38,True
datasets/foxl2/analysis/results/foxl2_merged_results.tsv,foxl2,AutoGVP,PP1,0,61,0,61,True
datasets/foxl2/analysis/results/foxl2_merged_results.tsv,foxl2,AutoGVP,PP2,0,0,0,0,True
datasets/foxl2/analysis/results/foxl2_merged_results.tsv,foxl2,AutoGVP,PP3,60,122,60,122,True
datasets/foxl2/analysis/results/foxl2_merged_results.tsv,foxl2,AutoGVP,PP4,0,287,0,287,True
datasets/foxl2/analysis/results/foxl2_merged_results.tsv,foxl2,AutoGVP,PP5,0,43,0,43,True
datasets/foxl2/analysis/results/foxl2_merged_results.tsv,foxl2,AutoGVP,BA1,0,0,0,0,True
datasets/foxl2/analysis/results/foxl2_merged_results.tsv,foxl2,AutoGVP,BS1,0,0,0,0,True
datasets/foxl2/analysis/results/foxl2_merged_results.tsv,foxl2,AutoGVP,BS2,0,0,0,0,True
datasets/foxl2/analysis/results/foxl2_merged_results.tsv,foxl2,AutoGVP,BS3,0,0,0,0,True
datasets/foxl2/analysis/results/foxl2_merged_results.tsv,foxl2,AutoGVP,BS4,0,0,0,0,True
datasets/foxl2/analysis/results/foxl2_merged_results.tsv,foxl2,AutoGVP,BP1,0,0,0,0,True
datasets/foxl2/analysis/results/foxl2_merged_results.tsv,foxl2,AutoGVP,BP2,0,0,0,0,True
datasets/foxl2/analysis/results/foxl2_merged_results.tsv,foxl2,AutoGVP,BP3,0,0,0,0,True
datasets/foxl2/analysis/results/foxl2_merged_results.tsv,foxl2,AutoGVP,BP4,1,2,1,2,True
datasets/foxl2/analysis/results/foxl2_merged_results.tsv,foxl2,AutoGVP,BP5,0,0,0,0,True
datasets/foxl2/analysis/results/foxl2_merged_results.tsv,foxl2,AutoGVP,BP6,0,0,0,0,True
datasets/foxl2/analysis/results/foxl2_merged_results.tsv,foxl2,AutoGVP,BP7,0,0,0,0,True
datasets/foxl2/analysis/results/foxl2_merged_results.tsv,foxl2,VIP-HL,PVS1,0,184,0,184,True
datasets/foxl2/analysis/results/foxl2_merged_results.tsv,foxl2,VIP-HL,PS1,0,104,0,104,True
datasets/foxl2/analysis/results/foxl2_merged_results.tsv,foxl2,VIP-HL,PS2,0,83,0,83,True
datasets/foxl2/analysis/results/foxl2_merged_results.tsv,foxl2,VIP-HL,PS3,0,17,0,17,True
datasets/foxl2/analysis/results/foxl2_merged_results.tsv,foxl2,VIP-HL,PS4,0,73,0,73,True
datasets/foxl2/analysis/results/foxl2_merged_results.tsv,foxl2,VIP-HL,PM1,0,70,0,70,True
datasets/foxl2/analysis/results/foxl2_merged_results.tsv,foxl2,VIP-HL,PM2,280,288,280,288,True
datasets/foxl2/analysis/results/foxl2_merged_results.tsv,foxl2,VIP-HL,PM3,0,0,0,0,True
datasets/foxl2/analysis/results/foxl2_merged_results.tsv,foxl2,VIP-HL,PM4,11,21,11,21,True
datasets/foxl2/analysis/results/foxl2_merged_results.tsv,foxl2,VIP-HL,PM5,9,32,9,32,True
datasets/foxl2/analysis/results/foxl2_merged_results.tsv,foxl2,VIP-HL,PM6,0,38,0,38,True
datasets/foxl2/analysis/results/foxl2_merged_results.tsv,foxl2,VIP-HL,PP1,0,61,0,61,True
datasets/foxl2/analysis/results/foxl2_merged_results.tsv,foxl2,VIP-HL,PP2,0,0,0,0,True
datasets/foxl2/analysis/results/foxl2_merged_results.tsv,foxl2,VIP-HL,PP3,59,73,59,73,True
datasets/foxl2/analysis/results/foxl2_merged_results.tsv,foxl2,VIP-HL,PP4,0,287,0,287,True
datasets/foxl2/analysis/results/foxl2_merged_results.tsv,foxl2,VIP-HL,PP5,0,5,0,5,True
datasets/foxl2/analysis/results/foxl2_merged_results.tsv,foxl2,VIP-HL,BA1,0,0,0,0,True
datasets/foxl2/analysis/results/foxl2_merged_results.tsv,foxl2,VIP-HL,BS1,0,0,0,0,True
datasets/foxl2/analysis/results/foxl2_merged_results.tsv,foxl2,VIP-HL,BS2,0,0,0,0,True
datasets/foxl2/analysis/results/foxl2_merged_results.tsv,foxl2,VIP-HL,BS3,0,0,0,0,True
datasets/foxl2/analysis/results/foxl2_merged_results.tsv,foxl2,VIP-HL,BS4,0,0,0,0,True
datasets/foxl2/analysis/results/foxl2_merged_results.tsv,foxl2,VIP-HL,BP1,0,0,0,0,True
datasets/foxl2/analysis/results/foxl2_merged_results.tsv,foxl2,VIP-HL,BP2,0,0,0,0,True
datasets/foxl2/analysis/results/foxl2_merged_results.tsv,foxl2,VIP-HL,BP3,0,8,0,8,True
datasets/foxl2/analysis/results/foxl2_merged_results.tsv,foxl2,VIP-HL,BP4,0,2,0,2,True
datasets/foxl2/analysis/results/foxl2_merged_results.tsv,foxl2,VIP-HL,BP5,0,0,0,0,True
datasets/foxl2/analysis/results/foxl2_merged_results.tsv,foxl2,VIP-HL,BP6,0,0,0,0,True
datasets/foxl2/analysis/results/foxl2_merged_results.tsv,foxl2,VIP-HL,BP7,0,0,0,0,True
